StockCode,Description,cum,ten_cum,de_xuat_trung_bay,tong_doanh_thu,so_don_hang,gia_trung_binh
22423,REGENCY CAKESTAND 3 TIER,0,Hàng chủ lực bán chạy,"Kệ đầu dãy / lối đi chính, tầm mắt; luôn đủ tồn kho, không để trống kệ.",330590.32,3918,14.190417721518987
85123A,WHITE HANGING HEART T-LIGHT HOLDER,0,Hàng chủ lực bán chạy,"Kệ đầu dãy / lối đi chính, tầm mắt; luôn đủ tồn kho, không để trống kệ.",261168.73,5464,3.1373600713012477
85099B,JUMBO BAG RED RETROSPOT,0,Hàng chủ lực bán chạy,"Kệ đầu dãy / lối đi chính, tầm mắt; luôn đủ tồn kho, không để trống kệ.",182680.98,4013,2.3460560609786083
47566,PARTY BUNTING,0,Hàng chủ lực bán chạy,"Kệ đầu dãy / lối đi chính, tầm mắt; luôn đủ tồn kho, không để trống kệ.",148318.28,2674,5.718177449168207
84879,ASSORTED COLOUR BIRD ORNAMENT,0,Hàng chủ lực bán chạy,"Kệ đầu dãy / lối đi chính, tầm mắt; luôn đủ tồn kho, không để trống kệ.",129324.49,2807,1.8590344101123595
22086,PAPER CHAIN KIT 50'S CHRISTMAS ,0,Hàng chủ lực bán chạy,"Kệ đầu dãy / lối đi chính, tầm mắt; luôn đủ tồn kho, không để trống kệ.",117760.29000000001,2018,3.3699274661508705
23166,MEDIUM CERAMIC TOP STORAGE JAR,0,Hàng chủ lực bán chạy,"Kệ đầu dãy / lối đi chính, tầm mắt; luôn đủ tồn kho, không để trống kệ.",81700.92000000001,247,1.46848
79321,CHILLI LIGHTS,0,Hàng chủ lực bán chạy,"Kệ đầu dãy / lối đi chính, tầm mắt; luôn đủ tồn kho, không để trống kệ.",80540.88,1135,6.290666082383875
22197,SMALL POPCORN HOLDER,0,Hàng chủ lực bán chạy,"Kệ đầu dãy / lối đi chính, tầm mắt; luôn đủ tồn kho, không để trống kệ.",79520.2,2322,1.0331487743026204
22386,JUMBO BAG PINK POLKADOT,0,Hàng chủ lực bán chạy,"Kệ đầu dãy / lối đi chính, tầm mắt; luôn đủ tồn kho, không để trống kệ.",76324.62,2245,2.4137373292199205
84347,ROTATING SILVER ANGELS T-LIGHT HLDR,0,Hàng chủ lực bán chạy,"Kệ đầu dãy / lối đi chính, tầm mắt; luôn đủ tồn kho, không để trống kệ.",71300.4,756,3.3425352112676054
20725,LUNCH BAG RED RETROSPOT,0,Hàng chủ lực bán chạy,"Kệ đầu dãy / lối đi chính, tầm mắt; luôn đủ tồn kho, không để trống kệ.",71106.29,3056,2.0539255663430422
85099F,JUMBO BAG STRAWBERRY,0,Hàng chủ lực bán chạy,"Kệ đầu dãy / lối đi chính, tầm mắt; luôn đủ tồn kho, không để trống kệ.",69002.13,1855,2.331125333333333
48138,DOORMAT UNION FLAG,0,Hàng chủ lực bán chạy,"Kệ đầu dãy / lối đi chính, tầm mắt; luôn đủ tồn kho, không để trống kệ.",67010.31,1664,8.034214628297361
23084,RABBIT NIGHT LIGHT,0,Hàng chủ lực bán chạy,"Kệ đầu dãy / lối đi chính, tầm mắt; luôn đủ tồn kho, không để trống kệ.",66870.03,994,2.386401179941003
20685,DOORMAT RED RETROSPOT,0,Hàng chủ lực bán chạy,"Kệ đầu dãy / lối đi chính, tầm mắt; luôn đủ tồn kho, không để trống kệ.",66417.47,1725,8.403582175925926
21137,BLACK RECORD COVER FRAME,0,Hàng chủ lực bán chạy,"Kệ đầu dãy / lối đi chính, tầm mắt; luôn đủ tồn kho, không để trống kệ.",65189.29,634,4.146305031446541
21843,RED RETROSPOT CAKE STAND,0,Hàng chủ lực bán chạy,"Kệ đầu dãy / lối đi chính, tầm mắt; luôn đủ tồn kho, không để trống kệ.",64918.299999999996,1527,12.239633747547416
21931,JUMBO STORAGE BAG SUKI,0,Hàng chủ lực bán chạy,"Kệ đầu dãy / lối đi chính, tầm mắt; luôn đủ tồn kho, không để trống kệ.",61537.55,2329,2.533375850340136
22502,PICNIC BASKET WICKER SMALL,0,Hàng chủ lực bán chạy,"Kệ đầu dãy / lối đi chính, tầm mắt; luôn đủ tồn kho, không để trống kệ.",60880.3,924,8.060515574650912
21621,VINTAGE UNION JACK BUNTING,0,Hàng chủ lực bán chạy,"Kệ đầu dãy / lối đi chính, tầm mắt; luôn đủ tồn kho, không để trống kệ.",60286.04,1292,9.307857689364958
15056N,EDWARDIAN PARASOL NATURAL,0,Hàng chủ lực bán chạy,"Kệ đầu dãy / lối đi chính, tầm mắt; luôn đủ tồn kho, không để trống kệ.",60145.85,1149,7.393503460207613
22114,HOT WATER BOTTLE TEA AND SYMPATHY,0,Hàng chủ lực bán chạy,"Kệ đầu dãy / lối đi chính, tầm mắt; luôn đủ tồn kho, không để trống kệ.",59189.14,1583,4.774289292423294
85099C,JUMBO  BAG BAROQUE BLACK WHITE,0,Hàng chủ lực bán chạy,"Kệ đầu dãy / lối đi chính, tầm mắt; luôn đủ tồn kho, không để trống kệ.",59142.78,1878,2.4224566017885323
22910,PAPER CHAIN KIT VINTAGE CHRISTMAS,0,Hàng chủ lực bán chạy,"Kệ đầu dãy / lối đi chính, tầm mắt; luôn đủ tồn kho, không để trống kệ.",58652.700000000004,1427,3.300415224913495
22112,CHOCOLATE HOT WATER BOTTLE,0,Hàng chủ lực bán chạy,"Kệ đầu dãy / lối đi chính, tầm mắt; luôn đủ tồn kho, không để trống kệ.",57981.94,1721,5.849994269340974
22411,JUMBO SHOPPER VINTAGE RED PAISLEY,0,Hàng chủ lực bán chạy,"Kệ đầu dãy / lối đi chính, tầm mắt; luôn đủ tồn kho, không để trống kệ.",57318.71,2192,2.4509913988229965
82484,WOOD BLACK BOARD ANT WHITE FINISH,0,Hàng chủ lực bán chạy,"Kệ đầu dãy / lối đi chính, tầm mắt; luôn đủ tồn kho, không để trống kệ.",56745.729999999996,1176,7.810832625318607
22470,HEART OF WICKER LARGE,0,Hàng chủ lực bán chạy,"Kệ đầu dãy / lối đi chính, tầm mắt; luôn đủ tồn kho, không để trống kệ.",53506.130000000005,1952,3.2125426278836513
22139,RETROSPOT TEA SET CERAMIC 11 PC ,0,Hàng chủ lực bán chạy,"Kệ đầu dãy / lối đi chính, tầm mắt; luôn đủ tồn kho, không để trống kệ.",52843.01,2093,5.579728958630528
20914,SET/5 RED RETROSPOT LID GLASS BOWLS,0,Hàng chủ lực bán chạy,"Kệ đầu dãy / lối đi chính, tầm mắt; luôn đủ tồn kho, không để trống kệ.",52508.560000000005,2030,3.225493707647628
22178,VICTORIAN GLASS HANGING T-LIGHT,0,Hàng chủ lực bán chạy,"Kệ đầu dãy / lối đi chính, tầm mắt; luôn đủ tồn kho, không để trống kệ.",52382.82,1816,1.5693047256925585
21212,PACK OF 72 RETROSPOT CAKE CASES,0,Hàng chủ lực bán chạy,"Kệ đầu dãy / lối đi chính, tầm mắt; luôn đủ tồn kho, không để trống kệ.",51825.15,3118,0.7080572147123546
22090,PAPER BUNTING RETROSPOT,0,Hàng chủ lực bán chạy,"Kệ đầu dãy / lối đi chính, tầm mắt; luôn đủ tồn kho, không để trống kệ.",50431.9,1703,3.674023255813954
21733,RED HANGING HEART T-LIGHT HOLDER,0,Hàng chủ lực bán chạy,"Kệ đầu dãy / lối đi chính, tầm mắt; luôn đủ tồn kho, không để trống kệ.",50346.490000000005,1760,3.09675404350251
21181,PLEASE ONE PERSON METAL SIGN,0,Hàng chủ lực bán chạy,"Kệ đầu dãy / lối đi chính, tầm mắt; luôn đủ tồn kho, không để trống kệ.",50117.14000000001,1810,2.366498905908096
22111,SCOTTIE DOG HOT WATER BOTTLE,0,Hàng chủ lực bán chạy,"Kệ đầu dãy / lối đi chính, tầm mắt; luôn đủ tồn kho, không để trống kệ.",49771.94,1689,5.734759698899826
21929,JUMBO BAG PINK VINTAGE PAISLEY,0,Hàng chủ lực bán chạy,"Kệ đầu dãy / lối đi chính, tầm mắt; luôn đủ tồn kho, không để trống kệ.",49651.99,1619,2.5029736358062538
22189,CREAM HEART CARD HOLDER,0,Hàng chủ lực bán chạy,"Kệ đầu dãy / lối đi chính, tầm mắt; luôn đủ tồn kho, không để trống kệ.",49300.94,1299,4.4335582822085895
21232,STRAWBERRY CERAMIC TRINKET BOX,0,Hàng chủ lực bán chạy,"Kệ đầu dãy / lối đi chính, tầm mắt; luôn đủ tồn kho, không để trống kệ.",49300.57,2435,1.5333333333333332
84946,ANTIQUE SILVER TEA GLASS ETCHED,0,Hàng chủ lực bán chạy,"Kệ đầu dãy / lối đi chính, tầm mắt; luôn đủ tồn kho, không để trống kệ.",49210.4,1769,1.5324958030218243
22469,HEART OF WICKER SMALL,0,Hàng chủ lực bán chạy,"Kệ đầu dãy / lối đi chính, tầm mắt; luôn đủ tồn kho, không để trống kệ.",48935.10999999999,2151,1.9215671981776765
48194,DOORMAT HEARTS,0,Hàng chủ lực bán chạy,"Kệ đầu dãy / lối đi chính, tầm mắt; luôn đủ tồn kho, không để trống kệ.",48726.56,1349,8.588780487804879
15056BL,EDWARDIAN PARASOL BLACK,0,Hàng chủ lực bán chạy,"Kệ đầu dãy / lối đi chính, tầm mắt; luôn đủ tồn kho, không để trống kệ.",48723.770000000004,944,6.826558577405859
21731,RED TOADSTOOL LED NIGHT LIGHT,0,Hàng chủ lực bán chạy,"Kệ đầu dãy / lối đi chính, tầm mắt; luôn đủ tồn kho, không để trống kệ.",48315.84,1537,2.237496782496782
22457,NATURAL SLATE HEART CHALKBOARD ,0,Hàng chủ lực bán chạy,"Kệ đầu dãy / lối đi chính, tầm mắt; luôn đủ tồn kho, không để trống kệ.",47288.23,2046,3.5118406993686255
82494L,WOODEN FRAME ANTIQUE WHITE ,0,Hàng chủ lực bán chạy,"Kệ đầu dãy / lối đi chính, tầm mắt; luôn đủ tồn kho, không để trống kệ.",46967.090000000004,2059,3.4080162913272645
21754,HOME BUILDING BLOCK WORD,0,Hàng chủ lực bán chạy,"Kệ đầu dãy / lối đi chính, tầm mắt; luôn đủ tồn kho, không để trống kệ.",46516.990000000005,2066,6.587843794920939
48187,DOORMAT NEW ENGLAND,0,Hàng chủ lực bán chạy,"Kệ đầu dãy / lối đi chính, tầm mắt; luôn đủ tồn kho, không để trống kệ.",46405.4,1282,8.06861370716511
21928,JUMBO BAG SCANDINAVIAN PAISLEY,0,Hàng chủ lực bán chạy,"Kệ đầu dãy / lối đi chính, tầm mắt; luôn đủ tồn kho, không để trống kệ.",46202.52,1542,2.476015473887814
21523,DOORMAT FANCY FONT HOME SWEET HOME,0,Hàng chủ lực bán chạy,"Kệ đầu dãy / lối đi chính, tầm mắt; luôn đủ tồn kho, không để trống kệ.",46083.71,1122,8.905819964349377
22138,BAKING SET 9 PIECE RETROSPOT ,0,Hàng chủ lực bán chạy,"Kệ đầu dãy / lối đi chính, tầm mắt; luôn đủ tồn kho, không để trống kệ.",45882.01,1914,5.3669730010384225
48185,DOORMAT FAIRY CAKE,0,Hàng chủ lực bán chạy,"Kệ đầu dãy / lối đi chính, tầm mắt; luôn đủ tồn kho, không để trống kệ.",45723.840000000004,983,9.175698380566802
20727,LUNCH BAG  BLACK SKULL.,0,Hàng chủ lực bán chạy,"Kệ đầu dãy / lối đi chính, tầm mắt; luôn đủ tồn kho, không để trống kệ.",45655.27,2351,2.023109908409659
21623,VINTAGE UNION JACK MEMOBOARD,0,Hàng chủ lực bán chạy,"Kệ đầu dãy / lối đi chính, tầm mắt; luôn đủ tồn kho, không để trống kệ.",45402.18,530,10.215838041431262
22355,CHARLOTTE BAG SUKI DESIGN,0,Hàng chủ lực bán chạy,"Kệ đầu dãy / lối đi chính, tầm mắt; luôn đủ tồn kho, không để trống kệ.",45377.56,1742,1.161101598173516
71477,COLOUR GLASS. STAR T-LIGHT HOLDER,0,Hàng chủ lực bán chạy,"Kệ đầu dãy / lối đi chính, tầm mắt; luôn đủ tồn kho, không để trống kệ.",44680.75,809,3.7375606796116503
22326,ROUND SNACK BOXES SET OF4 WOODLAND ,0,Hàng chủ lực bán chạy,"Kệ đầu dãy / lối đi chính, tầm mắt; luôn đủ tồn kho, không để trống kệ.",44257.740000000005,1391,3.4294440484675697
21175,GIN + TONIC DIET METAL SIGN,0,Hàng chủ lực bán chạy,"Kệ đầu dãy / lối đi chính, tầm mắt; luôn đủ tồn kho, không để trống kệ.",43851.48,1659,2.5605206463195693
22383,LUNCH BAG SUKI  DESIGN ,0,Hàng chủ lực bán chạy,"Kệ đầu dãy / lối đi chính, tầm mắt; luôn đủ tồn kho, không để trống kệ.",43254.35,2398,2.076506568144499
23298,SPOTTY BUNTING,0,Hàng chủ lực bán chạy,"Kệ đầu dãy / lối đi chính, tầm mắt; luôn đủ tồn kho, không để trống kệ.",43148.18,1146,5.519121447028423
84029E,RED WOOLLY HOTTIE WHITE HEART.,0,Hàng chủ lực bán chạy,"Kệ đầu dãy / lối đi chính, tầm mắt; luôn đủ tồn kho, không để trống kệ.",42994.240000000005,1145,4.464668959587274
84997D,PINK 3 PIECE MINI DOTS CUTLERY SET,0,Hàng chủ lực bán chạy,"Kệ đầu dãy / lối đi chính, tầm mắt; luôn đủ tồn kho, không để trống kệ.",42972.520000000004,1167,4.450927487352446
21915,RED  HARMONICA IN BOX ,0,Hàng chủ lực bán chạy,"Kệ đầu dãy / lối đi chính, tầm mắt; luôn đủ tồn kho, không để trống kệ.",42664.54,1025,1.399408341416101
20728,LUNCH BAG CARS BLUE,0,Hàng chủ lực bán chạy,"Kệ đầu dãy / lối đi chính, tầm mắt; luôn đủ tồn kho, không để trống kệ.",42270.3,2067,1.9748732663797226
23203,JUMBO BAG VINTAGE DOILY ,0,Hàng chủ lực bán chạy,"Kệ đầu dãy / lối đi chính, tầm mắt; luôn đủ tồn kho, không để trống kệ.",42030.340000000004,1231,2.275764895330113
82482,WOODEN PICTURE FRAME WHITE FINISH,0,Hàng chủ lực bán chạy,"Kệ đầu dãy / lối đi chính, tầm mắt; luôn đủ tồn kho, không để trống kệ.",41837.6,2006,2.924807502467917
20713,JUMBO BAG OWLS,0,Hàng chủ lực bán chạy,"Kệ đầu dãy / lối đi chính, tầm mắt; luôn đủ tồn kho, không để trống kệ.",40667.05,1314,2.5839698113207543
22083,PAPER CHAIN KIT RETROSPOT,0,Hàng chủ lực bán chạy,"Kệ đầu dãy / lối đi chính, tầm mắt; luôn đủ tồn kho, không để trống kệ.",40412.82,1401,3.6167849538679917
84997B,RED 3 PIECE MINI DOTS CUTLERY SET,0,Hàng chủ lực bán chạy,"Kệ đầu dãy / lối đi chính, tầm mắt; luôn đủ tồn kho, không để trống kệ.",38810.64,1104,4.430250223413762
20726,LUNCH BAG WOODLAND,0,Hàng chủ lực bán chạy,"Kệ đầu dãy / lối đi chính, tầm mắt; luôn đủ tồn kho, không để trống kệ.",38506.74,1926,2.1123128205128205
22960,JAM MAKING SET WITH JARS,0,Hàng chủ lực bán chạy,"Kệ đầu dãy / lối đi chính, tầm mắt; luôn đủ tồn kho, không để trống kệ.",38380.11,1159,5.059025862068966
22699,ROSES REGENCY TEACUP AND SAUCER ,0,Hàng chủ lực bán chạy,"Kệ đầu dãy / lối đi chính, tầm mắt; luôn đủ tồn kho, không để trống kệ.",38249.5,1424,3.6140570633263747
21166,COOK WITH WINE METAL SIGN ,0,Hàng chủ lực bán chạy,"Kệ đầu dãy / lối đi chính, tầm mắt; luôn đủ tồn kho, không để trống kệ.",38138.86,1425,2.276118466898955
23284,DOORMAT KEEP CALM AND COME IN,0,Hàng chủ lực bán chạy,"Kệ đầu dãy / lối đi chính, tầm mắt; luôn đủ tồn kho, không để trống kệ.",38133.64,728,8.776284153005465
22720,SET OF 3 CAKE TINS PANTRY DESIGN ,0,Hàng chủ lực bán chạy,"Kệ đầu dãy / lối đi chính, tầm mắt; luôn đủ tồn kho, không để trống kệ.",38108.89,1385,5.83371408045977
82486,WOOD S/3 CABINET ANT WHITE FINISH,0,Hàng chủ lực bán chạy,"Kệ đầu dãy / lối đi chính, tầm mắt; luôn đủ tồn kho, không để trống kệ.",38052.33,1274,8.635784161490683
22629,SPACEBOY LUNCH BOX ,0,Hàng chủ lực bán chạy,"Kệ đầu dãy / lối đi chính, tầm mắt; luôn đủ tồn kho, không để trống kệ.",37955.5,1368,2.1693473531544596
20712,JUMBO BAG WOODLAND ANIMALS,0,Hàng chủ lực bán chạy,"Kệ đầu dãy / lối đi chính, tầm mắt; luôn đủ tồn kho, không để trống kệ.",37499.37,1415,2.738984593837535
21485,RETROSPOT HEART HOT WATER BOTTLE,0,Hàng chủ lực bán chạy,"Kệ đầu dãy / lối đi chính, tầm mắt; luôn đủ tồn kho, không để trống kệ.",37078.67,1385,5.467250177179306
22727,ALARM CLOCK BAKELIKE RED ,0,Hàng chủ lực bán chạy,"Kệ đầu dãy / lối đi chính, tầm mắt; luôn đủ tồn kho, không để trống kệ.",36543.77,1363,4.37068115942029
22328,ROUND SNACK BOXES SET OF 4 FRUITS ,0,Hàng chủ lực bán chạy,"Kệ đầu dãy / lối đi chính, tầm mắt; luôn đủ tồn kho, không để trống kệ.",36170.31,1159,3.1921746575342467
21524,DOORMAT SPOTTY HOME SWEET HOME,0,Hàng chủ lực bán chạy,"Kệ đầu dãy / lối đi chính, tầm mắt; luôn đủ tồn kho, không để trống kệ.",35955.44,1150,8.468759757155247
84997C,BLUE 3 PIECE MINI DOTS CUTLERY SET,0,Hàng chủ lực bán chạy,"Kệ đầu dãy / lối đi chính, tầm mắt; luôn đủ tồn kho, không để trống kệ.",35699.23,1026,4.372593659942363
20724,RED RETROSPOT CHARLOTTE BAG,0,Hàng chủ lực bán chạy,"Kệ đầu dãy / lối đi chính, tầm mắt; luôn đủ tồn kho, không để trống kệ.",35190.21,2035,1.1019629810034095
21755,LOVE BUILDING BLOCK WORD,0,Hàng chủ lực bán chạy,"Kệ đầu dãy / lối đi chính, tầm mắt; luôn đủ tồn kho, không để trống kệ.",34836.020000000004,1696,6.681397786837508
22379,RECYCLING BAG RETROSPOT ,0,Hàng chủ lực bán chạy,"Kệ đầu dãy / lối đi chính, tầm mắt; luôn đủ tồn kho, không để trống kệ.",34640.84,1570,2.8999178774478835
22384,LUNCH BAG PINK POLKADOT,0,Hàng chủ lực bán chạy,"Kệ đầu dãy / lối đi chính, tầm mắt; luôn đủ tồn kho, không để trống kệ.",34088.79,2106,1.945049134300421
22382,LUNCH BAG SPACEBOY DESIGN ,0,Hàng chủ lực bán chạy,"Kệ đầu dãy / lối đi chính, tầm mắt; luôn đủ tồn kho, không để trống kệ.",34071.97,2153,1.895858260469397
22666,RECIPE BOX PANTRY YELLOW DESIGN,0,Hàng chủ lực bán chạy,"Kệ đầu dãy / lối đi chính, tầm mắt; luôn đủ tồn kho, không để trống kệ.",33682.62,1657,3.6011011370436865
22630,DOLLY GIRL LUNCH BOX,0,Hàng chủ lực bán chạy,"Kệ đầu dãy / lối đi chính, tầm mắt; luôn đủ tồn kho, không để trống kệ.",33380.83,1333,2.3025796886582652
15036,ASSORTED COLOURS SILK FAN,0,Hàng chủ lực bán chạy,"Kệ đầu dãy / lối đi chính, tầm mắt; luôn đủ tồn kho, không để trống kệ.",32967.03,991,0.9932560483870967
22726,ALARM CLOCK BAKELIKE GREEN,0,Hàng chủ lực bán chạy,"Kệ đầu dãy / lối đi chính, tầm mắt; luôn đủ tồn kho, không để trống kệ.",32609.32,1273,4.472062256809338
22385,JUMBO BAG SPACEBOY DESIGN,0,Hàng chủ lực bán chạy,"Kệ đầu dãy / lối đi chính, tầm mắt; luôn đủ tồn kho, không để trống kệ.",32433.5,1248,2.439888800635425
22077,6 RIBBONS RUSTIC CHARM,0,Hàng chủ lực bán chạy,"Kệ đầu dãy / lối đi chính, tầm mắt; luôn đủ tồn kho, không để trống kệ.",31513.109999999997,1751,2.110567415730337
85152,HAND OVER THE CHOCOLATE   SIGN ,0,Hàng chủ lực bán chạy,"Kệ đầu dãy / lối đi chính, tầm mắt; luôn đủ tồn kho, không để trống kệ.",31483.7,1460,2.30101902173913
22865,HAND WARMER OWL DESIGN,0,Hàng chủ lực bán chạy,"Kệ đầu dãy / lối đi chính, tầm mắt; luôn đủ tồn kho, không để trống kệ.",31416.040000000005,1212,2.3551353503184713
85014B,RED RETROSPOT UMBRELLA,0,Hàng chủ lực bán chạy,"Kệ đầu dãy / lối đi chính, tầm mắt; luôn đủ tồn kho, không để trống kệ.",31268.000000000004,935,6.88951871657754
48184,DOORMAT ENGLISH ROSE ,0,Hàng chủ lực bán chạy,"Kệ đầu dãy / lối đi chính, tầm mắt; luôn đủ tồn kho, không để trống kệ.",31142.63,851,8.227356051703879
23245,SET OF 3 REGENCY CAKE TINS,0,Hàng chủ lực bán chạy,"Kệ đầu dãy / lối đi chính, tầm mắt; luôn đủ tồn kho, không để trống kệ.",31118.550000000003,873,5.883424657534246
21479,WHITE SKULL HOT WATER BOTTLE ,0,Hàng chủ lực bán chạy,"Kệ đầu dãy / lối đi chính, tầm mắt; luôn đủ tồn kho, không để trống kệ.",31079.8,930,4.686652587117212
23199,JUMBO BAG APPLES,0,Hàng chủ lực bán chạy,"Kệ đầu dãy / lối đi chính, tầm mắt; luôn đủ tồn kho, không để trống kệ.",30450.690000000002,978,2.5699290060851925
22697,GREEN REGENCY TEACUP AND SAUCER,0,Hàng chủ lực bán chạy,"Kệ đầu dãy / lối đi chính, tầm mắt; luôn đủ tồn kho, không để trống kệ.",30425.050000000003,1353,3.782205128205128
20679,EDWARDIAN PARASOL RED,0,Hàng chủ lực bán chạy,"Kệ đầu dãy / lối đi chính, tầm mắt; luôn đủ tồn kho, không để trống kệ.",30020.97,715,6.662262569832403
22659,LUNCH BOX I LOVE LONDON,0,Hàng chủ lực bán chạy,"Kệ đầu dãy / lối đi chính, tầm mắt; luôn đủ tồn kho, không để trống kệ.",29563.809999999998,1075,2.3333697632058286
84029G,KNITTED UNION FLAG HOT WATER BOTTLE,0,Hàng chủ lực bán chạy,"Kệ đầu dãy / lối đi chính, tầm mắt; luôn đủ tồn kho, không để trống kệ.",29533.87,1009,4.793914728682171
47590B,PINK HAPPY BIRTHDAY BUNTING,0,Hàng chủ lực bán chạy,"Kệ đầu dãy / lối đi chính, tầm mắt; luôn đủ tồn kho, không để trống kệ.",29504.36,882,5.793400900900901
22622,BOX OF VINTAGE ALPHABET BLOCKS,0,Hàng chủ lực bán chạy,"Kệ đầu dãy / lối đi chính, tầm mắt; luôn đủ tồn kho, không để trống kệ.",29450.109999999997,571,11.393466898954703
22158,3 HEARTS HANGING DECORATION RUSTIC,0,Hàng chủ lực bán chạy,"Kệ đầu dãy / lối đi chính, tầm mắt; luôn đủ tồn kho, không để trống kệ.",29198.280000000002,718,3.221857923497268
82483,WOOD 2 DRAWER CABINET WHITE FINISH,0,Hàng chủ lực bán chạy,"Kệ đầu dãy / lối đi chính, tầm mắt; luôn đủ tồn kho, không để trống kệ.",29003.370000000003,1123,6.514496466431095
23355,HOT WATER BOTTLE KEEP CALM,0,Hàng chủ lực bán chạy,"Kệ đầu dãy / lối đi chính, tầm mắt; luôn đủ tồn kho, không để trống kệ.",28718.800000000003,782,5.271557788944723
48188,DOORMAT WELCOME PUPPIES,0,Hàng chủ lực bán chạy,"Kệ đầu dãy / lối đi chính, tầm mắt; luôn đủ tồn kho, không để trống kệ.",28639.1,698,8.50131805157593
20971,PINK BLUE FELT CRAFT TRINKET BOX,0,Hàng chủ lực bán chạy,"Kệ đầu dãy / lối đi chính, tầm mắt; luôn đủ tồn kho, không để trống kệ.",28580.97,1148,1.4093723129836628
84978,HANGING HEART JAR T-LIGHT HOLDER,0,Hàng chủ lực bán chạy,"Kệ đầu dãy / lối đi chính, tầm mắt; luôn đủ tồn kho, không để trống kệ.",28475.96,1425,1.5126805555555554
22866,HAND WARMER SCOTTY DOG DESIGN,0,Hàng chủ lực bán chạy,"Kệ đầu dãy / lối đi chính, tầm mắt; luôn đủ tồn kho, không để trống kệ.",28266.870000000003,1083,2.3251018600531443
22752,SET 7 BABUSHKA NESTING BOXES,0,Hàng chủ lực bán chạy,"Kệ đầu dãy / lối đi chính, tầm mắt; luôn đủ tồn kho, không để trống kệ.",28139.45,692,9.46467142857143
22188,BLACK HEART CARD HOLDER,0,Hàng chủ lực bán chạy,"Kệ đầu dãy / lối đi chính, tầm mắt; luôn đủ tồn kho, không để trống kệ.",28112.03,566,4.455873015873016
21977,PACK OF 60 PINK PAISLEY CAKE CASES,0,Hàng chủ lực bán chạy,"Kệ đầu dãy / lối đi chính, tầm mắt; luôn đủ tồn kho, không để trống kệ.",28081.73,1993,0.7112444444444445
22467,GUMBALL COAT RACK,0,Hàng chủ lực bán chạy,"Kệ đầu dãy / lối đi chính, tầm mắt; luôn đủ tồn kho, không để trống kệ.",28059.48,1095,2.8445724572457243
82583,HOT BATHS METAL SIGN,0,Hàng chủ lực bán chạy,"Kệ đầu dãy / lối đi chính, tầm mắt; luôn đủ tồn kho, không để trống kệ.",27981.99,1176,2.760100166944908
23201,JUMBO BAG ALPHABET,0,Hàng chủ lực bán chạy,"Kệ đầu dãy / lối đi chính, tầm mắt; luôn đủ tồn kho, không để trống kệ.",27850.83,906,2.3900109769484086
22492,MINI PAINT SET VINTAGE ,0,Hàng chủ lực bán chạy,"Kệ đầu dãy / lối đi chính, tầm mắt; luôn đủ tồn kho, không để trống kệ.",27817.590000000004,732,0.7699180327868853
20719,WOODLAND CHARLOTTE BAG,0,Hàng chủ lực bán chạy,"Kệ đầu dãy / lối đi chính, tầm mắt; luôn đủ tồn kho, không để trống kệ.",27598.42,1573,1.1526611883691529
47566B,TEA TIME PARTY BUNTING,0,Hàng chủ lực bán chạy,"Kệ đầu dãy / lối đi chính, tầm mắt; luôn đủ tồn kho, không để trống kệ.",27564.75,874,5.68005675368899
21930,JUMBO STORAGE BAG SKULLS,0,Hàng chủ lực bán chạy,"Kệ đầu dãy / lối đi chính, tầm mắt; luôn đủ tồn kho, không để trống kệ.",27368.08,1321,2.5286163051608077
72741,GRAND CHOCOLATECANDLE,0,Hàng chủ lực bán chạy,"Kệ đầu dãy / lối đi chính, tầm mắt; luôn đủ tồn kho, không để trống kệ.",27239.46,920,1.7381798483206934
22835,HOT WATER BOTTLE I AM SO POORLY,0,Hàng chủ lực bán chạy,"Kệ đầu dãy / lối đi chính, tầm mắt; luôn đủ tồn kho, không để trống kệ.",27082.84,1011,5.639597249508841
84991,60 TEATIME FAIRY CAKE CASES,0,Hàng chủ lực bán chạy,"Kệ đầu dãy / lối đi chính, tầm mắt; luôn đủ tồn kho, không để trống kệ.",27041.21,2127,0.6644378155117027
22961,JAM MAKING SET PRINTED,0,Hàng chủ lực bán chạy,"Kệ đầu dãy / lối đi chính, tầm mắt; luôn đủ tồn kho, không để trống kệ.",26888.43,1200,1.8915876974231087
20750,RED RETROSPOT MINI CASES,0,Hàng chủ lực bán chạy,"Kệ đầu dãy / lối đi chính, tầm mắt; luôn đủ tồn kho, không để trống kệ.",26866.629999999997,909,8.11246170678337
22734,SET OF 6 RIBBONS VINTAGE CHRISTMAS,0,Hàng chủ lực bán chạy,"Kệ đầu dãy / lối đi chính, tầm mắt; luôn đủ tồn kho, không để trống kệ.",26763.75,756,3.2632945736434107
71459,HANGING JAM JAR T-LIGHT HOLDER,0,Hàng chủ lực bán chạy,"Kệ đầu dãy / lối đi chính, tầm mắt; luôn đủ tồn kho, không để trống kệ.",26738.79,1017,1.1175858684985278
22149,FELTCRAFT 6 FLOWER FRIENDS,0,Hàng chủ lực bán chạy,"Kệ đầu dãy / lối đi chính, tầm mắt; luôn đủ tồn kho, không để trống kệ.",26218.97,1382,2.382309879175551
22867,HAND WARMER BIRD DESIGN,0,Hàng chủ lực bán chạy,"Kệ đầu dãy / lối đi chính, tầm mắt; luôn đủ tồn kho, không để trống kệ.",26117.63,1054,2.3753406998158377
48111,DOORMAT 3 SMILEY CATS,0,Hàng chủ lực bán chạy,"Kệ đầu dãy / lối đi chính, tầm mắt; luôn đủ tồn kho, không để trống kệ.",25970.0,720,8.748113730929266
22551,PLASTERS IN TIN SPACEBOY,0,Hàng chủ lực bán chạy,"Kệ đầu dãy / lối đi chính, tầm mắt; luôn đủ tồn kho, không để trống kệ.",25912.87,1299,1.811910197869102
82600,NO SINGING METAL SIGN,0,Hàng chủ lực bán chạy,"Kệ đầu dãy / lối đi chính, tầm mắt; luôn đủ tồn kho, không để trống kệ.",25736.190000000002,1201,2.4013576158940397
20711,JUMBO BAG TOYS ,0,Hàng chủ lực bán chạy,"Kệ đầu dãy / lối đi chính, tầm mắt; luôn đủ tồn kho, không để trống kệ.",25719.13,1052,2.726691943127962
21481,FAWN BLUE HOT WATER BOTTLE,0,Hàng chủ lực bán chạy,"Kệ đầu dãy / lối đi chính, tầm mắt; luôn đủ tồn kho, không để trống kệ.",25613.45,1050,3.765328947368421
22507,MEMO BOARD RETROSPOT  DESIGN,0,Hàng chủ lực bán chạy,"Kệ đầu dãy / lối đi chính, tầm mắt; luôn đủ tồn kho, không để trống kệ.",25603.46,900,5.941274944567628
21080,SET/20 RED RETROSPOT PAPER NAPKINS ,0,Hàng chủ lực bán chạy,"Kệ đầu dãy / lối đi chính, tầm mắt; luôn đủ tồn kho, không để trống kệ.",25416.93,2123,1.0303246753246753
21108,FAIRY CAKE FLANNEL ASSORTED COLOUR,0,Hàng chủ lực bán chạy,"Kệ đầu dãy / lối đi chính, tầm mắt; luôn đủ tồn kho, không để trống kệ.",25407.27,613,3.001073170731707
22087,PAPER BUNTING WHITE LACE,0,Hàng chủ lực bán chạy,"Kệ đầu dãy / lối đi chính, tầm mắt; luôn đủ tồn kho, không để trống kệ.",25389.100000000002,847,3.4823468208092487
84755,COLOUR GLASS T-LIGHT HOLDER HANGING,0,Hàng chủ lực bán chạy,"Kệ đầu dãy / lối đi chính, tầm mắt; luôn đủ tồn kho, không để trống kệ.",25205.13,1259,0.8276983503534957
22084,PAPER CHAIN KIT EMPIRE,0,Hàng chủ lực bán chạy,"Kệ đầu dãy / lối đi chính, tầm mắt; luôn đủ tồn kho, không để trống kệ.",25163.56,811,3.2735200974421437
21527,RED RETROSPOT TRADITIONAL TEAPOT ,0,Hàng chủ lực bán chạy,"Kệ đầu dãy / lối đi chính, tầm mắt; luôn đủ tồn kho, không để trống kệ.",24968.47,831,8.89035756853397
23173,REGENCY TEAPOT ROSES ,0,Hàng chủ lực bán chạy,"Kệ đầu dãy / lối đi chính, tầm mắt; luôn đủ tồn kho, không để trống kệ.",24879.13,416,11.119714964370546
20972,PINK CREAM FELT CRAFT TRINKET BOX ,0,Hàng chủ lực bán chạy,"Kệ đầu dãy / lối đi chính, tầm mắt; luôn đủ tồn kho, không để trống kệ.",24785.31,1397,1.4045074415308292
21314,SMALL GLASS HEART TRINKET POT,0,Hàng chủ lực bán chạy,"Kệ đầu dãy / lối đi chính, tầm mắt; luôn đủ tồn kho, không để trống kệ.",24641.390000000003,1066,2.776856343283582
22722,SET OF 6 SPICE TINS PANTRY DESIGN,0,Hàng chủ lực bán chạy,"Kệ đầu dãy / lối đi chính, tầm mắt; luôn đủ tồn kho, không để trống kệ.",24459.960000000003,835,4.675660377358491
84077,WORLD WAR 2 GLIDERS ASSTD DESIGNS,0,Hàng chủ lực bán chạy,"Kệ đầu dãy / lối đi chính, tầm mắt; luôn đủ tồn kho, không để trống kệ.",24445.609999999997,1019,0.2831213307240704
22698,PINK REGENCY TEACUP AND SAUCER,0,Hàng chủ lực bán chạy,"Kệ đầu dãy / lối đi chính, tầm mắt; luôn đủ tồn kho, không để trống kệ.",24374.620000000003,1033,3.6914051973051007
84836,ZINC METAL HEART DECORATION,0,Hàng chủ lực bán chạy,"Kệ đầu dãy / lối đi chính, tầm mắt; luôn đủ tồn kho, không để trống kệ.",24289.33,1408,1.3774425087108013
22728,ALARM CLOCK BAKELIKE PINK,0,Hàng chủ lực bán chạy,"Kệ đầu dãy / lối đi chính, tầm mắt; luôn đủ tồn kho, không để trống kệ.",24257.31,969,4.525836734693877
48173C,DOORMAT BLACK FLOCK ,0,Hàng chủ lực bán chạy,"Kệ đầu dãy / lối đi chính, tầm mắt; luôn đủ tồn kho, không để trống kệ.",24256.47,537,8.442193308550186
47590A,BLUE HAPPY BIRTHDAY BUNTING,0,Hàng chủ lực bán chạy,"Kệ đầu dãy / lối đi chính, tầm mắt; luôn đủ tồn kho, không để trống kệ.",24185.030000000002,690,5.7955282199710565
21231,SWEETHEART CERAMIC TRINKET BOX,0,Hàng chủ lực bán chạy,"Kệ đầu dãy / lối đi chính, tầm mắt; luôn đủ tồn kho, không để trống kệ.",24128.86,1482,1.4993377483443708
23344,JUMBO BAG 50'S CHRISTMAS ,0,Hàng chủ lực bán chạy,"Kệ đầu dãy / lối đi chính, tầm mắt; luôn đủ tồn kho, không để trống kệ.",23772.07,716,2.4177423822714683
21955,DOORMAT UNION JACK GUNS AND ROSES,0,Hàng chủ lực bán chạy,"Kệ đầu dãy / lối đi chính, tầm mắt; luôn đủ tồn kho, không để trống kệ.",23734.4,729,8.588896457765667
22171,3 HOOK PHOTO SHELF ANTIQUE WHITE,0,Hàng chủ lực bán chạy,"Kệ đầu dãy / lối đi chính, tầm mắt; luôn đủ tồn kho, không để trống kệ.",23709.46,661,9.802632375189107
21790,VINTAGE SNAP CARDS,0,Hàng chủ lực bán chạy,"Kệ đầu dãy / lối đi chính, tầm mắt; luôn đủ tồn kho, không để trống kệ.",23506.17,1888,1.008572922111866
23243,SET OF TEA COFFEE SUGAR TINS PANTRY,0,Hàng chủ lực bán chạy,"Kệ đầu dãy / lối đi chính, tầm mắt; luôn đủ tồn kho, không để trống kệ.",23489.420000000002,470,5.866072186836518
84406B,CREAM CUPID HEARTS COAT HANGER,0,Hàng chủ lực bán chạy,"Kệ đầu dãy / lối đi chính, tầm mắt; luôn đủ tồn kho, không để trống kệ.",23093.95,843,3.7479132473622507
21791,VINTAGE HEADS AND TAILS CARD GAME ,0,Hàng chủ lực bán chạy,"Kệ đầu dãy / lối đi chính, tầm mắt; luôn đủ tồn kho, không để trống kệ.",22858.6,1313,1.4899774436090225
22554,PLASTERS IN TIN WOODLAND ANIMALS,0,Hàng chủ lực bán chạy,"Kệ đầu dãy / lối đi chính, tầm mắt; luôn đủ tồn kho, không để trống kệ.",22853.719999999998,1275,1.8651470588235295
21936,RED RETROSPOT PICNIC BAG,0,Hàng chủ lực bán chạy,"Kệ đầu dãy / lối đi chính, tầm mắt; luôn đủ tồn kho, không để trống kệ.",22741.309999999998,1046,3.6311692015209127
84970S,HANGING HEART ZINC T-LIGHT HOLDER,0,Hàng chủ lực bán chạy,"Kệ đầu dãy / lối đi chính, tầm mắt; luôn đủ tồn kho, không để trống kệ.",22578.3,1523,1.155
22556,PLASTERS IN TIN CIRCUS PARADE ,0,Hàng chủ lực bán chạy,"Kệ đầu dãy / lối đi chính, tầm mắt; luôn đủ tồn kho, không để trống kệ.",22334.079999999998,1196,1.7749835526315791
85014A,BLACK/BLUE POLKADOT UMBRELLA,0,Hàng chủ lực bán chạy,"Kệ đầu dãy / lối đi chính, tầm mắt; luôn đủ tồn kho, không để trống kệ.",22213.7,712,6.570490196078431
20749,ASSORTED COLOUR MINI CASES,0,Hàng chủ lực bán chạy,"Kệ đầu dãy / lối đi chính, tầm mắt; luôn đủ tồn kho, không để trống kệ.",22097.61,766,8.091415584415586
22113,GREY HEART HOT WATER BOTTLE,0,Hàng chủ lực bán chạy,"Kệ đầu dãy / lối đi chính, tầm mắt; luôn đủ tồn kho, không để trống kệ.",22025.93,996,4.199551656920078
22585,PACK OF 6 BIRDY GIFT TAGS,0,Hàng chủ lực bán chạy,"Kệ đầu dãy / lối đi chính, tầm mắt; luôn đủ tồn kho, không để trống kệ.",21977.3,1084,1.381512455516014
22499,WOODEN UNION JACK BUNTING,0,Hàng chủ lực bán chạy,"Kệ đầu dãy / lối đi chính, tầm mắt; luôn đủ tồn kho, không để trống kệ.",21826.52,774,6.621156812339332
23202,JUMBO BAG VINTAGE LEAF,0,Hàng chủ lực bán chạy,"Kệ đầu dãy / lối đi chính, tầm mắt; luôn đủ tồn kho, không để trống kệ.",21810.43,879,2.2962302483069976
22941,CHRISTMAS LIGHTS 10 REINDEER,0,Hàng chủ lực bán chạy,"Kệ đầu dãy / lối đi chính, tầm mắt; luôn đủ tồn kho, không để trống kệ.",21727.58,483,9.705392561983471
21210,SET OF 72 RETROSPOT PAPER  DOILIES,0,Hàng chủ lực bán chạy,"Kệ đầu dãy / lối đi chính, tầm mắt; luôn đủ tồn kho, không để trống kệ.",21727.19,1161,1.7664721030042918
22456,NATURAL SLATE CHALKBOARD LARGE ,0,Hàng chủ lực bán chạy,"Kệ đầu dãy / lối đi chính, tầm mắt; luôn đủ tồn kho, không để trống kệ.",21583.2,835,6.306929510155317
22969,HOMEMADE JAM SCENTED CANDLES,0,Hàng chủ lực bán chạy,"Kệ đầu dãy / lối đi chính, tầm mắt; luôn đủ tồn kho, không để trống kệ.",21501.989999999998,709,1.7717207334273626
23209,LUNCH BAG VINTAGE DOILY ,0,Hàng chủ lực bán chạy,"Kệ đầu dãy / lối đi chính, tầm mắt; luôn đủ tồn kho, không để trống kệ.",21418.82,1098,1.8247576301615798
21213,PACK OF 72 SKULL CAKE CASES,0,Hàng chủ lực bán chạy,"Kệ đầu dãy / lối đi chính, tầm mắt; luôn đủ tồn kho, không để trống kệ.",21390.760000000002,1481,0.7410299003322259
22570,FELTCRAFT CUSHION RABBIT,0,Hàng chủ lực bán chạy,"Kệ đầu dãy / lối đi chính, tầm mắt; luôn đủ tồn kho, không để trống kệ.",20901.1,807,4.310666666666666
84997A,GREEN 3 PIECE MINI DOTS CUTLERY SET,0,Hàng chủ lực bán chạy,"Kệ đầu dãy / lối đi chính, tầm mắt; luôn đủ tồn kho, không để trống kệ.",20882.48,670,4.631661721068249
22356,CHARLOTTE BAG PINK POLKADOT,0,Hàng chủ lực bán chạy,"Kệ đầu dãy / lối đi chính, tầm mắt; luôn đủ tồn kho, không để trống kệ.",20871.9,1584,1.1577360850531582
23206,LUNCH BAG APPLE DESIGN,0,Hàng chủ lực bán chạy,"Kệ đầu dãy / lối đi chính, tầm mắt; luôn đủ tồn kho, không để trống kệ.",20852.579999999998,1036,2.0589553656220323
21218,RED SPOTTY BISCUIT TIN,0,Hàng chủ lực bán chạy,"Kệ đầu dãy / lối đi chính, tầm mắt; luôn đủ tồn kho, không để trống kệ.",20800.31,897,5.261407982261641
48116,DOORMAT MULTICOLOUR STRIPE,0,Hàng chủ lực bán chạy,"Kệ đầu dãy / lối đi chính, tầm mắt; luôn đủ tồn kho, không để trống kệ.",20712.63,496,8.784173387096773
22294,HEART FILIGREE DOVE  SMALL,0,Hàng chủ lực bán chạy,"Kệ đầu dãy / lối đi chính, tầm mắt; luôn đủ tồn kho, không để trống kệ.",20629.38,861,1.4552125279642059
22617,BAKING SET SPACEBOY DESIGN,0,Hàng chủ lực bán chạy,"Kệ đầu dãy / lối đi chính, tầm mắt; luôn đủ tồn kho, không để trống kệ.",20546.99,942,5.301244725738396
22632,HAND WARMER RED RETROSPOT,0,Hàng chủ lực bán chạy,"Kệ đầu dãy / lối đi chính, tầm mắt; luôn đủ tồn kho, không để trống kệ.",20540.33,779,2.2049190535491903
22693,GROW A FLYTRAP OR SUNFLOWER IN TIN,0,Hàng chủ lực bán chạy,"Kệ đầu dãy / lối đi chính, tầm mắt; luôn đủ tồn kho, không để trống kệ.",20469.08,350,1.463076923076923
20723,STRAWBERRY CHARLOTTE BAG,0,Hàng chủ lực bán chạy,"Kệ đầu dãy / lối đi chính, tầm mắt; luôn đủ tồn kho, không để trống kệ.",20401.05,1379,1.1350252343186733
21559,STRAWBERRY LUNCH BOX WITH CUTLERY,0,Hàng chủ lực bán chạy,"Kệ đầu dãy / lối đi chính, tầm mắt; luôn đủ tồn kho, không để trống kệ.",20345.53,1221,3.0474677419354834
22568,FELTCRAFT CUSHION OWL,0,Hàng chủ lực bán chạy,"Kệ đầu dãy / lối đi chính, tầm mắt; luôn đủ tồn kho, không để trống kệ.",20244.97,875,4.161740614334471
85150,LADIES & GENTLEMEN METAL SIGN,0,Hàng chủ lực bán chạy,"Kệ đầu dãy / lối đi chính, tầm mắt; luôn đủ tồn kho, không để trống kệ.",20237.72,1110,3.0002421524663676
21216,"SET 3 RETROSPOT TEA,COFFEE,SUGAR",0,Hàng chủ lực bán chạy,"Kệ đầu dãy / lối đi chính, tầm mắt; luôn đủ tồn kho, không để trống kệ.",20169.0,802,6.912595797280593
22273,FELTCRAFT DOLL MOLLY,0,Hàng chủ lực bán chạy,"Kệ đầu dãy / lối đi chính, tầm mắt; luôn đủ tồn kho, không để trống kệ.",20150.99,810,3.300158536585366
22569,FELTCRAFT CUSHION BUTTERFLY,0,Hàng chủ lực bán chạy,"Kệ đầu dãy / lối đi chính, tầm mắt; luôn đủ tồn kho, không để trống kệ.",20104.43,784,4.187288776796973
21622,VINTAGE UNION JACK CUSHION COVER,0,Hàng chủ lực bán chạy,"Kệ đầu dãy / lối đi chính, tầm mắt; luôn đủ tồn kho, không để trống kệ.",19936.94,626,5.8373892405063295
22900, SET 2 TEA TOWELS I LOVE LONDON ,0,Hàng chủ lực bán chạy,"Kệ đầu dãy / lối đi chính, tầm mắt; luôn đủ tồn kho, không để trống kệ.",19834.04,723,3.684245283018868
22413,METAL SIGN TAKE IT OR LEAVE IT ,0,Hàng chủ lực bán chạy,"Kệ đầu dãy / lối đi chính, tầm mắt; luôn đủ tồn kho, không để trống kệ.",19728.24,881,3.297567567567568
22381,TOY TIDY PINK POLKADOT,0,Hàng chủ lực bán chạy,"Kệ đầu dãy / lối đi chính, tầm mắt; luôn đủ tồn kho, không để trống kệ.",19619.54,1100,2.7275517551755173
48129,DOORMAT TOPIARY,0,Hàng chủ lực bán chạy,"Kệ đầu dãy / lối đi chính, tầm mắt; luôn đủ tồn kho, không để trống kệ.",19608.91,543,8.213369963369964
21174,POTTERING IN THE SHED METAL SIGN,0,Hàng chủ lực bán chạy,"Kệ đầu dãy / lối đi chính, tầm mắt; luôn đủ tồn kho, không để trống kệ.",19593.81,1135,2.5139877835951134
22561,WOODEN SCHOOL COLOURING SET,0,Hàng chủ lực bán chạy,"Kệ đầu dãy / lối đi chính, tầm mắt; luôn đủ tồn kho, không để trống kệ.",19524.269999999997,904,1.7414208242950107
22558,CLOTHES PEGS RETROSPOT PACK 24 ,0,Hàng chủ lực bán chạy,"Kệ đầu dãy / lối đi chính, tầm mắt; luôn đủ tồn kho, không để trống kệ.",19513.17,1202,1.6692161716171616
22427,ENAMEL FLOWER JUG CREAM,0,Hàng chủ lực bán chạy,"Kệ đầu dãy / lối đi chính, tầm mắt; luôn đủ tồn kho, không để trống kệ.",19273.280000000002,798,6.529052369077307
22952,60 CAKE CASES VINTAGE CHRISTMAS,0,Hàng chủ lực bán chạy,"Kệ đầu dãy / lối đi chính, tầm mắt; luôn đủ tồn kho, không để trống kệ.",19240.05,1144,0.7211177474402731
21908,CHOCOLATE THIS WAY METAL SIGN,0,Hàng chủ lực bán chạy,"Kệ đầu dãy / lối đi chính, tầm mắt; luôn đủ tồn kho, không để trống kệ.",19125.980000000003,974,2.4602136317395726
84949,SILVER HANGING T-LIGHT HOLDER,0,Hàng chủ lực bán chạy,"Kệ đầu dãy / lối đi chính, tầm mắt; luôn đủ tồn kho, không để trống kệ.",19015.8,693,1.8268847795163583
71053,WHITE METAL LANTERN,0,Hàng chủ lực bán chạy,"Kệ đầu dãy / lối đi chính, tầm mắt; luôn đủ tồn kho, không để trống kệ.",18906.77,727,4.509704301075269
84947,ANTIQUE SILVER TEA GLASS ENGRAVED,0,Hàng chủ lực bán chạy,"Kệ đầu dãy / lối đi chính, tầm mắt; luôn đủ tồn kho, không để trống kệ.",18744.170000000002,680,1.4420343839541547
47591D,PINK FAIRY CAKE CHILDRENS APRON,0,Hàng chủ lực bán chạy,"Kệ đầu dãy / lối đi chính, tầm mắt; luôn đủ tồn kho, không để trống kệ.",18716.67,1212,2.2847054009819967
22555,PLASTERS IN TIN STRONGMAN,0,Hàng chủ lực bán chạy,"Kệ đầu dãy / lối đi chính, tầm mắt; luôn đủ tồn kho, không để trống kệ.",18680.32,967,1.805651731160896
22041,"RECORD FRAME 7"" SINGLE SIZE ",0,Hàng chủ lực bán chạy,"Kệ đầu dãy / lối đi chính, tầm mắt; luôn đủ tồn kho, không để trống kệ.",18650.870000000003,555,3.5552499999999996
21035,SET/2 RED RETROSPOT TEA TOWELS ,0,Hàng chủ lực bán chạy,"Kệ đầu dãy / lối đi chính, tầm mắt; luôn đủ tồn kho, không để trống kệ.",18644.78,929,4.038792735042735
21121,SET/10 RED POLKADOT PARTY CANDLES,0,Hàng chủ lực bán chạy,"Kệ đầu dãy / lối đi chính, tầm mắt; luôn đủ tồn kho, không để trống kệ.",18442.7,873,1.3553514739229027
21484,CHICK GREY HOT WATER BOTTLE,0,Hàng chủ lực bán chạy,"Kệ đầu dãy / lối đi chính, tầm mắt; luôn đủ tồn kho, không để trống kệ.",18171.14,864,4.573588571428571
79323W, WHITE CHERRY LIGHTS,0,Hàng chủ lực bán chạy,"Kệ đầu dãy / lối đi chính, tầm mắt; luôn đủ tồn kho, không để trống kệ.",18048.72,349,7.03
21430,SET/3 RED GINGHAM ROSE STORAGE BOX,0,Hàng chủ lực bán chạy,"Kệ đầu dãy / lối đi chính, tầm mắt; luôn đủ tồn kho, không để trống kệ.",18044.97,814,4.762558139534884
22505,MEMO BOARD COTTAGE DESIGN,0,Hàng chủ lực bán chạy,"Kệ đầu dãy / lối đi chính, tầm mắt; luôn đủ tồn kho, không để trống kệ.",18034.63,744,5.474500665778962
22147,FELTCRAFT BUTTERFLY HEARTS,0,Hàng chủ lực bán chạy,"Kệ đầu dãy / lối đi chính, tầm mắt; luôn đủ tồn kho, không để trống kệ.",17893.579999999998,1132,1.6181639624252775
22560,TRADITIONAL MODELLING CLAY,0,Hàng chủ lực bán chạy,"Kệ đầu dãy / lối đi chính, tầm mắt; luôn đủ tồn kho, không để trống kệ.",17861.71,742,1.3711405835543766
22352,LUNCH BOX WITH CUTLERY RETROSPOT ,0,Hàng chủ lực bán chạy,"Kệ đầu dãy / lối đi chính, tầm mắt; luôn đủ tồn kho, không để trống kệ.",17830.71,1117,3.134055258467023
84945,MULTI COLOUR SILVER T-LIGHT HOLDER,0,Hàng chủ lực bán chạy,"Kệ đầu dãy / lối đi chính, tầm mắt; luôn đủ tồn kho, không để trống kệ.",17746.71,653,1.077181818181818
21914,BLUE HARMONICA IN BOX ,0,Hàng chủ lực bán chạy,"Kệ đầu dãy / lối đi chính, tầm mắt; luôn đủ tồn kho, không để trống kệ.",17725.36,963,1.4485348360655736
22297,HEART IVORY TRELLIS SMALL,0,Hàng chủ lực bán chạy,"Kệ đầu dãy / lối đi chính, tầm mắt; luôn đủ tồn kho, không để trống kệ.",17702.62,969,1.6488473205257836
84970L,SINGLE HEART ZINC T-LIGHT HOLDER,0,Hàng chủ lực bán chạy,"Kệ đầu dãy / lối đi chính, tầm mắt; luôn đủ tồn kho, không để trống kệ.",17664.18,1145,1.2921874999999998
22633,HAND WARMER UNION JACK,0,Hàng chủ lực bán chạy,"Kệ đầu dãy / lối đi chính, tầm mắt; luôn đủ tồn kho, không để trống kệ.",17576.670000000002,858,2.213322222222222
20718,RED RETROSPOT SHOPPER BAG,0,Hàng chủ lực bán chạy,"Kệ đầu dãy / lối đi chính, tầm mắt; luôn đủ tồn kho, không để trống kệ.",17457.35,1213,1.655369458128079
21136,PAINTED METAL PEARS ASSORTED,0,Hàng chủ lực bán chạy,"Kệ đầu dãy / lối đi chính, tầm mắt; luôn đủ tồn kho, không để trống kệ.",17451.45,739,1.96908969210174
22557,PLASTERS IN TIN VINTAGE PAISLEY ,0,Hàng chủ lực bán chạy,"Kệ đầu dãy / lối đi chính, tầm mắt; luôn đủ tồn kho, không để trống kệ.",17401.3,1126,1.8292387543252595
84992,72 SWEETHEART FAIRY CAKE CASES,0,Hàng chủ lực bán chạy,"Kệ đầu dãy / lối đi chính, tầm mắt; luôn đủ tồn kho, không để trống kệ.",17259.850000000002,1460,0.68719707057257
22366,DOORMAT AIRMAIL ,0,Hàng chủ lực bán chạy,"Kệ đầu dãy / lối đi chính, tầm mắt; luôn đủ tồn kho, không để trống kệ.",17242.3,568,9.055017605633802
21889,WOODEN BOX OF DOMINOES,0,Hàng chủ lực bán chạy,"Kệ đầu dãy / lối đi chính, tầm mắt; luôn đủ tồn kho, không để trống kệ.",17095.66,1123,1.5520577933450088
21156,RETROSPOT CHILDRENS APRON,0,Hàng chủ lực bán chạy,"Kệ đầu dãy / lối đi chính, tầm mắt; luôn đủ tồn kho, không để trống kệ.",17002.28,930,2.240898395721925
23240,SET OF 4 KNICK KNACK TINS DOILY ,0,Hàng chủ lực bán chạy,"Kệ đầu dãy / lối đi chính, tầm mắt; luôn đủ tồn kho, không để trống kệ.",17000.170000000002,536,4.445494505494506
21535,RED RETROSPOT SMALL MILK JUG,0,Hàng chủ lực bán chạy,"Kệ đầu dãy / lối đi chính, tầm mắt; luôn đủ tồn kho, không để trống kệ.",16837.0,1111,2.864748455428067
22652,TRAVEL SEWING KIT,0,Hàng chủ lực bán chạy,"Kệ đầu dãy / lối đi chính, tầm mắt; luôn đủ tồn kho, không để trống kệ.",16794.05,830,1.9061255924170617
21164,HOME SWEET HOME METAL SIGN ,0,Hàng chủ lực bán chạy,"Kệ đầu dãy / lối đi chính, tầm mắt; luôn đủ tồn kho, không để trống kệ.",16626.41,721,3.273665283540802
21533,RETRO SPOT LARGE MILK JUG,0,Hàng chủ lực bán chạy,"Kệ đầu dãy / lối đi chính, tầm mắt; luôn đủ tồn kho, không để trống kệ.",16614.870000000003,954,5.453440748440748
22993,SET OF 4 PANTRY JELLY MOULDS,0,Hàng chủ lực bán chạy,"Kệ đầu dãy / lối đi chính, tầm mắt; luôn đủ tồn kho, không để trống kệ.",16478.48,1073,1.497788990825688
22837,HOT WATER BOTTLE BABUSHKA ,0,Hàng chủ lực bán chạy,"Kệ đầu dãy / lối đi chính, tầm mắt; luôn đủ tồn kho, không để trống kệ.",16455.18,450,5.290560344827586
21155,RED RETROSPOT PEG BAG,0,Hàng chủ lực bán chạy,"Kệ đầu dãy / lối đi chính, tầm mắt; luôn đủ tồn kho, không để trống kệ.",16343.09,969,2.8419774590163933
23301,GARDENERS KNEELING PAD KEEP CALM ,0,Hàng chủ lực bán chạy,"Kệ đầu dãy / lối đi chính, tầm mắt; luôn đủ tồn kho, không để trống kệ.",16327.349999999999,913,1.9439673913043478
35004C,SET OF 3 COLOURED  FLYING DUCKS,0,Hàng chủ lực bán chạy,"Kệ đầu dãy / lối đi chính, tầm mắt; luôn đủ tồn kho, không để trống kệ.",16218.1,380,8.083684210526316
22662,LUNCH BAG DOLLY GIRL DESIGN,0,Hàng chủ lực bán chạy,"Kệ đầu dãy / lối đi chính, tầm mắt; luôn đủ tồn kho, không để trống kệ.",16213.61,994,1.9189353233830846
22296,HEART IVORY TRELLIS LARGE,0,Hàng chủ lực bán chạy,"Kệ đầu dãy / lối đi chính, tầm mắt; luôn đủ tồn kho, không để trống kệ.",16027.559999999998,833,1.8147892271662762
21877,HOME SWEET HOME MUG,0,Hàng chủ lực bán chạy,"Kệ đầu dãy / lối đi chính, tầm mắt; luôn đủ tồn kho, không để trống kệ.",15954.75,755,1.5780845442536326
22759,SET OF 3 NOTEBOOKS IN PARCEL,0,Hàng chủ lực bán chạy,"Kệ đầu dãy / lối đi chính, tầm mắt; luôn đủ tồn kho, không để trống kệ.",15866.559999999998,795,1.9730541871921181
22690,DOORMAT HOME SWEET HOME BLUE ,0,Hàng chủ lực bán chạy,"Kệ đầu dãy / lối đi chính, tầm mắt; luôn đủ tồn kho, không để trống kệ.",15836.35,437,8.210570776255707
23313,VINTAGE CHRISTMAS BUNTING,0,Hàng chủ lực bán chạy,"Kệ đầu dãy / lối đi chính, tầm mắt; luôn đủ tồn kho, không để trống kệ.",15798.66,401,5.548627450980392
22367,CHILDRENS APRON SPACEBOY DESIGN,0,Hàng chủ lực bán chạy,"Kệ đầu dãy / lối đi chính, tầm mắt; luôn đủ tồn kho, không để trống kệ.",15778.67,1156,2.2520757967269596
84375,SET OF 20 KIDS COOKIE CUTTERS,0,Hàng chủ lực bán chạy,"Kệ đầu dãy / lối đi chính, tầm mắt; luôn đủ tồn kho, không để trống kệ.",15753.18,796,2.5122166874221667
22333,RETROSPOT PARTY BAG + STICKER SET,0,Hàng chủ lực bán chạy,"Kệ đầu dãy / lối đi chính, tầm mắt; luôn đủ tồn kho, không để trống kệ.",15639.65,697,1.8606125356125354
22619,SET OF 6 SOLDIER SKITTLES,0,Hàng chủ lực bán chạy,"Kệ đầu dãy / lối đi chính, tầm mắt; luôn đủ tồn kho, không để trống kệ.",15620.09,708,4.446620111731844
85232B,SET/3 RUSSIAN DOLL STACKING TINS,0,Hàng chủ lực bán chạy,"Kệ đầu dãy / lối đi chính, tầm mắt; luôn đủ tồn kho, không để trống kệ.",15587.000000000002,561,5.944796460176991
21891,TRADITIONAL WOODEN SKIPPING ROPE,0,Hàng chủ lực bán chạy,"Kệ đầu dãy / lối đi chính, tầm mắt; luôn đủ tồn kho, không để trống kệ.",15547.75,835,1.5365890570430734
22173,METAL 4 HOOK HANGER FRENCH CHATEAU,0,Hàng chủ lực bán chạy,"Kệ đầu dãy / lối đi chính, tầm mắt; luôn đủ tồn kho, không để trống kệ.",15411.9,997,3.7266401590457257
84378,SET OF 3 HEART COOKIE CUTTERS,0,Hàng chủ lực bán chạy,"Kệ đầu dãy / lối đi chính, tầm mắt; luôn đủ tồn kho, không để trống kệ.",15388.44,1248,1.5957911392405062
22749,FELTCRAFT PRINCESS CHARLOTTE DOLL,0,Hàng chủ lực bán chạy,"Kệ đầu dãy / lối đi chính, tầm mắt; luôn đủ tồn kho, không để trống kệ.",15354.35,685,4.075775862068965
21094,SET/6 RED SPOTTY PAPER PLATES,0,Hàng chủ lực bán chạy,"Kệ đầu dãy / lối đi chính, tầm mắt; luôn đủ tồn kho, không để trống kệ.",15334.029999999999,984,0.988060606060606
21844,RED RETROSPOT MUG,0,Hàng chủ lực bán chạy,"Kệ đầu dãy / lối đi chính, tầm mắt; luôn đủ tồn kho, không để trống kệ.",15329.44,494,3.3079637096774195
22365,DOORMAT RESPECTABLE HOUSE,0,Hàng chủ lực bán chạy,"Kệ đầu dãy / lối đi chính, tầm mắt; luôn đủ tồn kho, không để trống kệ.",15289.79,443,8.92313769751693
22940,FELTCRAFT CHRISTMAS FAIRY,0,Hàng chủ lực bán chạy,"Kệ đầu dãy / lối đi chính, tầm mắt; luôn đủ tồn kho, không để trống kệ.",15282.81,586,4.533444816053512
22909,SET OF 20 VINTAGE CHRISTMAS NAPKINS,0,Hàng chủ lực bán chạy,"Kệ đầu dãy / lối đi chính, tầm mắt; luôn đủ tồn kho, không để trống kệ.",15275.82,1086,0.9761738351254479
21975,PACK OF 60 DINOSAUR CAKE CASES,0,Hàng chủ lực bán chạy,"Kệ đầu dãy / lối đi chính, tầm mắt; luôn đủ tồn kho, không để trống kệ.",15236.62,1303,0.6300827689992475
21165,BEWARE OF THE CAT METAL SIGN ,0,Hàng chủ lực bán chạy,"Kệ đầu dãy / lối đi chính, tầm mắt; luôn đủ tồn kho, không để trống kệ.",15167.38,966,2.123363821138211
82582,AREA PATROLLED METAL SIGN,0,Hàng chủ lực bán chạy,"Kệ đầu dãy / lối đi chính, tầm mắt; luôn đủ tồn kho, không để trống kệ.",15110.980000000001,796,2.3533042394014965
35970,ZINC FOLKART SLEIGH BELLS,0,Hàng chủ lực bán chạy,"Kệ đầu dãy / lối đi chính, tầm mắt; luôn đủ tồn kho, không để trống kệ.",15072.58,692,2.25901269393512
22730,ALARM CLOCK BAKELIKE IVORY,0,Hàng chủ lực bán chạy,"Kệ đầu dãy / lối đi chính, tầm mắt; luôn đủ tồn kho, không để trống kệ.",14867.27,746,4.39781041388518
21122,SET/10 PINK POLKADOT PARTY CANDLES,0,Hàng chủ lực bán chạy,"Kệ đầu dãy / lối đi chính, tầm mắt; luôn đủ tồn kho, không để trống kệ.",14844.78,807,1.3422344322344322
21770,OPEN CLOSED METAL SIGN,0,Hàng chủ lực bán chạy,"Kệ đầu dãy / lối đi chính, tầm mắt; luôn đủ tồn kho, không để trống kệ.",14807.300000000001,651,5.4356748466257665
17003,BROCADE RING PURSE ,0,Hàng chủ lực bán chạy,"Kệ đầu dãy / lối đi chính, tầm mắt; luôn đủ tồn kho, không để trống kệ.",14766.42,456,0.3027272727272727
21912,VINTAGE SNAKES & LADDERS,0,Hàng chủ lực bán chạy,"Kệ đầu dãy / lối đi chính, tầm mắt; luôn đủ tồn kho, không để trống kệ.",14651.33,828,4.679349397590362
21380,WOODEN HAPPY BIRTHDAY GARLAND,0,Hàng chủ lực bán chạy,"Kệ đầu dãy / lối đi chính, tầm mắt; luôn đủ tồn kho, không để trống kệ.",14593.320000000002,651,3.406554878048781
84050,PINK HEART SHAPE EGG FRYING PAN,0,Hàng chủ lực bán chạy,"Kệ đầu dãy / lối đi chính, tầm mắt; luôn đủ tồn kho, không để trống kệ.",14525.0,715,2.1541551246537396
22150,3 STRIPEY MICE FELTCRAFT,0,Hàng chủ lực bán chạy,"Kệ đầu dãy / lối đi chính, tầm mắt; luôn đủ tồn kho, không để trống kệ.",14486.55,938,2.1962277951933125
21672,WHITE SPOT RED CERAMIC DRAWER KNOB,0,Hàng chủ lực bán chạy,"Kệ đầu dãy / lối đi chính, tầm mắt; luôn đủ tồn kho, không để trống kệ.",14411.13,815,1.59683192261185
21169,YOU'RE CONFUSING ME METAL SIGN ,0,Hàng chủ lực bán chạy,"Kệ đầu dãy / lối đi chính, tầm mắt; luôn đủ tồn kho, không để trống kệ.",14262.61,772,2.130267857142857
23200,JUMBO BAG PEARS,0,Hàng chủ lực bán chạy,"Kệ đầu dãy / lối đi chính, tầm mắt; luôn đủ tồn kho, không để trống kệ.",14188.960000000001,595,2.4302508361204014
84380,SET OF 3 BUTTERFLY COOKIE CUTTERS,0,Hàng chủ lực bán chạy,"Kệ đầu dãy / lối đi chính, tầm mắt; luôn đủ tồn kho, không để trống kệ.",14076.34,1114,1.6672395369545858
22804,CANDLEHOLDER PINK HANGING HEART,0,Hàng chủ lực bán chạy,"Kệ đầu dãy / lối đi chính, tầm mắt; luôn đủ tồn kho, không để trống kệ.",14075.800000000001,670,3.152126099706745
23343,JUMBO BAG VINTAGE CHRISTMAS ,0,Hàng chủ lực bán chạy,"Kệ đầu dãy / lối đi chính, tầm mắt; luôn đủ tồn kho, không để trống kệ.",13972.710000000001,476,2.417366255144033
22271,FELTCRAFT DOLL ROSIE,0,Hàng chủ lực bán chạy,"Kệ đầu dãy / lối đi chính, tầm mắt; luôn đủ tồn kho, không để trống kệ.",13921.730000000001,787,3.2711712846347605
21668,RED STRIPE CERAMIC DRAWER KNOB,0,Hàng chủ lực bán chạy,"Kệ đầu dãy / lối đi chính, tầm mắt; luôn đủ tồn kho, không để trống kệ.",13912.17,825,1.6418127250900358
22295,HEART FILIGREE DOVE LARGE,0,Hàng chủ lực bán chạy,"Kệ đầu dãy / lối đi chính, tầm mắt; luôn đủ tồn kho, không để trống kệ.",13873.539999999999,706,1.8310082872928175
21888,BINGO SET,0,Hàng chủ lực bán chạy,"Kệ đầu dãy / lối đi chính, tầm mắt; luôn đủ tồn kho, không để trống kệ.",13862.17,825,4.600822249093108
22444,GROW YOUR OWN PLANT IN A CAN ,0,Hàng chủ lực bán chạy,"Kệ đầu dãy / lối đi chính, tầm mắt; luôn đủ tồn kho, không để trống kệ.",13856.6,453,1.578920704845815
21669,BLUE STRIPE CERAMIC DRAWER KNOB,0,Hàng chủ lực bán chạy,"Kệ đầu dãy / lối đi chính, tầm mắt; luôn đủ tồn kho, không để trống kệ.",13839.18,805,1.5683516483516484
22621,TRADITIONAL KNITTING NANCY,0,Hàng chủ lực bán chạy,"Kệ đầu dãy / lối đi chính, tầm mắt; luôn đủ tồn kho, không để trống kệ.",13784.319999999998,875,1.8153475336322868
22109,FULL ENGLISH BREAKFAST PLATE,0,Hàng chủ lực bán chạy,"Kệ đầu dãy / lối đi chính, tầm mắt; luôn đủ tồn kho, không để trống kệ.",13750.11,642,5.133204930662558
47556B,TEA TIME TEA TOWELS ,0,Hàng chủ lực bán chạy,"Kệ đầu dãy / lối đi chính, tầm mắt; luôn đủ tồn kho, không để trống kệ.",13714.66,453,3.222543859649123
23077,DOUGHNUT LIP GLOSS ,0,Hàng chủ lực bán chạy,"Kệ đầu dãy / lối đi chính, tầm mắt; luôn đủ tồn kho, không để trống kệ.",13695.77,344,1.345436046511628
21871,SAVE THE PLANET MUG,0,Hàng chủ lực bán chạy,"Kệ đầu dãy / lối đi chính, tầm mắt; luôn đủ tồn kho, không để trống kệ.",13654.89,779,1.7336513994910943
22667,RECIPE BOX RETROSPOT ,0,Hàng chủ lực bán chạy,"Kệ đầu dãy / lối đi chính, tầm mắt; luôn đủ tồn kho, không để trống kệ.",13586.35,848,2.990979020979021
21390,FILIGRIS HEART WITH BUTTERFLY,0,Hàng chủ lực bán chạy,"Kệ đầu dãy / lối đi chính, tầm mắt; luôn đủ tồn kho, không để trống kệ.",13552.97,588,1.4604628099173553
21539,RED RETROSPOT BUTTER DISH,0,Hàng chủ lực bán chạy,"Kệ đầu dãy / lối đi chính, tầm mắt; luôn đủ tồn kho, không để trống kệ.",13551.640000000001,709,5.789149232914923
23356,LOVE HOT WATER BOTTLE,0,Hàng chủ lực bán chạy,"Kệ đầu dãy / lối đi chính, tầm mắt; luôn đủ tồn kho, không để trống kệ.",13334.320000000002,476,6.205617283950618
23207,LUNCH BAG ALPHABET DESIGN,0,Hàng chủ lực bán chạy,"Kệ đầu dãy / lối đi chính, tầm mắt; luôn đủ tồn kho, không để trống kệ.",13325.55,740,1.9909656084656082
22207,FRYING PAN UNION FLAG,0,Hàng chủ lực bán chạy,"Kệ đầu dãy / lối đi chính, tầm mắt; luôn đủ tồn kho, không để trống kệ.",13298.57,480,5.545791666666667
23108,SET OF 10 LED DOLLY LIGHTS,0,Hàng chủ lực bán chạy,"Kệ đầu dãy / lối đi chính, tầm mắt; luôn đủ tồn kho, không để trống kệ.",13290.519999999999,372,6.469919571045577
22584,PACK OF 6 PANNETONE GIFT BOXES,0,Hàng chủ lực bán chạy,"Kệ đầu dãy / lối đi chính, tầm mắt; luôn đủ tồn kho, không để trống kệ.",13287.78,589,2.86272268907563
21673,WHITE SPOT BLUE CERAMIC DRAWER KNOB,0,Hàng chủ lực bán chạy,"Kệ đầu dãy / lối đi chính, tầm mắt; luôn đủ tồn kho, không để trống kệ.",13272.39,763,1.6327083333333334
23328,SET 6 SCHOOL MILK BOTTLES IN CRATE,0,Hàng chủ lực bán chạy,"Kệ đầu dãy / lối đi chính, tầm mắt; luôn đủ tồn kho, không để trống kệ.",13269.49,405,4.845672371638142
21098,CHRISTMAS TOILET ROLL,0,Hàng chủ lực bán chạy,"Kệ đầu dãy / lối đi chính, tầm mắt; luôn đủ tồn kho, không để trống kệ.",13263.93,596,1.6363474025974025
21704,BAG 250g SWIRLY MARBLES,0,Hàng chủ lực bán chạy,"Kệ đầu dãy / lối đi chính, tầm mắt; luôn đủ tồn kho, không để trống kệ.",13235.16,568,0.9764982578397212
15044A,PINK PAPER PARASOL ,0,Hàng chủ lực bán chạy,"Kệ đầu dãy / lối đi chính, tầm mắt; luôn đủ tồn kho, không để trống kệ.",13210.85,250,3.5974
75049L,LARGE CIRCULAR MIRROR MOBILE,0,Hàng chủ lực bán chạy,"Kệ đầu dãy / lối đi chính, tầm mắt; luôn đủ tồn kho, không để trống kệ.",13153.8,344,1.554119318181818
20676,RED RETROSPOT BOWL,0,Hàng chủ lực bán chạy,"Kệ đầu dãy / lối đi chính, tầm mắt; luôn đủ tồn kho, không để trống kệ.",13105.7,966,1.5504423868312758
21935,SUKI  SHOULDER BAG,0,Hàng chủ lực bán chạy,"Kệ đầu dãy / lối đi chính, tầm mắt; luôn đủ tồn kho, không để trống kệ.",13103.21,921,2.310639913232104
22088,PAPER BUNTING COLOURED LACE,0,Hàng chủ lực bán chạy,"Kệ đầu dãy / lối đi chính, tầm mắt; luôn đủ tồn kho, không để trống kệ.",13076.880000000001,619,3.5205271565495204
22553,PLASTERS IN TIN SKULLS,0,Hàng chủ lực bán chạy,"Kệ đầu dãy / lối đi chính, tầm mắt; luôn đủ tồn kho, không để trống kệ.",13013.149999999998,1090,1.9017960288808664
22464,HANGING METAL HEART LANTERN,0,Hàng chủ lực bán chạy,"Kệ đầu dãy / lối đi chính, tầm mắt; luôn đủ tồn kho, không để trống kệ.",12985.309999999998,784,1.9095220125786163
84988,SET OF 72 PINK HEART PAPER DOILIES,0,Hàng chủ lực bán chạy,"Kệ đầu dãy / lối đi chính, tầm mắt; luôn đủ tồn kho, không để trống kệ.",12913.24,1019,2.097966764418377
22766,PHOTO FRAME CORNICE,0,Hàng chủ lực bán chạy,"Kệ đầu dãy / lối đi chính, tầm mắt; luôn đủ tồn kho, không để trống kệ.",12864.25,640,3.1835038759689924
15056P,EDWARDIAN PARASOL PINK,0,Hàng chủ lực bán chạy,"Kệ đầu dãy / lối đi chính, tầm mắt; luôn đủ tồn kho, không để trống kệ.",12806.76,382,6.863368146214099
22198,LARGE POPCORN HOLDER ,0,Hàng chủ lực bán chạy,"Kệ đầu dãy / lối đi chính, tầm mắt; luôn đủ tồn kho, không để trống kệ.",12759.609999999999,646,2.0664525993883793
22303,COFFEE MUG APPLES DESIGN,0,Hàng chủ lực bán chạy,"Kệ đầu dãy / lối đi chính, tầm mắt; luôn đủ tồn kho, không để trống kệ.",12701.63,540,2.72731977818854
22646,CERAMIC STRAWBERRY CAKE MONEY BANK,0,Hàng chủ lực bán chạy,"Kệ đầu dãy / lối đi chính, tầm mắt; luôn đủ tồn kho, không để trống kệ.",12654.71,880,1.8726793721973094
22616,PACK OF 12 LONDON TISSUES ,0,Hàng chủ lực bán chạy,"Kệ đầu dãy / lối đi chính, tầm mắt; luôn đủ tồn kho, không để trống kệ.",12460.16,825,0.4251605231866825
62018,SOMBRERO ,0,Hàng chủ lực bán chạy,"Kệ đầu dãy / lối đi chính, tầm mắt; luôn đủ tồn kho, không để trống kệ.",12450.85,127,1.7956692913385826
22144,CHRISTMAS CRAFT LITTLE FRIENDS,0,Hàng chủ lực bán chạy,"Kệ đầu dãy / lối đi chính, tầm mắt; luôn đủ tồn kho, không để trống kệ.",12382.470000000001,704,2.5934078212290506
23174,REGENCY SUGAR BOWL GREEN,0,Hàng chủ lực bán chạy,"Kệ đầu dãy / lối đi chính, tầm mắt; luôn đủ tồn kho, không để trống kệ.",12342.43,322,4.795123456790124
21671,RED SPOT CERAMIC DRAWER KNOB,0,Hàng chủ lực bán chạy,"Kệ đầu dãy / lối đi chính, tầm mắt; luôn đủ tồn kho, không để trống kệ.",12339.32,727,1.6134520547945204
22631,CIRCUS PARADE LUNCH BOX ,0,Hàng chủ lực bán chạy,"Kệ đầu dãy / lối đi chính, tầm mắt; luôn đủ tồn kho, không để trống kệ.",12241.849999999999,663,2.4969093610698367
85042,ANTIQUE LILY FAIRY LIGHTS,0,Hàng chủ lực bán chạy,"Kệ đầu dãy / lối đi chính, tầm mắt; luôn đủ tồn kho, không để trống kệ.",12234.56,292,4.9809797297297305
22082,RIBBON REEL STRIPES DESIGN ,0,Hàng chủ lực bán chạy,"Kệ đầu dãy / lối đi chính, tầm mắt; luôn đủ tồn kho, không để trống kệ.",12192.05,957,1.8920799180327867
21124,SET/10 BLUE SPOTTY PARTY CANDLES,0,Hàng chủ lực bán chạy,"Kệ đầu dãy / lối đi chính, tầm mắt; luôn đủ tồn kho, không để trống kệ.",12172.79,629,1.2978627145085804
22301,COFFEE MUG CAT + BIRD DESIGN,0,Hàng chủ lực bán chạy,"Kệ đầu dãy / lối đi chính, tầm mắt; luôn đủ tồn kho, không để trống kệ.",12124.78,643,3.1771007751937983
21670,BLUE SPOT CERAMIC DRAWER KNOB,0,Hàng chủ lực bán chạy,"Kệ đầu dãy / lối đi chính, tầm mắt; luôn đủ tồn kho, không để trống kệ.",12074.4,767,1.6382901554404146
20969,RED FLORAL FELTCRAFT SHOULDER BAG,0,Hàng chủ lực bán chạy,"Kệ đầu dãy / lối đi chính, tầm mắt; luôn đủ tồn kho, không để trống kệ.",12066.52,613,4.244845528455285
21937,STRAWBERRY   PICNIC BAG,0,Hàng chủ lực bán chạy,"Kệ đầu dãy / lối đi chính, tầm mắt; luôn đủ tồn kho, không để trống kệ.",12038.82,657,3.6050832072617247
84212,"ASSORTED FLOWER COLOUR ""LEIS""",0,Hàng chủ lực bán chạy,"Kệ đầu dãy / lối đi chính, tầm mắt; luôn đủ tồn kho, không để trống kệ.",11961.49,277,0.8430935251798561
21787,RAIN PONCHO RETROSPOT,0,Hàng chủ lực bán chạy,"Kệ đầu dãy / lối đi chính, tầm mắt; luôn đủ tồn kho, không để trống kệ.",11926.08,469,1.0361134453781513
21242,RED RETROSPOT PLATE ,0,Hàng chủ lực bán chạy,"Kệ đầu dãy / lối đi chính, tầm mắt; luôn đủ tồn kho, không để trống kệ.",11917.73,657,1.9941641337386016
84987,SET OF 36 TEATIME PAPER DOILIES,0,Hàng chủ lực bán chạy,"Kệ đầu dãy / lối đi chính, tầm mắt; luôn đủ tồn kho, không để trống kệ.",11864.15,812,1.8061029411764706
22729,ALARM CLOCK BAKELIKE ORANGE,0,Hàng chủ lực bán chạy,"Kệ đầu dãy / lối đi chính, tầm mắt; luôn đủ tồn kho, không để trống kệ.",11864.0,612,4.47391935483871
22243,5 HOOK HANGER RED MAGIC TOADSTOOL,0,Hàng chủ lực bán chạy,"Kệ đầu dãy / lối đi chính, tầm mắt; luôn đủ tồn kho, không để trống kệ.",11860.249999999998,388,1.904632911392405
20975,12 PENCILS SMALL TUBE RED RETROSPOT,0,Hàng chủ lực bán chạy,"Kệ đầu dãy / lối đi chính, tầm mắt; luôn đủ tồn kho, không để trống kệ.",11848.710000000001,902,0.7395263724434876
22488,NATURAL SLATE RECTANGLE CHALKBOARD,0,Hàng chủ lực bán chạy,"Kệ đầu dãy / lối đi chính, tầm mắt; luôn đủ tồn kho, không để trống kệ.",11788.06,808,1.9600369913686806
23300,GARDENERS KNEELING PAD CUP OF TEA ,0,Hàng chủ lực bán chạy,"Kệ đầu dãy / lối đi chính, tầm mắt; luôn đủ tồn kho, không để trống kệ.",11785.99,758,1.9087597911227152
21428,SET3 BOOK BOX GREEN GINGHAM FLOWER ,0,Hàng chủ lực bán chạy,"Kệ đầu dãy / lối đi chính, tầm mắt; luôn đủ tồn kho, không để trống kệ.",11762.93,465,5.06049356223176
22791,T-LIGHT GLASS FLUTED ANTIQUE,0,Hàng chủ lực bán chạy,"Kệ đầu dãy / lối đi chính, tầm mắt; luôn đủ tồn kho, không để trống kệ.",11728.69,434,1.5024827586206897
22750,FELTCRAFT PRINCESS LOLA DOLL,0,Hàng chủ lực bán chạy,"Kệ đầu dãy / lối đi chính, tầm mắt; luôn đủ tồn kho, không để trống kệ.",11697.6,647,4.025092024539878
22943,CHRISTMAS LIGHTS 10 VINTAGE BAUBLES,0,Hàng chủ lực bán chạy,"Kệ đầu dãy / lối đi chính, tầm mắt; luôn đủ tồn kho, không để trống kệ.",11696.640000000001,356,5.995530726256984
21154,RED RETROSPOT OVEN GLOVE ,0,Hàng chủ lực bán chạy,"Kệ đầu dãy / lối đi chính, tầm mắt; luôn đủ tồn kho, không để trống kệ.",11694.95,903,1.7686319218241042
22151,PLACE SETTING WHITE HEART,0,Hàng chủ lực bán chạy,"Kệ đầu dãy / lối đi chính, tầm mắt; luôn đủ tồn kho, không để trống kệ.",11609.19,716,0.5367527173913044
21326,AGED GLASS SILVER T-LIGHT HOLDER,0,Hàng chủ lực bán chạy,"Kệ đầu dãy / lối đi chính, tầm mắt; luôn đủ tồn kho, không để trống kệ.",11593.86,643,0.8101834862385321
23581,JUMBO BAG PAISLEY PARK,0,Hàng chủ lực bán chạy,"Kệ đầu dãy / lối đi chính, tầm mắt; luôn đủ tồn kho, không để trống kệ.",11581.83,338,2.256289855072464
21260,FIRST AID TIN,0,Hàng chủ lực bán chạy,"Kệ đầu dãy / lối đi chính, tầm mắt; luôn đủ tồn kho, không để trống kệ.",11564.43,534,3.8146654275092935
22508,DOORSTOP RETROSPOT HEART,0,Hàng chủ lực bán chạy,"Kệ đầu dãy / lối đi chính, tầm mắt; luôn đủ tồn kho, không để trống kệ.",11561.95,697,4.388196022727272
22637,PIGGY BANK RETROSPOT ,0,Hàng chủ lực bán chạy,"Kệ đầu dãy / lối đi chính, tầm mắt; luôn đủ tồn kho, không để trống kệ.",11492.82,598,3.0163272120200335
22663,JUMBO BAG DOLLY GIRL DESIGN,0,Hàng chủ lực bán chạy,"Kệ đầu dãy / lối đi chính, tầm mắt; luôn đủ tồn kho, không để trống kệ.",11465.29,688,2.4382778581765554
82001S,VINYL RECORD FRAME SILVER,0,Hàng chủ lực bán chạy,"Kệ đầu dãy / lối đi chính, tầm mắt; luôn đủ tồn kho, không để trống kệ.",11464.38,259,4.613333333333333
22950,36 DOILIES VINTAGE CHRISTMAS,0,Hàng chủ lực bán chạy,"Kệ đầu dãy / lối đi chính, tầm mắt; luôn đủ tồn kho, không để trống kệ.",11452.64,352,1.5710393258426965
22740,POLKADOT PEN,0,Hàng chủ lực bán chạy,"Kệ đầu dãy / lối đi chính, tầm mắt; luôn đủ tồn kho, không để trống kệ.",11395.31,300,1.0864784053156145
21172,PARTY METAL SIGN ,0,Hàng chủ lực bán chạy,"Kệ đầu dãy / lối đi chính, tầm mắt; luôn đủ tồn kho, không để trống kệ.",11382.16,971,1.912512664640324
21429,RED GINGHAM ROSE JEWELLERY BOX,0,Hàng chủ lực bán chạy,"Kệ đầu dãy / lối đi chính, tầm mắt; luôn đủ tồn kho, không để trống kệ.",11342.25,997,2.1040532544378694
22834,HAND WARMER BABUSHKA DESIGN,0,Hàng chủ lực bán chạy,"Kệ đầu dãy / lối đi chính, tầm mắt; luôn đủ tồn kho, không để trống kệ.",11287.630000000001,597,2.289543230016313
22988,SOLDIERS EGG CUP ,0,Hàng chủ lực bán chạy,"Kệ đầu dãy / lối đi chính, tầm mắt; luôn đủ tồn kho, không để trống kệ.",11238.45,446,1.4986474501108646
72351B,SET/6 PINK  BUTTERFLY T-LIGHTS,0,Hàng chủ lực bán chạy,"Kệ đầu dãy / lối đi chính, tầm mắt; luôn đủ tồn kho, không để trống kệ.",11184.89,499,2.362924901185771
47599A,PINK PARTY BAGS,0,Hàng chủ lực bán chạy,"Kệ đầu dãy / lối đi chính, tầm mắt; luôn đủ tồn kho, không để trống kệ.",11180.57,369,2.2879892761394105
21868,POTTING SHED TEA MUG,0,Hàng chủ lực bán chạy,"Kệ đầu dãy / lối đi chính, tầm mắt; luôn đủ tồn kho, không để trống kệ.",11163.64,881,1.6171621621621621
22417,PACK OF 60 SPACEBOY CAKE CASES,0,Hàng chủ lực bán chạy,"Kệ đầu dãy / lối đi chính, tầm mắt; luôn đủ tồn kho, không để trống kệ.",11159.9,1103,0.7101066666666667
23170,REGENCY TEA PLATE ROSES ,0,Hàng chủ lực bán chạy,"Kệ đầu dãy / lối đi chính, tầm mắt; luôn đủ tồn kho, không để trống kệ.",11097.249999999998,445,2.075707865168539
22620,4 TRADITIONAL SPINNING TOPS,0,Hàng chủ lực bán chạy,"Kệ đầu dãy / lối đi chính, tầm mắt; luôn đủ tồn kho, không để trống kệ.",11073.449999999999,841,1.572578763127188
22130,PARTY CONE CHRISTMAS DECORATION ,0,Hàng chủ lực bán chạy,"Kệ đầu dãy / lối đi chính, tầm mắt; luôn đủ tồn kho, không để trống kệ.",10991.21,424,1.8005092592592593
21749,LARGE RED RETROSPOT WINDMILL,0,Hàng chủ lực bán chạy,"Kệ đầu dãy / lối đi chính, tầm mắt; luôn đủ tồn kho, không để trống kệ.",10980.980000000001,286,2.5434615384615387
22694,WICKER STAR ,0,Hàng chủ lực bán chạy,"Kệ đầu dãy / lối đi chính, tầm mắt; luôn đủ tồn kho, không để trống kệ.",10958.6,858,2.4002183908045978
20828,GLITTER BUTTERFLY CLIPS,0,Hàng chủ lực bán chạy,"Kệ đầu dãy / lối đi chính, tầm mắt; luôn đủ tồn kho, không để trống kệ.",10940.48,607,2.935849358974359
22668,PINK BABY BUNTING,0,Hàng chủ lực bán chạy,"Kệ đầu dãy / lối đi chính, tầm mắt; luôn đủ tồn kho, không để trống kệ.",10898.05,579,3.9153886010362697
21907,I'M ON HOLIDAY METAL SIGN,0,Hàng chủ lực bán chạy,"Kệ đầu dãy / lối đi chính, tầm mắt; luôn đủ tồn kho, không để trống kệ.",10866.220000000001,771,2.2837194337194338
21498,RED RETROSPOT WRAP ,0,Hàng chủ lực bán chạy,"Kệ đầu dãy / lối đi chính, tầm mắt; luôn đủ tồn kho, không để trống kệ.",10851.92,802,0.41748129675810475
37370,RETRO COFFEE MUGS ASSORTED,0,Hàng chủ lực bán chạy,"Kệ đầu dãy / lối đi chính, tầm mắt; luôn đủ tồn kho, không để trống kệ.",10821.29,492,5.550721442885772
21558,SKULL LUNCH BOX WITH CUTLERY ,0,Hàng chủ lực bán chạy,"Kệ đầu dãy / lối đi chính, tầm mắt; luôn đủ tồn kho, không để trống kệ.",10810.66,768,3.2576030927835053
21086,SET/6 RED SPOTTY PAPER CUPS,0,Hàng chủ lực bán chạy,"Kệ đầu dãy / lối đi chính, tầm mắt; luôn đủ tồn kho, không để trống kệ.",10781.810000000001,843,0.8944613583138173
22274,FELTCRAFT DOLL EMILY,0,Hàng chủ lực bán chạy,"Kệ đầu dãy / lối đi chính, tầm mắt; luôn đủ tồn kho, không để trống kệ.",10770.070000000002,656,3.2660060514372162
22904,CALENDAR PAPER CUT DESIGN,0,Hàng chủ lực bán chạy,"Kệ đầu dãy / lối đi chính, tầm mắt; luôn đủ tồn kho, không để trống kệ.",10755.050000000001,463,3.3329550321199144
22812,PACK 3 BOXES CHRISTMAS PANNETONE,0,Hàng chủ lực bán chạy,"Kệ đầu dãy / lối đi chính, tầm mắt; luôn đủ tồn kho, không để trống kệ.",10734.43,462,2.5486680761099367
21833,CAMOUFLAGE LED TORCH,0,Hàng chủ lực bán chạy,"Kệ đầu dãy / lối đi chính, tầm mắt; luôn đủ tồn kho, không để trống kệ.",10681.67,444,2.048943820224719
21624,VINTAGE UNION JACK DOORSTOP,0,Hàng chủ lực bán chạy,"Kệ đầu dãy / lối đi chính, tầm mắt; luôn đủ tồn kho, không để trống kệ.",10641.15,403,6.616987654320988
21974,SET OF 36 PAISLEY FLOWER DOILIES,0,Hàng chủ lực bán chạy,"Kệ đầu dãy / lối đi chính, tầm mắt; luôn đủ tồn kho, không để trống kệ.",10622.15,808,1.989320987654321
22064,PINK DOUGHNUT TRINKET POT ,0,Hàng chủ lực bán chạy,"Kệ đầu dãy / lối đi chính, tầm mắt; luôn đủ tồn kho, không để trống kệ.",10592.66,693,2.1429320113314447
22348,TEA BAG PLATE RED RETROSPOT,0,Hàng chủ lực bán chạy,"Kệ đầu dãy / lối đi chính, tầm mắt; luôn đủ tồn kho, không để trống kệ.",10583.119999999999,961,1.0709783728115345
22349,DOG BOWL CHASING BALL DESIGN,0,Hàng chủ lực bán chạy,"Kệ đầu dãy / lối đi chính, tầm mắt; luôn đủ tồn kho, không để trống kệ.",10551.67,366,4.150815217391305
22595,GINGHAM HEART DECORATION,0,Hàng chủ lực bán chạy,"Kệ đầu dãy / lối đi chính, tầm mắt; luôn đủ tồn kho, không để trống kệ.",10544.32,796,1.0012779156327543
22302,COFFEE MUG PEARS  DESIGN,0,Hàng chủ lực bán chạy,"Kệ đầu dãy / lối đi chính, tầm mắt; luôn đủ tồn kho, không để trống kệ.",10492.449999999999,396,2.723233082706767
21890,S/6 WOODEN SKITTLES IN COTTON BAG,0,Hàng chủ lực bán chạy,"Kệ đầu dãy / lối đi chính, tầm mắt; luôn đủ tồn kho, không để trống kệ.",10451.6,547,3.727256317689531
20754,RETROSPOT RED WASHING UP GLOVES,0,Hàng chủ lực bán chạy,"Kệ đầu dãy / lối đi chính, tầm mắt; luôn đủ tồn kho, không để trống kệ.",10444.82,852,2.488578088578089
23208,LUNCH BAG VINTAGE LEAF DESIGN,0,Hàng chủ lực bán chạy,"Kệ đầu dãy / lối đi chính, tầm mắt; luôn đủ tồn kho, không để trống kệ.",10441.91,668,1.9362038404726736
22418,10 COLOUR SPACEBOY PEN,0,Hàng chủ lực bán chạy,"Kệ đầu dãy / lối đi chính, tầm mắt; luôn đủ tồn kho, không để trống kệ.",10417.73,586,1.0154237288135595
21982,PACK OF 12 SUKI TISSUES ,0,Hàng chủ lực bán chạy,"Kệ đầu dãy / lối đi chính, tầm mắt; luôn đủ tồn kho, không để trống kệ.",10395.88,718,0.45087431693989066
22174,PHOTO CUBE,0,Hàng chủ lực bán chạy,"Kệ đầu dãy / lối đi chính, tầm mắt; luôn đủ tồn kho, không để trống kệ.",10374.33,557,2.52070796460177
22992,REVOLVER WOODEN RULER ,0,Hàng chủ lực bán chạy,"Kệ đầu dãy / lối đi chính, tầm mắt; luôn đủ tồn kho, không để trống kệ.",10373.99,348,2.2714044943820224
22725,ALARM CLOCK BAKELIKE CHOCOLATE,0,Hàng chủ lực bán chạy,"Kệ đầu dãy / lối đi chính, tầm mắt; luôn đủ tồn kho, không để trống kệ.",10324.92,549,4.72523381294964
22089,PAPER BUNTING VINTAGE PAISLEY,0,Hàng chủ lực bán chạy,"Kệ đầu dãy / lối đi chính, tầm mắt; luôn đủ tồn kho, không để trống kệ.",10303.35,552,3.3832620320855615
20979,36 PENCILS TUBE RED RETROSPOT,0,Hàng chủ lực bán chạy,"Kệ đầu dãy / lối đi chính, tầm mắt; luôn đủ tồn kho, không để trống kệ.",10271.81,709,1.569535864978903
22380,TOY TIDY SPACEBOY  ,0,Hàng chủ lực bán chạy,"Kệ đầu dãy / lối đi chính, tầm mắt; luôn đủ tồn kho, không để trống kệ.",10217.66,688,2.4647971014492756
23582,VINTAGE DOILY JUMBO BAG RED ,0,Hàng chủ lực bán chạy,"Kệ đầu dãy / lối đi chính, tầm mắt; luôn đủ tồn kho, không để trống kệ.",10206.41,259,2.2147709923664123
21531,RED RETROSPOT SUGAR JAM BOWL,0,Hàng chủ lực bán chạy,"Kệ đầu dãy / lối đi chính, tầm mắt; luôn đủ tồn kho, không để trống kệ.",10174.119999999999,776,3.038633461047254
20682,RED RETROSPOT CHILDRENS UMBRELLA,0,Hàng chủ lực bán chạy,"Kệ đầu dãy / lối đi chính, tầm mắt; luôn đủ tồn kho, không để trống kệ.",10171.31,589,3.8574704890387856
22748,POPPY'S PLAYHOUSE KITCHEN,0,Hàng chủ lực bán chạy,"Kệ đầu dãy / lối đi chính, tầm mắt; luôn đủ tồn kho, không để trống kệ.",10161.4,742,2.4121276595744683
21892,TRADITIONAL WOODEN CATCH CUP GAME ,0,Hàng chủ lực bán chạy,"Kệ đầu dãy / lối đi chính, tầm mắt; luôn đủ tồn kho, không để trống kệ.",10151.28,818,1.570631704410012
22771,CLEAR DRAWER KNOB ACRYLIC EDWARDIAN,0,Hàng chủ lực bán chạy,"Kệ đầu dãy / lối đi chính, tầm mắt; luôn đủ tồn kho, không để trống kệ.",10147.08,512,1.5403846153846155
22970,LONDON BUS COFFEE MUG,0,Hàng chủ lực bán chạy,"Kệ đầu dãy / lối đi chính, tầm mắt; luôn đủ tồn kho, không để trống kệ.",10140.6,317,2.730219435736677
21033,JUMBO BAG CHARLIE AND LOLA TOYS,0,Hàng chủ lực bán chạy,"Kệ đầu dãy / lối đi chính, tầm mắt; luôn đủ tồn kho, không để trống kệ.",10132.11,573,3.3389703315881327
22966,GINGERBREAD MAN COOKIE CUTTER,0,Hàng chủ lực bán chạy,"Kệ đầu dãy / lối đi chính, tầm mắt; luôn đủ tồn kho, không để trống kệ.",10131.26,732,1.440776439089692
23171,REGENCY TEA PLATE GREEN ,0,Hàng chủ lực bán chạy,"Kệ đầu dãy / lối đi chính, tầm mắt; luôn đủ tồn kho, không để trống kệ.",10051.99,381,2.128433420365535
22327,ROUND SNACK BOXES SET OF 4 SKULLS,0,Hàng chủ lực bán chạy,"Kệ đầu dãy / lối đi chính, tầm mắt; luôn đủ tồn kho, không để trống kệ.",9943.550000000001,646,3.8013030303030306
23076,ICE CREAM SUNDAE LIP GLOSS,0,Hàng chủ lực bán chạy,"Kệ đầu dãy / lối đi chính, tầm mắt; luôn đủ tồn kho, không để trống kệ.",9935.76,277,1.35028880866426
22645,CERAMIC HEART FAIRY CAKE MONEY BANK,0,Hàng chủ lực bán chạy,"Kệ đầu dãy / lối đi chính, tầm mắt; luôn đủ tồn kho, không để trống kệ.",9925.13,741,2.0187282463186076
22131,FOOD CONTAINER SET 3 LOVE HEART ,0,Hàng chủ lực bán chạy,"Kệ đầu dãy / lối đi chính, tầm mắt; luôn đủ tồn kho, không để trống kệ.",9914.89,692,2.551026722925457
22300,COFFEE MUG DOG + BALL DESIGN,0,Hàng chủ lực bán chạy,"Kệ đầu dãy / lối đi chính, tầm mắt; luôn đủ tồn kho, không để trống kệ.",9891.4,526,3.0111320754716977
22466,FAIRY TALE COTTAGE NIGHTLIGHT,0,Hàng chủ lực bán chạy,"Kệ đầu dãy / lối đi chính, tầm mắt; luôn đủ tồn kho, không để trống kệ.",9857.18,394,2.3722670025188917
22429,ENAMEL MEASURING JUG CREAM,0,Hàng chủ lực bán chạy,"Kệ đầu dãy / lối đi chính, tầm mắt; luôn đủ tồn kho, không để trống kệ.",9844.039999999999,625,4.822738853503185
20829,GLITTER HANGING BUTTERFLY STRING,0,Hàng chủ lực bán chạy,"Kệ đầu dãy / lối đi chính, tầm mắt; luôn đủ tồn kho, không để trống kệ.",9825.02,481,2.4219755600814663
20677,PINK POLKADOT BOWL,0,Hàng chủ lực bán chạy,"Kệ đầu dãy / lối đi chính, tầm mắt; luôn đủ tồn kho, không để trống kệ.",9798.06,760,1.5826007802340702
21488,RED WHITE SCARF  HOT WATER BOTTLE,0,Hàng chủ lực bán chạy,"Kệ đầu dãy / lối đi chính, tầm mắt; luôn đủ tồn kho, không để trống kệ.",9784.58,359,4.569120879120879
22745,POPPY'S PLAYHOUSE BEDROOM ,0,Hàng chủ lực bán chạy,"Kệ đầu dãy / lối đi chính, tầm mắt; luôn đủ tồn kho, không để trống kệ.",9764.640000000001,703,2.482682584269663
79000,MOROCCAN TEA GLASS,0,Hàng chủ lực bán chạy,"Kệ đầu dãy / lối đi chính, tầm mắt; luôn đủ tồn kho, không để trống kệ.",9759.91,436,1.3779587155963302
22549,PICTURE DOMINOES,0,Hàng chủ lực bán chạy,"Kệ đầu dãy / lối đi chính, tầm mắt; luôn đủ tồn kho, không để trống kệ.",9718.41,711,1.8593767313019391
22665,RECIPE BOX BLUE SKETCHBOOK DESIGN,0,Hàng chủ lực bán chạy,"Kệ đầu dãy / lối đi chính, tầm mắt; luôn đủ tồn kho, không để trống kệ.",9589.84,703,3.7711456859971717
23175,REGENCY MILK JUG PINK ,0,Hàng chủ lực bán chạy,"Kệ đầu dãy / lối đi chính, tầm mắt; luôn đủ tồn kho, không để trống kệ.",9587.15,329,3.8787915407854987
85049A,TRADITIONAL CHRISTMAS RIBBONS,0,Hàng chủ lực bán chạy,"Kệ đầu dãy / lối đi chính, tầm mắt; luôn đủ tồn kho, không để trống kệ.",9566.02,718,1.5829138166894663
22978,PANTRY ROLLING PIN,0,Hàng chủ lực bán chạy,"Kệ đầu dãy / lối đi chính, tầm mắt; luôn đủ tồn kho, không để trống kệ.",9564.98,238,4.3442436974789915
82552,WASHROOM METAL SIGN,0,Hàng chủ lực bán chạy,"Kệ đầu dãy / lối đi chính, tầm mắt; luôn đủ tồn kho, không để trống kệ.",9527.16,794,1.5468875
35961,FOLKART ZINC HEART CHRISTMAS DEC,0,Hàng chủ lực bán chạy,"Kệ đầu dãy / lối đi chính, tầm mắt; luôn đủ tồn kho, không để trống kệ.",9514.779999999999,637,1.1431424148606812
21716,BOYS VINTAGE TIN SEASIDE BUCKET,0,Hàng chủ lực bán chạy,"Kệ đầu dãy / lối đi chính, tầm mắt; luôn đủ tồn kho, không để trống kệ.",9397.07,496,3.3368737474949897
20970,PINK FLORAL FELTCRAFT SHOULDER BAG,0,Hàng chủ lực bán chạy,"Kệ đầu dãy / lối đi chính, tầm mắt; luôn đủ tồn kho, không để trống kệ.",9387.29,574,4.142339688041595
21385,IVORY HANGING DECORATION  HEART,0,Hàng chủ lực bán chạy,"Kệ đầu dãy / lối đi chính, tầm mắt; luôn đủ tồn kho, không để trống kệ.",9358.939999999999,690,1.0488716502115656
22357,KINGS CHOICE BISCUIT TIN,0,Hàng chủ lực bán chạy,"Kệ đầu dãy / lối đi chính, tầm mắt; luôn đủ tồn kho, không để trống kệ.",9352.41,462,5.123658008658009
85049E,SCANDINAVIAN REDS RIBBONS,0,Hàng chủ lực bán chạy,"Kệ đầu dãy / lối đi chính, tầm mắt; luôn đủ tồn kho, không để trống kệ.",9346.72,891,1.5995269526952696
84692,BOX OF 24 COCKTAIL PARASOLS,0,Hàng chủ lực bán chạy,"Kệ đầu dãy / lối đi chính, tầm mắt; luôn đủ tồn kho, không để trống kệ.",9336.68,1122,0.6297456140350877
21243,PINK  POLKADOT PLATE ,0,Hàng chủ lực bán chạy,"Kệ đầu dãy / lối đi chính, tầm mắt; luôn đủ tồn kho, không để trống kệ.",9287.699999999999,503,2.011964285714286
22219,LOVEBIRD HANGING DECORATION WHITE ,0,Hàng chủ lực bán chạy,"Kệ đầu dãy / lối đi chính, tầm mắt; luôn đủ tồn kho, không để trống kệ.",9270.48,1149,1.1349401709401707
22072,RED RETROSPOT TEA CUP AND SAUCER ,0,Hàng chủ lực bán chạy,"Kệ đầu dãy / lối đi chính, tầm mắt; luôn đủ tồn kho, không để trống kệ.",9231.01,511,4.430304761904762
23319,BOX OF 6 MINI 50'S CRACKERS,0,Hàng chủ lực bán chạy,"Kệ đầu dãy / lối đi chính, tầm mắt; luôn đủ tồn kho, không để trống kệ.",9219.53,403,2.651167883211679
21745,GAOLERS KEYS DECORATIVE GARDEN ,0,Hàng chủ lực bán chạy,"Kệ đầu dãy / lối đi chính, tầm mắt; luôn đủ tồn kho, không để trống kệ.",9201.49,486,3.953394308943089
22741,FUNKY DIVA PEN,0,Hàng chủ lực bán chạy,"Kệ đầu dãy / lối đi chính, tầm mắt; luôn đủ tồn kho, không để trống kệ.",9173.029999999999,292,1.0997610921501706
23318,BOX OF 6 MINI VINTAGE CRACKERS,0,Hàng chủ lực bán chạy,"Kệ đầu dãy / lối đi chính, tầm mắt; luôn đủ tồn kho, không để trống kệ.",9162.41,376,2.7416492146596863
22195,LARGE HEART MEASURING SPOONS,0,Hàng chủ lực bán chạy,"Kệ đầu dãy / lối đi chính, tầm mắt; luôn đủ tồn kho, không để trống kệ.",9144.24,811,2.247609223300971
22244,3 HOOK HANGER MAGIC GARDEN,0,Hàng chủ lực bán chạy,"Kệ đầu dãy / lối đi chính, tầm mắt; luôn đủ tồn kho, không để trống kệ.",9101.96,431,2.691319444444445
21933,PINK VINTAGE PAISLEY PICNIC BAG,0,Hàng chủ lực bán chạy,"Kệ đầu dãy / lối đi chính, tầm mắt; luôn đủ tồn kho, không để trống kệ.",9087.63,625,2.4375316455696203
21041,RED RETROSPOT OVEN GLOVE DOUBLE,0,Hàng chủ lực bán chạy,"Kệ đầu dãy / lối đi chính, tầm mắt; luôn đủ tồn kho, không để trống kệ.",9049.29,525,4.075584905660377
22989,SET 2 PANTRY DESIGN TEA TOWELS,0,Hàng chủ lực bán chạy,"Kệ đầu dãy / lối đi chính, tầm mắt; luôn đủ tồn kho, không để trống kệ.",8999.27,372,3.6862698412698416
21715,GIRLS VINTAGE TIN SEASIDE BUCKET,0,Hàng chủ lực bán chạy,"Kệ đầu dãy / lối đi chính, tầm mắt; luôn đủ tồn kho, không để trống kệ.",8987.24,487,3.257576374745417
21985,PACK OF 12 HEARTS DESIGN TISSUES ,0,Hàng chủ lực bán chạy,"Kệ đầu dãy / lối đi chính, tầm mắt; luôn đủ tồn kho, không để trống kệ.",8972.11,919,0.4081974248927039
22141,CHRISTMAS CRAFT TREE TOP ANGEL,0,Hàng chủ lực bán chạy,"Kệ đầu dãy / lối đi chính, tầm mắt; luôn đủ tồn kho, không để trống kệ.",8895.210000000001,572,2.595549828178694
23322,LARGE WHITE HEART OF WICKER,0,Hàng chủ lực bán chạy,"Kệ đầu dãy / lối đi chính, tầm mắt; luôn đủ tồn kho, không để trống kệ.",8878.210000000001,562,3.1351398601398603
23439,HAND WARMER RED LOVE HEART,0,Hàng chủ lực bán chạy,"Kệ đầu dãy / lối đi chính, tầm mắt; luôn đủ tồn kho, không để trống kệ.",8855.51,397,2.2266262135922332
20974,12 PENCILS SMALL TUBE SKULL,0,Hàng chủ lực bán chạy,"Kệ đầu dãy / lối đi chính, tầm mắt; luôn đủ tồn kho, không để trống kệ.",8686.54,822,0.7466
21980,PACK OF 12 RED RETROSPOT TISSUES ,0,Hàng chủ lực bán chạy,"Kệ đầu dãy / lối đi chính, tầm mắt; luôn đủ tồn kho, không để trống kệ.",8650.14,676,0.38617647058823523
22895,SET OF 2 TEA TOWELS APPLE AND PEARS,0,Hàng chủ lực bán chạy,"Kệ đầu dãy / lối đi chính, tầm mắt; luôn đủ tồn kho, không để trống kệ.",8648.49,411,3.46310843373494
22212,FOUR HOOK  WHITE LOVEBIRDS,0,Hàng chủ lực bán chạy,"Kệ đầu dãy / lối đi chính, tầm mắt; luôn đủ tồn kho, không để trống kệ.",8642.300000000001,828,2.6206428571428573
84032A,CHARLIE+LOLA PINK HOT WATER BOTTLE,0,Hàng chủ lực bán chạy,"Kệ đầu dãy / lối đi chính, tầm mắt; luôn đủ tồn kho, không để trống kệ.",8624.1,662,3.3137987987987993
21381,MINI WOODEN HAPPY BIRTHDAY GARLAND,0,Hàng chủ lực bán chạy,"Kệ đầu dãy / lối đi chính, tầm mắt; luôn đủ tồn kho, không để trống kệ.",8568.0,532,2.192467771639042
21135,VICTORIAN  METAL POSTCARD SPRING,0,Hàng chủ lực bán chạy,"Kệ đầu dãy / lối đi chính, tầm mắt; luôn đủ tồn kho, không để trống kệ.",8567.24,405,2.0081490384615384
22110,BIRD HOUSE HOT WATER BOTTLE,0,Hàng chủ lực bán chạy,"Kệ đầu dãy / lối đi chính, tầm mắt; luôn đủ tồn kho, không để trống kệ.",8563.76,512,3.8439885496183206
23082,SET 6 PAPER TABLE LANTERN HEARTS ,0,Hàng chủ lực bán chạy,"Kệ đầu dãy / lối đi chính, tầm mắt; luôn đủ tồn kho, không để trống kệ.",8558.76,297,4.093564356435643
23078,ICE CREAM PEN LIP GLOSS ,0,Hàng chủ lực bán chạy,"Kệ đầu dãy / lối đi chính, tầm mắt; luôn đủ tồn kho, không để trống kệ.",8553.34,257,1.4267315175097277
21186,WHITE DOVE HONEYCOMB PAPER GARLAND,0,Hàng chủ lực bán chạy,"Kệ đầu dãy / lối đi chính, tầm mắt; luôn đủ tồn kho, không để trống kệ.",8532.17,369,2.0303733333333334
21932,SCANDINAVIAN PAISLEY PICNIC BAG,0,Hàng chủ lực bán chạy,"Kệ đầu dãy / lối đi chính, tầm mắt; luôn đủ tồn kho, không để trống kệ.",8498.61,649,2.427794793261868
23493,VINTAGE DOILY TRAVEL SEWING KIT,0,Hàng chủ lực bán chạy,"Kệ đầu dãy / lối đi chính, tầm mắt; luôn đủ tồn kho, không để trống kệ.",8497.98,415,2.156320754716981
22079,RIBBON REEL HEARTS DESIGN ,0,Hàng chủ lực bán chạy,"Kệ đầu dãy / lối đi chính, tầm mắt; luôn đủ tồn kho, không để trống kệ.",8457.84,684,1.9348115942028985
22078,RIBBON REEL LACE DESIGN ,0,Hàng chủ lực bán chạy,"Kệ đầu dãy / lối đi chính, tầm mắt; luôn đủ tồn kho, không để trống kệ.",8449.94,480,2.4969199178644765
22751,FELTCRAFT PRINCESS OLIVIA DOLL,0,Hàng chủ lực bán chạy,"Kệ đầu dãy / lối đi chính, tầm mắt; luôn đủ tồn kho, không để trống kệ.",8445.97,466,4.140936170212766
23321,SMALL WHITE HEART OF WICKER,0,Hàng chủ lực bán chạy,"Kệ đầu dãy / lối đi chính, tầm mắt; luôn đủ tồn kho, không để trống kệ.",8438.539999999999,629,1.7480124223602485
22329,ROUND CONTAINER SET OF 5 RETROSPOT,0,Hàng chủ lực bán chạy,"Kệ đầu dãy / lối đi chính, tầm mắt; luôn đủ tồn kho, không để trống kệ.",8430.449999999999,610,2.079477977161501
22358,KINGS CHOICE TEA CADDY ,0,Hàng chủ lực bán chạy,"Kệ đầu dãy / lối đi chính, tầm mắt; luôn đủ tồn kho, không để trống kệ.",8393.61,605,3.872950819672131
21244,BLUE POLKADOT PLATE ,0,Hàng chủ lực bán chạy,"Kệ đầu dãy / lối đi chính, tầm mắt; luôn đủ tồn kho, không để trống kệ.",8279.07,445,1.9491759465478842
21934,SKULL SHOULDER BAG,0,Hàng chủ lực bán chạy,"Kệ đầu dãy / lối đi chính, tầm mắt; luôn đủ tồn kho, không để trống kệ.",8275.22,725,2.1966574965612105
21874,GIN AND TONIC MUG,0,Hàng chủ lực bán chạy,"Kệ đầu dãy / lối đi chính, tầm mắt; luôn đủ tồn kho, không để trống kệ.",8209.17,617,1.814602917341977
22055,MINI CAKE STAND  HANGING STRAWBERY,0,Hàng chủ lực bán chạy,"Kệ đầu dãy / lối đi chính, tầm mắt; luôn đủ tồn kho, không để trống kệ.",8179.19,724,2.162878179384203
21238,RED RETROSPOT CUP,0,Hàng chủ lực bán chạy,"Kệ đầu dãy / lối đi chính, tầm mắt; luôn đủ tồn kho, không để trống kệ.",8164.0,903,1.020328587075575
84508A,CAMOUFLAGE DESIGN TEDDY,0,Hàng chủ lực bán chạy,"Kệ đầu dãy / lối đi chính, tầm mắt; luôn đủ tồn kho, không để trống kệ.",8091.4800000000005,108,2.511743119266055
82551,LAUNDRY 15C METAL SIGN,0,Hàng chủ lực bán chạy,"Kệ đầu dãy / lối đi chính, tầm mắt; luôn đủ tồn kho, không để trống kệ.",8081.139999999999,751,1.6683046357615894
20675,BLUE POLKADOT BOWL,0,Hàng chủ lực bán chạy,"Kệ đầu dãy / lối đi chính, tầm mắt; luôn đủ tồn kho, không để trống kệ.",8067.83,693,1.507034383954155
22738,RIBBON REEL SNOWY VILLAGE,0,Hàng chủ lực bán chạy,"Kệ đầu dãy / lối đi chính, tầm mắt; luôn đủ tồn kho, không để trống kệ.",8012.57,498,2.1882599999999996
22592,CARDHOLDER HOLLY WREATH METAL,0,Hàng chủ lực bán chạy,"Kệ đầu dãy / lối đi chính, tầm mắt; luôn đủ tồn kho, không để trống kệ.",7956.84,304,4.434281045751634
22353,LUNCH BOX WITH CUTLERY FAIRY CAKES ,0,Hàng chủ lực bán chạy,"Kệ đầu dãy / lối đi chính, tầm mắt; luôn đủ tồn kho, không để trống kệ.",7917.889999999999,493,3.147369477911646
22350,ILLUSTRATED CAT BOWL ,0,Hàng chủ lực bán chạy,"Kệ đầu dãy / lối đi chính, tầm mắt; luôn đủ tồn kho, không để trống kệ.",7883.44,331,3.0777844311377245
21875,KINGS CHOICE MUG,0,Hàng chủ lực bán chạy,"Kệ đầu dãy / lối đi chính, tầm mắt; luôn đủ tồn kho, không để trống kệ.",7882.08,414,1.7020432692307692
21976,PACK OF 60 MUSHROOM CAKE CASES,0,Hàng chủ lực bán chạy,"Kệ đầu dãy / lối đi chính, tầm mắt; luôn đủ tồn kho, không để trống kệ.",7792.37,950,0.7703626943005181
84568,GIRLS ALPHABET IRON ON PATCHES ,0,Hàng chủ lực bán chạy,"Kệ đầu dãy / lối đi chính, tầm mắt; luôn đủ tồn kho, không để trống kệ.",7788.67,310,0.37338709677419357
22588,CARD HOLDER GINGHAM HEART,0,Hàng chủ lực bán chạy,"Kệ đầu dãy / lối đi chính, tầm mắt; luôn đủ tồn kho, không để trống kệ.",7776.84,483,3.101122448979592
20717,STRAWBERRY SHOPPER BAG,0,Hàng chủ lực bán chạy,"Kệ đầu dãy / lối đi chính, tầm mắt; luôn đủ tồn kho, không để trống kệ.",7767.48,757,1.5932549019607842
21588,RETROSPOT GIANT TUBE MATCHES,0,Hàng chủ lực bán chạy,"Kệ đầu dãy / lối đi chính, tầm mắt; luôn đủ tồn kho, không để trống kệ.",7748.55,284,2.523529411764706
23204,CHARLOTTE BAG APPLES DESIGN,0,Hàng chủ lực bán chạy,"Kệ đầu dãy / lối đi chính, tầm mắt; luôn đủ tồn kho, không để trống kệ.",7741.94,583,1.1219453924914675
84032B,CHARLIE + LOLA RED HOT WATER BOTTLE,0,Hàng chủ lực bán chạy,"Kệ đầu dãy / lối đi chính, tầm mắt; luôn đủ tồn kho, không để trống kệ.",7699.25,601,3.087963576158941
22550,HOLIDAY FUN LUDO,0,Hàng chủ lực bán chạy,"Kệ đầu dãy / lối đi chính, tầm mắt; luôn đủ tồn kho, không để trống kệ.",7669.64,425,4.36481220657277
22809,SET OF 6 T-LIGHTS SANTA,0,Hàng chủ lực bán chạy,"Kệ đầu dãy / lối đi chính, tầm mắt; luôn đủ tồn kho, không để trống kệ.",7664.72,379,3.3670680628272254
22813,PACK 3 BOXES BIRD PANNETONE ,0,Hàng chủ lực bán chạy,"Kệ đầu dãy / lối đi chính, tầm mắt; luôn đủ tồn kho, không để trống kệ.",7663.83,373,2.4442328042328043
21870,I CAN ONLY PLEASE ONE PERSON MUG,0,Hàng chủ lực bán chạy,"Kệ đầu dãy / lối đi chính, tầm mắt; luôn đủ tồn kho, không để trống kệ.",7627.49,630,1.5364826498422712
22528,GARDENERS KNEELING PAD,0,Hàng chủ lực bán chạy,"Kệ đầu dãy / lối đi chính, tầm mắt; luôn đủ tồn kho, không để trống kệ.",7623.41,554,1.4907692307692308
22493,PAINT YOUR OWN CANVAS SET,0,Hàng chủ lực bán chạy,"Kệ đầu dãy / lối đi chính, tầm mắt; luôn đủ tồn kho, không để trống kệ.",7608.119999999999,418,1.8342227378190255
22991,GIRAFFE WOODEN RULER,0,Hàng chủ lực bán chạy,"Kệ đầu dãy / lối đi chính, tầm mắt; luôn đủ tồn kho, không để trống kệ.",7604.889999999999,274,2.273655913978495
22242,"HOOK, 5 HANGER , MAGIC TOADSTOOL",0,Hàng chủ lực bán chạy,"Kệ đầu dãy / lối đi chính, tầm mắt; luôn đủ tồn kho, không để trống kệ.",7559.909999999999,368,1.915822102425876
22489,PACK OF 12 TRADITIONAL CRAYONS,0,Hàng chủ lực bán chạy,"Kệ đầu dãy / lối đi chính, tầm mắt; luôn đủ tồn kho, không để trống kệ.",7548.67,785,0.511937106918239
22360,GLASS JAR ENGLISH CONFECTIONERY,0,Hàng chủ lực bán chạy,"Kệ đầu dãy / lối đi chính, tầm mắt; luôn đủ tồn kho, không để trống kệ.",7535.5,425,3.7777751756440283
72351A,SET/6 TURQUOISE BUTTERFLY T-LIGHTS,0,Hàng chủ lực bán chạy,"Kệ đầu dãy / lối đi chính, tầm mắt; luôn đủ tồn kho, không để trống kệ.",7523.570000000001,427,2.4215081206496523
21746,SMALL RED RETROSPOT WINDMILL,0,Hàng chủ lực bán chạy,"Kệ đầu dãy / lối đi chính, tầm mắt; luôn đủ tồn kho, không để trống kệ.",7468.34,488,1.509516129032258
82580,BATHROOM METAL SIGN,0,Hàng chủ lực bán chạy,"Kệ đầu dãy / lối đi chính, tầm mắt; luôn đủ tồn kho, không để trống kệ.",7458.52,1336,0.7649147516679022
11001,ASSTD DESIGN RACING CAR PEN,0,Hàng chủ lực bán chạy,"Kệ đầu dãy / lối đi chính, tầm mắt; luôn đủ tồn kho, không để trống kệ.",7408.65,251,1.8730078125
22945,CHRISTMAS METAL TAGS ASSORTED ,0,Hàng chủ lực bán chạy,"Kệ đầu dãy / lối đi chính, tầm mắt; luôn đủ tồn kho, không để trống kệ.",7365.7,338,2.2110693641618497
22739,RIBBON REEL CHRISTMAS SOCK BAUBLE,0,Hàng chủ lực bán chạy,"Kệ đầu dãy / lối đi chính, tầm mắt; luôn đủ tồn kho, không để trống kệ.",7357.44,601,2.2061943986820425
23382,BOX OF 6 CHRISTMAS CAKE DECORATIONS,0,Hàng chủ lực bán chạy,"Kệ đầu dãy / lối đi chính, tầm mắt; luôn đủ tồn kho, không để trống kệ.",7356.18,220,4.660950226244344
21876,POTTERING MUG,0,Hàng chủ lực bán chạy,"Kệ đầu dãy / lối đi chính, tầm mắt; luôn đủ tồn kho, không để trống kệ.",7351.25,623,1.9827884615384614
22798,ANTIQUE GLASS DRESSING TABLE POT,0,Hàng chủ lực bán chạy,"Kệ đầu dãy / lối đi chính, tầm mắt; luôn đủ tồn kho, không để trống kệ.",7336.09,356,3.730337078651685
21114,LAVENDER SCENTED FABRIC HEART,0,Hàng chủ lực bán chạy,"Kệ đầu dãy / lối đi chính, tầm mắt; luôn đủ tồn kho, không để trống kệ.",7306.14,494,1.8057029702970298
21561,DINOSAUR LUNCH BOX WITH CUTLERY,0,Hàng chủ lực bán chạy,"Kệ đầu dãy / lối đi chính, tầm mắt; luôn đủ tồn kho, không để trống kệ.",7303.91,522,2.8990285714285715
22465,HANGING METAL STAR LANTERN,0,Hàng chủ lực bán chạy,"Kệ đầu dãy / lối đi chính, tầm mắt; luôn đủ tồn kho, không để trống kệ.",7284.239999999999,461,1.865506329113924
22029,SPACEBOY BIRTHDAY CARD,0,Hàng chủ lực bán chạy,"Kệ đầu dãy / lối đi chính, tầm mắt; luôn đủ tồn kho, không để trống kệ.",7280.76,1101,0.5082789855072464
22907,PACK OF 20 NAPKINS PANTRY DESIGN,0,Hàng chủ lực bán chạy,"Kệ đầu dãy / lối đi chính, tầm mắt; luôn đủ tồn kho, không để trống kệ.",7279.03,829,0.9729777256740914
22577,WOODEN HEART CHRISTMAS SCANDINAVIAN,0,Hàng chủ lực bán chạy,"Kệ đầu dãy / lối đi chính, tầm mắt; luôn đủ tồn kho, không để trống kệ.",7154.53,832,0.6502790697674419
21981,PACK OF 12 WOODLAND TISSUES ,0,Hàng chủ lực bán chạy,"Kệ đầu dãy / lối đi chính, tầm mắt; luôn đủ tồn kho, không để trống kệ.",7129.46,553,0.4652304964539007
22644,CERAMIC CHERRY CAKE MONEY BANK,0,Hàng chủ lực bán chạy,"Kệ đầu dãy / lối đi chính, tầm mắt; luôn đủ tồn kho, không để trống kệ.",7069.879999999999,610,1.9670195439739413
23236,STORAGE TIN VINTAGE DOILY ,0,Hàng chủ lực bán chạy,"Kệ đầu dãy / lối đi chính, tầm mắt; luôn đủ tồn kho, không để trống kệ.",7059.97,327,3.2796969696969698
23320,GIANT 50'S CHRISTMAS CRACKER,0,Hàng chủ lực bán chạy,"Kệ đầu dãy / lối đi chính, tầm mắt; luôn đủ tồn kho, không để trống kệ.",7053.57,333,2.805680473372781
23215,JINGLE BELL HEART ANTIQUE SILVER,0,Hàng chủ lực bán chạy,"Kệ đầu dãy / lối đi chính, tầm mắt; luôn đủ tồn kho, không để trống kệ.",7038.400000000001,210,2.2615962441314554
21700,BIG DOUGHNUT FRIDGE MAGNETS,0,Hàng chủ lực bán chạy,"Kệ đầu dãy / lối đi chính, tầm mắt; luôn đủ tồn kho, không để trống kệ.",7028.509999999999,525,3.2401704545454546
21984,PACK OF 12 PINK PAISLEY TISSUES ,0,Hàng chủ lực bán chạy,"Kệ đầu dãy / lối đi chính, tầm mắt; luôn đủ tồn kho, không để trống kệ.",7023.95,432,0.4113439635535307
37450,CERAMIC CAKE BOWL + HANGING CAKES,0,Hàng chủ lực bán chạy,"Kệ đầu dãy / lối đi chính, tầm mắt; luôn đủ tồn kho, không để trống kệ.",7023.14,391,3.4510804020100503
23293,SET OF 12 FAIRY CAKE BAKING CASES,0,Hàng chủ lực bán chạy,"Kệ đầu dãy / lối đi chính, tầm mắt; luôn đủ tồn kho, không để trống kệ.",6989.54,552,1.0651805054151624
21497,FANCY FONTS BIRTHDAY WRAP,0,Hàng chủ lực bán chạy,"Kệ đầu dãy / lối đi chính, tầm mắt; luôn đủ tồn kho, không để trống kệ.",6978.0,485,0.4176907216494845
22567,20 DOLLY PEGS RETROSPOT,0,Hàng chủ lực bán chạy,"Kệ đầu dãy / lối đi chính, tầm mắt; luôn đủ tồn kho, không để trống kệ.",6955.83,506,1.4558431372549019
10002,INFLATABLE POLITICAL GLOBE ,0,Hàng chủ lực bán chạy,"Kệ đầu dãy / lối đi chính, tầm mắt; luôn đủ tồn kho, không để trống kệ.",6942.26,362,0.9791553133514985
22563,HAPPY STENCIL CRAFT,0,Hàng chủ lực bán chạy,"Kệ đầu dãy / lối đi chính, tầm mắt; luôn đủ tồn kho, không để trống kệ.",6923.85,533,1.317904411764706
22377,BOTTLE BAG RETROSPOT ,0,Hàng chủ lực bán chạy,"Kệ đầu dãy / lối đi chính, tầm mắt; luôn đủ tồn kho, không để trống kệ.",6920.11,435,2.4734174311926607
21903,MAN FLU METAL SIGN,0,Hàng chủ lực bán chạy,"Kệ đầu dãy / lối đi chính, tầm mắt; luôn đủ tồn kho, không để trống kệ.",6908.870000000001,407,2.436167076167076
22938,CUPCAKE LACE PAPER SET 6,0,Hàng chủ lực bán chạy,"Kệ đầu dãy / lối đi chính, tầm mắt; luôn đủ tồn kho, không để trống kệ.",6891.249999999999,273,2.076981818181818
22085,PAPER CHAIN KIT SKULLS ,0,Hàng chủ lực bán chạy,"Kệ đầu dãy / lối đi chính, tầm mắt; luôn đủ tồn kho, không để trống kệ.",6883.87,230,3.188311688311688
21563,RED HEART SHAPE LOVE BUCKET ,0,Hàng chủ lực bán chạy,"Kệ đầu dãy / lối đi chính, tầm mắt; luôn đủ tồn kho, không để trống kệ.",6875.71,362,3.315123287671233
23103,JINGLE BELL HEART DECORATION,0,Hàng chủ lực bán chạy,"Kệ đầu dãy / lối đi chính, tầm mắt; luôn đủ tồn kho, không để trống kệ.",6846.159999999999,365,1.8441489361702128
23109,PACK OF SIX LED TEA LIGHTS,0,Hàng chủ lực bán chạy,"Kệ đầu dãy / lối đi chính, tầm mắt; luôn đủ tồn kho, không để trống kệ.",6835.02,268,3.264963235294118
37448,CERAMIC CAKE DESIGN SPOTTED MUG,0,Hàng chủ lực bán chạy,"Kệ đầu dãy / lối đi chính, tầm mắt; luôn đủ tồn kho, không để trống kệ.",6827.21,528,1.8049816176470588
22378,WALL TIDY RETROSPOT ,0,Hàng chủ lực bán chạy,"Kệ đầu dãy / lối đi chính, tầm mắt; luôn đủ tồn kho, không để trống kệ.",6826.51,546,2.864021937842779
47559B,TEA TIME OVEN GLOVE,0,Hàng chủ lực bán chạy,"Kệ đầu dãy / lối đi chính, tầm mắt; luôn đủ tồn kho, không để trống kệ.",6823.15,745,1.5175761589403973
23297,SET 40 HEART SHAPE PETIT FOUR CASES,0,Hàng chủ lực bán chạy,"Kệ đầu dãy / lối đi chính, tầm mắt; luôn đủ tồn kho, không để trống kệ.",6792.23,161,1.8389570552147239
21989,PACK OF 20 SKULL PAPER NAPKINS,0,Hàng chủ lực bán chạy,"Kệ đầu dãy / lối đi chính, tầm mắt; luôn đủ tồn kho, không để trống kệ.",6790.7,654,1.0801963746223564
20973,12 PENCIL SMALL TUBE WOODLAND,0,Hàng chủ lực bán chạy,"Kệ đầu dãy / lối đi chính, tầm mắt; luôn đủ tồn kho, không để trống kệ.",6773.950000000001,658,0.7815611192930781
22431,WATERING CAN BLUE ELEPHANT,0,Hàng chủ lực bán chạy,"Kệ đầu dãy / lối đi chính, tầm mắt; luôn đủ tồn kho, không để trống kệ.",6771.5199999999995,620,2.3595826645264846
22311,OFFICE MUG WARMER BLACK+SILVER ,0,Hàng chủ lực bán chạy,"Kệ đầu dãy / lối đi chính, tầm mắt; luôn đủ tồn kho, không để trống kệ.",6755.56,300,4.553046357615894
21992,VINTAGE PAISLEY STATIONERY SET,0,Hàng chủ lực bán chạy,"Kệ đầu dãy / lối đi chính, tầm mắt; luôn đủ tồn kho, không để trống kệ.",6744.8,656,2.4166012084592143
22432,WATERING CAN PINK BUNNY,0,Hàng chủ lực bán chạy,"Kệ đầu dãy / lối đi chính, tầm mắt; luôn đủ tồn kho, không để trống kệ.",6730.419999999999,517,2.2739691714836225
22810,SET OF 6 T-LIGHTS SNOWMEN,0,Hàng chủ lực bán chạy,"Kệ đầu dãy / lối đi chính, tầm mắt; luôn đủ tồn kho, không để trống kệ.",6729.13,328,3.41
22575,METAL MERRY CHRISTMAS WREATH,0,Hàng chủ lực bán chạy,"Kệ đầu dãy / lối đi chính, tầm mắt; luôn đủ tồn kho, không để trống kệ.",6699.71,330,2.092623906705539
22746,POPPY'S PLAYHOUSE LIVINGROOM ,0,Hàng chủ lực bán chạy,"Kệ đầu dãy / lối đi chính, tầm mắt; luôn đủ tồn kho, không để trống kệ.",6699.25,564,2.4317162872154117
23247,BISCUIT TIN 50'S CHRISTMAS,0,Hàng chủ lực bán chạy,"Kệ đầu dãy / lối đi chính, tầm mắt; luôn đủ tồn kho, không để trống kệ.",6681.25,309,3.2880906148867313
47599B,BLUE PARTY BAGS ,0,Hàng chủ lực bán chạy,"Kệ đầu dãy / lối đi chính, tầm mắt; luôn đủ tồn kho, không để trống kệ.",6662.54,286,2.2239100346020764
22059,CERAMIC STRAWBERRY DESIGN MUG,0,Hàng chủ lực bán chạy,"Kệ đầu dãy / lối đi chính, tầm mắt; luôn đủ tồn kho, không để trống kệ.",6639.03,458,1.772914046121593
21107,CREAM SLICE FLANNEL PINK SPOT ,0,Hàng chủ lực bán chạy,"Kệ đầu dãy / lối đi chính, tầm mắt; luôn đủ tồn kho, không để trống kệ.",6624.77,313,3.6443492063492062
22661,CHARLOTTE BAG DOLLY GIRL DESIGN,0,Hàng chủ lực bán chạy,"Kệ đầu dãy / lối đi chính, tầm mắt; luôn đủ tồn kho, không để trống kệ.",6620.45,631,0.9583385579937304
85175,CACTI T-LIGHT CANDLES,0,Hàng chủ lực bán chạy,"Kệ đầu dãy / lối đi chính, tầm mắt; luôn đủ tồn kho, không để trống kệ.",6606.26,442,1.0437387387387387
22898,CHILDRENS APRON APPLES DESIGN,0,Hàng chủ lực bán chạy,"Kệ đầu dãy / lối đi chính, tầm mắt; luôn đủ tồn kho, không để trống kệ.",6604.16,471,2.4603805496828755
84520B,PACK 20 ENGLISH ROSE PAPER NAPKINS,0,Hàng chủ lực bán chạy,"Kệ đầu dãy / lối đi chính, tầm mắt; luôn đủ tồn kho, không để trống kệ.",6579.0199999999995,732,1.0545087483176312
16156S,WRAP PINK FAIRY CAKES ,0,Hàng chủ lực bán chạy,"Kệ đầu dãy / lối đi chính, tầm mắt; luôn đủ tồn kho, không để trống kệ.",6558.62,419,0.41532219570405726
21592,RETROSPOT CIGAR BOX MATCHES ,0,Hàng chủ lực bán chạy,"Kệ đầu dãy / lối đi chính, tầm mắt; luôn đủ tồn kho, không để trống kệ.",6552.46,476,1.1931211498973304
21240,BLUE POLKADOT CUP,0,Hàng chủ lực bán chạy,"Kệ đầu dãy / lối đi chính, tầm mắt; luôn đủ tồn kho, không để trống kệ.",6535.74,769,1.0513082901554405
22332,SKULLS PARTY BAG + STICKER SET,0,Hàng chủ lực bán chạy,"Kệ đầu dãy / lối đi chính, tầm mắt; luôn đủ tồn kho, không để trống kệ.",6520.549999999999,381,1.8224675324675323
21201,TROPICAL  HONEYCOMB PAPER GARLAND ,0,Hàng chủ lực bán chạy,"Kệ đầu dãy / lối đi chính, tầm mắt; luôn đủ tồn kho, không để trống kệ.",6517.16,235,2.9802066115702477
22080,RIBBON REEL SPOTS DESIGN ,0,Hàng chủ lực bán chạy,"Kệ đầu dãy / lối đi chính, tầm mắt; luôn đủ tồn kho, không để trống kệ.",6512.44,519,1.921145038167939
22364,GLASS JAR DIGESTIVE BISCUITS,0,Hàng chủ lực bán chạy,"Kệ đầu dãy / lối đi chính, tầm mắt; luôn đủ tồn kho, không để trống kệ.",6498.610000000001,340,3.9219590643274853
22148,EASTER CRAFT 4 CHICKS ,0,Hàng chủ lực bán chạy,"Kệ đầu dãy / lối đi chính, tầm mắt; luôn đủ tồn kho, không để trống kệ.",6480.29,299,2.3137377049180325
22596,CHRISTMAS STAR WISH LIST CHALKBOARD,0,Hàng chủ lực bán chạy,"Kệ đầu dãy / lối đi chính, tầm mắt; luôn đủ tồn kho, không để trống kệ.",6471.2,438,1.123573033707865
21494,ROTATING LEAVES T-LIGHT HOLDER,0,Hàng chủ lực bán chạy,"Kệ đầu dãy / lối đi chính, tầm mắt; luôn đủ tồn kho, không để trống kệ.",6449.0,501,2.5810453648915184
23188,VINTAGE  2 METER FOLDING RULER,0,Hàng chủ lực bán chạy,"Kệ đầu dãy / lối đi chính, tầm mắt; luôn đủ tồn kho, không để trống kệ.",6447.7699999999995,333,1.934985163204748
22142,CHRISTMAS CRAFT WHITE FAIRY ,0,Hàng chủ lực bán chạy,"Kệ đầu dãy / lối đi chính, tầm mắt; luôn đủ tồn kho, không để trống kệ.",6445.389999999999,503,1.7261165048543687
21500,PINK POLKADOT WRAP ,0,Hàng chủ lực bán chạy,"Kệ đầu dãy / lối đi chính, tầm mắt; luôn đủ tồn kho, không để trống kệ.",6443.0,492,0.41638211382113816
21239,PINK  POLKADOT CUP,0,Hàng chủ lực bán chạy,"Kệ đầu dãy / lối đi chính, tầm mắt; luôn đủ tồn kho, không để trống kệ.",6438.39,751,1.059009247027741
22578,WOODEN STAR CHRISTMAS SCANDINAVIAN,0,Hàng chủ lực bán chạy,"Kệ đầu dãy / lối đi chính, tầm mắt; luôn đủ tồn kho, không để trống kệ.",6419.24,768,0.6219178082191781
23571,TRADITIONAL NAUGHTS & CROSSES,0,Hàng chủ lực bán chạy,"Kệ đầu dãy / lối đi chính, tầm mắt; luôn đủ tồn kho, không để trống kệ.",6406.91,257,1.8921374045801527
22979,PANTRY WASHING UP BRUSH,0,Hàng chủ lực bán chạy,"Kệ đầu dãy / lối đi chính, tầm mắt; luôn đủ tồn kho, không để trống kệ.",6391.82,381,1.8184334203655352
23307,SET OF 60 PANTRY DESIGN CAKE CASES ,0,Hàng chủ lực bán chạy,"Kệ đầu dãy / lối đi chính, tầm mắt; luôn đủ tồn kho, không để trống kệ.",6371.89,629,0.6839469578783152
85062,PEARL CRYSTAL PUMPKIN T-LIGHT HLDR,0,Hàng chủ lực bán chạy,"Kệ đầu dãy / lối đi chính, tầm mắt; luôn đủ tồn kho, không để trống kệ.",6363.28,342,1.7979190751445084
22063,CERAMIC BOWL WITH STRAWBERRY DESIGN,0,Hàng chủ lực bán chạy,"Kệ đầu dãy / lối đi chính, tầm mắt; luôn đủ tồn kho, không để trống kệ.",6356.06,356,3.645095890410959
23172,REGENCY TEA PLATE PINK,0,Hàng chủ lực bán chạy,"Kệ đầu dãy / lối đi chính, tầm mắt; luôn đủ tồn kho, không để trống kệ.",6344.409999999999,305,2.06783606557377
22582,PACK OF 6 SWEETIE GIFT BOXES,0,Hàng chủ lực bán chạy,"Kệ đầu dãy / lối đi chính, tầm mắt; luôn đủ tồn kho, không để trống kệ.",6324.7699999999995,295,2.8735430463576157
22460,EMBOSSED GLASS TEALIGHT HOLDER,0,Hàng chủ lực bán chạy,"Kệ đầu dãy / lối đi chính, tầm mắt; luôn đủ tồn kho, không để trống kệ.",6283.87,376,1.5209523809523808
22065,CHRISTMAS PUDDING TRINKET POT ,0,Hàng chủ lực bán chạy,"Kệ đầu dãy / lối đi chính, tầm mắt; luôn đủ tồn kho, không để trống kệ.",6273.84,456,1.4237659574468085
22185,SLATE TILE NATURAL HANGING,0,Hàng chủ lực bán chạy,"Kệ đầu dãy / lối đi chính, tầm mắt; luôn đủ tồn kho, không để trống kệ.",6224.719999999999,462,1.9247854077253217
22906,12 MESSAGE CARDS WITH ENVELOPES,0,Hàng chủ lực bán chạy,"Kệ đầu dãy / lối đi chính, tầm mắt; luôn đủ tồn kho, không để trống kệ.",6214.83,445,1.993505376344086
22435,SET OF 9 HEART SHAPED BALLOONS,0,Hàng chủ lực bán chạy,"Kệ đầu dãy / lối đi chính, tầm mắt; luôn đủ tồn kho, không để trống kệ.",6185.22,537,1.4271297989031078
21714,CITRONELLA CANDLE GARDEN POT,0,Hàng chủ lực bán chạy,"Kệ đầu dãy / lối đi chính, tầm mắt; luôn đủ tồn kho, không để trống kệ.",6182.39,522,1.7584600760456273
21078,SET/20 STRAWBERRY PAPER NAPKINS ,0,Hàng chủ lực bán chạy,"Kệ đầu dãy / lối đi chính, tầm mắt; luôn đủ tồn kho, không để trống kệ.",6181.25,741,1.1088741721854303
22196,SMALL HEART MEASURING SPOONS,0,Hàng chủ lực bán chạy,"Kệ đầu dãy / lối đi chính, tầm mắt; luôn đủ tồn kho, không để trống kệ.",6141.19,981,1.178548707753479
84832,ZINC WILLIE WINKIE  CANDLE STICK,0,Hàng chủ lực bán chạy,"Kệ đầu dãy / lối đi chính, tầm mắt; luôn đủ tồn kho, không để trống kệ.",6134.7,630,1.0830265210608425
23192,BUNDLE OF 3 ALPHABET EXERCISE BOOKS,0,Hàng chủ lực bán chạy,"Kệ đầu dãy / lối đi chính, tầm mắt; luôn đủ tồn kho, không để trống kệ.",6114.24,345,1.7743304843304841
21584,RETROSPOT SMALL TUBE MATCHES,0,Hàng chủ lực bán chạy,"Kệ đầu dãy / lối đi chính, tầm mắt; luôn đủ tồn kho, không để trống kệ.",6070.05,352,1.647831978319783
21499,BLUE POLKADOT WRAP,0,Hàng chủ lực bán chạy,"Kệ đầu dãy / lối đi chính, tầm mắt; luôn đủ tồn kho, không để trống kệ.",6059.84,460,0.4164782608695652
72802C,VANILLA SCENT CANDLE JEWELLED BOX,0,Hàng chủ lực bán chạy,"Kệ đầu dãy / lối đi chính, tầm mắt; luôn đủ tồn kho, không để trống kệ.",6055.85,270,4.586617647058823
85178,VICTORIAN SEWING KIT,0,Hàng chủ lực bán chạy,"Kệ đầu dãy / lối đi chính, tầm mắt; luôn đủ tồn kho, không để trống kệ.",6024.5199999999995,313,1.363103448275862
20751,FUNKY WASHING UP GLOVES ASSORTED,0,Hàng chủ lực bán chạy,"Kệ đầu dãy / lối đi chính, tầm mắt; luôn đủ tồn kho, không để trống kệ.",6023.26,471,2.3205465587044536
21586,KINGS CHOICE GIANT TUBE MATCHES,0,Hàng chủ lực bán chạy,"Kệ đầu dãy / lối đi chính, tầm mắt; luôn đủ tồn kho, không để trống kệ.",6018.75,238,2.5149590163934423
21918,SET 12 KIDS COLOUR  CHALK STICKS,0,Hàng chủ lực bán chạy,"Kệ đầu dãy / lối đi chính, tầm mắt; luôn đủ tồn kho, không để trống kệ.",6013.139999999999,788,0.5222893081761006
22331,WOODLAND PARTY BAG + STICKER SET,0,Hàng chủ lực bán chạy,"Kệ đầu dãy / lối đi chính, tầm mắt; luôn đủ tồn kho, không để trống kệ.",6011.57,437,1.9771655328798186
21591,COSY HOUR CIGAR BOX MATCHES ,0,Hàng chủ lực bán chạy,"Kệ đầu dãy / lối đi chính, tầm mắt; luôn đủ tồn kho, không để trống kệ.",6003.08,365,1.262421052631579
23296,SET OF 6 TEA TIME BAKING CASES,0,Hàng chủ lực bán chạy,"Kệ đầu dãy / lối đi chính, tầm mắt; luôn đủ tồn kho, không để trống kệ.",5985.55,378,1.524240837696335
22045,SPACEBOY GIFT WRAP,0,Hàng chủ lực bán chạy,"Kệ đầu dãy / lối đi chính, tầm mắt; luôn đủ tồn kho, không để trống kệ.",5981.64,473,0.41890063424947144
22855,FINE WICKER HEART ,0,Hàng chủ lực bán chạy,"Kệ đầu dãy / lối đi chính, tầm mắt; luôn đủ tồn kho, không để trống kệ.",5979.24,427,1.468498845265589
22491,PACK OF 12 COLOURED PENCILS,0,Hàng chủ lực bán chạy,"Kệ đầu dãy / lối đi chính, tầm mắt; luôn đủ tồn kho, không để trống kệ.",5950.0,390,0.8962025316455696
22772,PINK DRAWER KNOB ACRYLIC EDWARDIAN,0,Hàng chủ lực bán chạy,"Kệ đầu dãy / lối đi chính, tầm mắt; luôn đủ tồn kho, không để trống kệ.",5914.92,314,1.6546835443037975
22241,GARLAND WOODEN HAPPY EASTER,0,Hàng chủ lực bán chạy,"Kệ đầu dãy / lối đi chính, tầm mắt; luôn đủ tồn kho, không để trống kệ.",5862.42,474,1.586346555323591
22971,QUEENS GUARD COFFEE MUG,0,Hàng chủ lực bán chạy,"Kệ đầu dãy / lối đi chính, tầm mắt; luôn đủ tồn kho, không để trống kệ.",5849.29,272,2.7821167883211677
23154,SET OF 4 JAM JAR MAGNETS,0,Hàng chủ lực bán chạy,"Kệ đầu dãy / lối đi chính, tầm mắt; luôn đủ tồn kho, không để trống kệ.",5842.88,235,2.2075000000000005
22737,RIBBON REEL CHRISTMAS PRESENT ,0,Hàng chủ lực bán chạy,"Kệ đầu dãy / lối đi chính, tầm mắt; luôn đủ tồn kho, không để trống kệ.",5840.43,493,2.1432803180914513
21832,CHOCOLATE CALCULATOR,0,Hàng chủ lực bán chạy,"Kệ đầu dãy / lối đi chính, tầm mắt; luôn đủ tồn kho, không để trống kệ.",5836.759999999999,459,2.2659482758620686
21988,PACK OF 6 SKULL PAPER PLATES,0,Hàng chủ lực bán chạy,"Kệ đầu dãy / lối đi chính, tầm mắt; luôn đủ tồn kho, không để trống kệ.",5820.099999999999,416,0.9512735849056603
85038,6 CHOCOLATE LOVE HEART T-LIGHTS,0,Hàng chủ lực bán chạy,"Kệ đầu dãy / lối đi chính, tầm mắt; luôn đủ tồn kho, không để trống kệ.",5803.580000000001,382,2.492030456852792
22951,60 CAKE CASES DOLLY GIRL DESIGN,0,Hàng chủ lực bán chạy,"Kệ đầu dãy / lối đi chính, tầm mắt; luôn đủ tồn kho, không để trống kệ.",5785.97,634,0.6723017107309487
21313,GLASS HEART T-LIGHT HOLDER ,0,Hàng chủ lực bán chạy,"Kệ đầu dãy / lối đi chính, tầm mắt; luôn đủ tồn kho, không để trống kệ.",5771.11,415,1.1320383693045564
22899,CHILDREN'S APRON DOLLY GIRL ,0,Hàng chủ lực bán chạy,"Kệ đầu dãy / lối đi chính, tầm mắt; luôn đủ tồn kho, không để trống kệ.",5769.76,421,2.4120518867924527
22964,3 PIECE SPACEBOY COOKIE CUTTER SET,0,Hàng chủ lực bán chạy,"Kệ đầu dãy / lối đi chính, tầm mắt; luôn đủ tồn kho, không để trống kệ.",5768.830000000001,408,2.513543689320388
22441,GROW YOUR OWN BASIL IN ENAMEL MUG,0,Hàng chủ lực bán chạy,"Kệ đầu dãy / lối đi chính, tầm mắt; luôn đủ tồn kho, không để trống kệ.",5729.570000000001,472,2.4285924369747898
23205,CHARLOTTE BAG VINTAGE ALPHABET ,0,Hàng chủ lực bán chạy,"Kệ đầu dãy / lối đi chính, tầm mắt; luôn đủ tồn kho, không để trống kệ.",5726.38,467,1.1491063829787236
21577,SAVE THE PLANET COTTON TOTE BAG,0,Hàng chủ lực bán chạy,"Kệ đầu dãy / lối đi chính, tầm mắt; luôn đủ tồn kho, không để trống kệ.",5716.5199999999995,464,2.713261802575107
22341,LOVE GARLAND PAINTED ZINC ,0,Hàng chủ lực bán chạy,"Kệ đầu dãy / lối đi chính, tầm mắt; luôn đủ tồn kho, không để trống kệ.",5698.889999999999,240,2.3590495867768593
22115,METAL SIGN EMPIRE TEA,0,Hàng chủ lực bán chạy,"Kệ đầu dãy / lối đi chính, tầm mắt; luôn đủ tồn kho, không để trống kệ.",5695.1,500,3.2748111332007954
21703,BAG 125g SWIRLY MARBLES,0,Hàng chủ lực bán chạy,"Kệ đầu dãy / lối đi chính, tầm mắt; luôn đủ tồn kho, không để trống kệ.",5646.47,561,0.49681109185441935
22335,HEART DECORATION PAINTED ZINC ,0,Hàng chủ lực bán chạy,"Kệ đầu dãy / lối đi chính, tầm mắt; luôn đủ tồn kho, không để trống kệ.",5644.77,510,0.8489312977099237
22653,BUTTON BOX ,0,Hàng chủ lực bán chạy,"Kệ đầu dãy / lối đi chính, tầm mắt; luôn đủ tồn kho, không để trống kệ.",5618.21,381,2.042291666666667
21207,SKULL AND CROSSBONES  GARLAND ,0,Hàng chủ lực bán chạy,"Kệ đầu dãy / lối đi chính, tầm mắt; luôn đủ tồn kho, không để trống kệ.",5597.419999999999,282,1.7603886925795054
22156,HEART DECORATION WITH PEARLS ,0,Hàng chủ lực bán chạy,"Kệ đầu dãy / lối đi chính, tầm mắt; luôn đủ tồn kho, không để trống kệ.",5537.57,581,1.0765151515151514
21900,"KEY FOB , SHED",0,Hàng chủ lực bán chạy,"Kệ đầu dãy / lối đi chính, tầm mắt; luôn đủ tồn kho, không để trống kệ.",5529.14,835,0.8650058892815077
23177,TREASURE ISLAND BOOK BOX,0,Hàng chủ lực bán chạy,"Kệ đầu dãy / lối đi chính, tầm mắt; luôn đủ tồn kho, không để trống kệ.",5521.29,267,2.702074074074074
22534,MAGIC DRAWING SLATE SPACEBOY ,0,Hàng chủ lực bán chạy,"Kệ đầu dãy / lối đi chính, tầm mắt; luôn đủ tồn kho, không để trống kệ.",5514.79,583,0.49511666666666665
23158,SET OF 5 LUCKY CAT MAGNETS ,0,Hàng chủ lực bán chạy,"Kệ đầu dãy / lối đi chính, tầm mắt; luôn đủ tồn kho, không để trống kệ.",5513.83,255,2.674823529411765
22670,FRENCH WC SIGN BLUE METAL,0,Hàng chủ lực bán chạy,"Kệ đầu dãy / lối đi chính, tầm mắt; luôn đủ tồn kho, không để trống kệ.",5510.57,425,1.5685416666666667
84971S,SMALL HEART FLOWERS HOOK ,0,Hàng chủ lực bán chạy,"Kệ đầu dãy / lối đi chính, tầm mắt; luôn đủ tồn kho, không để trống kệ.",5503.2699999999995,462,1.0812153518123666
23583,LUNCH BAG PAISLEY PARK  ,0,Hàng chủ lực bán chạy,"Kệ đầu dãy / lối đi chính, tầm mắt; luôn đủ tồn kho, không để trống kệ.",5497.33,325,1.8020481927710843
40016,CHINESE DRAGON PAPER LANTERNS,0,Hàng chủ lực bán chạy,"Kệ đầu dãy / lối đi chính, tầm mắt; luôn đủ tồn kho, không để trống kệ.",5487.3099999999995,244,1.9042857142857144
21112,"SWISS ROLL TOWEL, PINK  SPOTS",0,Hàng chủ lực bán chạy,"Kệ đầu dãy / lối đi chính, tầm mắt; luôn đủ tồn kho, không để trống kệ.",5484.26,189,3.3576315789473687
82599,FANNY'S REST STOPMETAL SIGN,0,Hàng chủ lực bán chạy,"Kệ đầu dãy / lối đi chính, tầm mắt; luôn đủ tồn kho, không để trống kệ.",5479.4400000000005,506,2.7062035225048926
79029,GLASS HONEYPOT WASP CATCHER,0,Hàng chủ lực bán chạy,"Kệ đầu dãy / lối đi chính, tầm mắt; luôn đủ tồn kho, không để trống kệ.",5473.82,343,2.2632378223495704
20983,12 PENCILS TALL TUBE RED RETROSPOT,0,Hàng chủ lực bán chạy,"Kệ đầu dãy / lối đi chính, tầm mắt; luôn đủ tồn kho, không để trống kệ.",5469.08,641,0.9568348623853211
22437,SET OF 9 BLACK SKULL BALLOONS,0,Hàng chủ lực bán chạy,"Kệ đầu dãy / lối đi chính, tầm mắt; luôn đủ tồn kho, không để trống kệ.",5457.97,443,0.9801552106430156
85061W,WHITE JEWELLED HEART DECORATION,0,Hàng chủ lực bán chạy,"Kệ đầu dãy / lối đi chính, tầm mắt; luôn đủ tồn kho, không để trống kệ.",5451.49,469,1.0804968944099378
20978,36 PENCILS TUBE SKULLS,0,Hàng chủ lực bán chạy,"Kệ đầu dãy / lối đi chính, tầm mắt; luôn đủ tồn kho, không để trống kệ.",5438.57,557,1.586796460176991
16161P,WRAP ENGLISH ROSE ,0,Hàng chủ lực bán chạy,"Kệ đầu dãy / lối đi chính, tầm mắt; luôn đủ tồn kho, không để trống kệ.",5435.4,440,0.41895454545454547
22602,CHRISTMAS RETROSPOT HEART WOOD,0,Hàng chủ lực bán chạy,"Kệ đầu dãy / lối đi chính, tầm mắt; luôn đủ tồn kho, không để trống kệ.",5415.589999999999,535,1.0310564663023678
21069,VINTAGE BILLBOARD TEA MUG,0,Hàng chủ lực bán chạy,"Kệ đầu dãy / lối đi chính, tầm mắt; luôn đủ tồn kho, không để trống kệ.",5404.360000000001,279,1.6897517730496454
84937,KASHMIR FOLKART TUMBLERS,0,Hàng chủ lực bán chạy,"Kệ đầu dãy / lối đi chính, tầm mắt; luôn đủ tồn kho, không để trống kệ.",5394.54,124,4.990161290322581
21491,SET OF THREE VINTAGE GIFT WRAPS,0,Hàng chủ lực bán chạy,"Kệ đầu dãy / lối đi chính, tầm mắt; luôn đủ tồn kho, không để trống kệ.",5367.009999999999,248,2.124
37446,MINI CAKE STAND WITH HANGING CAKES,0,Hàng chủ lực bán chạy,"Kệ đầu dãy / lối đi chính, tầm mắt; luôn đủ tồn kho, không để trống kệ.",5332.25,410,1.8811084337349397
22998,TRAVEL CARD WALLET KEEP CALM,0,Hàng chủ lực bán chạy,"Kệ đầu dãy / lối đi chính, tầm mắt; luôn đủ tồn kho, không để trống kệ.",5262.82,534,0.49730483271375464
21718,RED METAL BEACH SPADE ,0,Hàng chủ lực bán chạy,"Kệ đầu dãy / lối đi chính, tầm mắt; luôn đủ tồn kho, không để trống kệ.",5250.3,467,1.6677659574468087
22896,PEG BAG APPLES DESIGN,0,Hàng chủ lực bán chạy,"Kệ đầu dãy / lối đi chính, tầm mắt; luôn đủ tồn kho, không để trống kệ.",5230.55,367,3.1132249322493224
22564,ALPHABET STENCIL CRAFT,0,Hàng chủ lực bán chạy,"Kệ đầu dãy / lối đi chính, tầm mắt; luôn đủ tồn kho, không để trống kệ.",5221.400000000001,343,1.3229360465116278
21993,FLORAL FOLK STATIONERY SET,0,Hàng chủ lực bán chạy,"Kệ đầu dãy / lối đi chính, tầm mắt; luôn đủ tồn kho, không để trống kệ.",5216.88,577,2.2613275862068964
22117,METAL SIGN HER DINNER IS SERVED ,0,Hàng chủ lực bán chạy,"Kệ đầu dãy / lối đi chính, tầm mắt; luôn đủ tồn kho, không để trống kệ.",5207.7300000000005,230,3.060434782608696
22030,SWALLOWS GREETING CARD,0,Hàng chủ lực bán chạy,"Kệ đầu dãy / lối đi chính, tầm mắt; luôn đủ tồn kho, không để trống kệ.",5197.84,685,0.4647330447330447
22775,PURPLE DRAWERKNOB ACRYLIC EDWARDIAN,0,Hàng chủ lực bán chạy,"Kệ đầu dãy / lối đi chính, tầm mắt; luôn đủ tồn kho, không để trống kệ.",5190.03,284,1.7003436426116838
22433,WATERING CAN GREEN DINOSAUR,0,Hàng chủ lực bán chạy,"Kệ đầu dãy / lối đi chính, tầm mắt; luôn đủ tồn kho, không để trống kệ.",5186.28,422,2.264964705882353
21872,GLAMOROUS  MUG,0,Hàng chủ lực bán chạy,"Kệ đầu dãy / lối đi chính, tầm mắt; luôn đủ tồn kho, không để trống kệ.",5163.8,330,1.54105421686747
23263,SET OF 3 WOODEN HEART DECORATIONS,0,Hàng chủ lực bán chạy,"Kệ đầu dãy / lối đi chính, tầm mắt; luôn đủ tồn kho, không để trống kệ.",5147.19,445,1.4479957805907173
21713,CITRONELLA CANDLE FLOWERPOT,0,Hàng chủ lực bán chạy,"Kệ đầu dãy / lối đi chính, tầm mắt; luôn đủ tồn kho, không để trống kệ.",5145.4400000000005,391,2.3839393939393942
23157,SET OF 6 NATIVITY MAGNETS ,0,Hàng chủ lực bán chạy,"Kệ đầu dãy / lối đi chính, tầm mắt; luôn đủ tồn kho, không để trống kệ.",5143.06,163,2.361597633136095
23165,LARGE CERAMIC TOP STORAGE JAR,0,Hàng chủ lực bán chạy,"Kệ đầu dãy / lối đi chính, tầm mắt; luôn đủ tồn kho, không để trống kệ.",5141.0599999999995,280,1.9777738515901062
22412,METAL SIGN NEIGHBOURHOOD WITCH ,0,Hàng chủ lực bán chạy,"Kệ đầu dãy / lối đi chính, tầm mắt; luôn đủ tồn kho, không để trống kệ.",5140.820000000001,402,2.5712315270935964
22571,ROCKING HORSE RED CHRISTMAS ,0,Hàng chủ lực bán chạy,"Kệ đầu dãy / lối đi chính, tầm mắt; luôn đủ tồn kho, không để trống kệ.",5135.24,511,1.044126679462572
21495,SKULLS AND CROSSBONES WRAP,0,Hàng chủ lực bán chạy,"Kệ đầu dãy / lối đi chính, tầm mắt; luôn đủ tồn kho, không để trống kệ.",5119.3,376,0.4181382978723404
22610,PENS ASSORTED FUNNY FACE,0,Hàng chủ lực bán chạy,"Kệ đầu dãy / lối đi chính, tầm mắt; luôn đủ tồn kho, không để trống kệ.",5107.54,287,0.5563194444444445
23295,SET OF 12 MINI LOAF BAKING CASES,0,Hàng chủ lực bán chạy,"Kệ đầu dãy / lối đi chính, tầm mắt; luôn đủ tồn kho, không để trống kệ.",5073.45,444,1.1117555555555554
20977,36 PENCILS TUBE WOODLAND,0,Hàng chủ lực bán chạy,"Kệ đầu dãy / lối đi chính, tầm mắt; luôn đủ tồn kho, không để trống kệ.",5069.99,485,1.5680981595092023
23198,PANTRY MAGNETIC  SHOPPING LIST,0,Hàng chủ lực bán chạy,"Kệ đầu dãy / lối đi chính, tầm mắt; luôn đủ tồn kho, không để trống kệ.",5062.599999999999,475,1.7995876288659793
21544,SKULLS  WATER TRANSFER TATTOOS ,0,Hàng chủ lực bán chạy,"Kệ đầu dãy / lối đi chính, tầm mắt; luôn đủ tồn kho, không để trống kệ.",5052.21,503,1.0451968503937008
46000S,POLYESTER FILLER PAD 40x40cm,0,Hàng chủ lực bán chạy,"Kệ đầu dãy / lối đi chính, tầm mắt; luôn đủ tồn kho, không để trống kệ.",5032.95,380,1.45
22957,SET 3 PAPER VINTAGE CHICK PAPER EGG,0,Hàng chủ lực bán chạy,"Kệ đầu dãy / lối đi chính, tầm mắt; luôn đủ tồn kho, không để trống kệ.",5014.650000000001,214,3.115555555555556
22732,3D VINTAGE CHRISTMAS STICKERS ,0,Hàng chủ lực bán chạy,"Kệ đầu dãy / lối đi chính, tầm mắt; luôn đủ tồn kho, không để trống kệ.",5001.84,337,1.539970760233918
85049G,CHOCOLATE BOX RIBBONS ,0,Hàng chủ lực bán chạy,"Kệ đầu dãy / lối đi chính, tầm mắt; luôn đủ tồn kho, không để trống kệ.",5000.06,562,1.466388888888889
21071,VINTAGE BILLBOARD DRINK ME MUG,0,Hàng chủ lực bán chạy,"Kệ đầu dãy / lối đi chính, tầm mắt; luôn đủ tồn kho, không để trống kệ.",4998.32,472,1.631194968553459
23310,BUBBLEGUM RING ASSORTED,0,Hàng chủ lực bán chạy,"Kệ đầu dãy / lối đi chính, tầm mắt; luôn đủ tồn kho, không để trống kệ.",4997.28,245,0.47804878048780486
47568,ENGLISH ROSE DESIGN PEG BAG,0,Hàng chủ lực bán chạy,"Kệ đầu dãy / lối đi chính, tầm mắt; luôn đủ tồn kho, không để trống kệ.",4983.02,410,2.543430656934307
22604,SET OF 4 NAPKIN CHARMS CUTLERY,0,Hàng chủ lực bán chạy,"Kệ đầu dãy / lối đi chính, tầm mắt; luôn đủ tồn kho, không để trống kệ.",4957.62,247,2.7513147410358565
21896,POTTING SHED TWINE,0,Hàng chủ lực bán chạy,"Kệ đầu dãy / lối đi chính, tầm mắt; luôn đủ tồn kho, không để trống kệ.",4944.04,290,2.4898293515358363
23570,TRADITIONAL PICK UP STICKS GAME ,0,Hàng chủ lực bán chạy,"Kệ đầu dãy / lối đi chính, tầm mắt; luôn đủ tồn kho, không để trống kệ.",4931.87,276,1.431118881118881
85184C,S/4 VALENTINE DECOUPAGE HEART BOX,0,Hàng chủ lực bán chạy,"Kệ đầu dãy / lối đi chính, tầm mắt; luôn đủ tồn kho, không để trống kệ.",4927.06,351,3.3778248587570623
72349B,SET/6 PURPLE BUTTERFLY T-LIGHTS,0,Hàng chủ lực bán chạy,"Kệ đầu dãy / lối đi chính, tầm mắt; luôn đủ tồn kho, không để trống kệ.",4898.400000000001,399,2.9140694789081887
22956,36 FOIL HEART CAKE CASES,0,Hàng chủ lực bán chạy,"Kệ đầu dãy / lối đi chính, tầm mắt; luôn đủ tồn kho, không để trống kệ.",4878.900000000001,256,2.200530303030303
23351,ROLL WRAP 50'S CHRISTMAS,0,Hàng chủ lực bán chạy,"Kệ đầu dãy / lối đi chính, tầm mắt; luôn đủ tồn kho, không để trống kệ.",4875.65,354,1.5103072625698326
23503,PLAYING CARDS KEEP CALM & CARRY ON,0,Hàng chủ lực bán chạy,"Kệ đầu dãy / lối đi chính, tầm mắt; luôn đủ tồn kho, không để trống kệ.",4860.55,335,1.279298245614035
84270,ASSTD DESIGN BUBBLE GUM RING,0,Hàng chủ lực bán chạy,"Kệ đầu dãy / lối đi chính, tầm mắt; luôn đủ tồn kho, không để trống kệ.",4824.3,476,0.2478361344537815
22593,CHRISTMAS GINGHAM STAR,0,Hàng chủ lực bán chạy,"Kệ đầu dãy / lối đi chính, tầm mắt; luôn đủ tồn kho, không để trống kệ.",4823.9,415,1.0660671462829736
22027,TEA PARTY BIRTHDAY CARD,0,Hàng chủ lực bán chạy,"Kệ đầu dãy / lối đi chính, tầm mắt; luôn đủ tồn kho, không để trống kệ.",4806.49,845,0.5224793388429751
21986,PACK OF 12 PINK POLKADOT TISSUES,0,Hàng chủ lực bán chạy,"Kệ đầu dãy / lối đi chính, tầm mắt; luôn đủ tồn kho, không để trống kệ.",4786.13,469,0.41293868921775895
22128,PARTY CONES CANDY ASSORTED,0,Hàng chủ lực bán chạy,"Kệ đầu dãy / lối đi chính, tầm mắt; luôn đủ tồn kho, không để trống kệ.",4759.59,195,1.5353299492385786
21916,SET 12 RETRO WHITE CHALK STICKS,0,Hàng chủ lực bán chạy,"Kệ đầu dãy / lối đi chính, tầm mắt; luôn đủ tồn kho, không để trống kệ.",4751.06,713,0.5174068965517241
23286,BLUE VINTAGE SPOT BEAKER,0,Hàng chủ lực bán chạy,"Kệ đầu dãy / lối đi chính, tầm mắt; luôn đủ tồn kho, không để trống kệ.",4747.62,222,1.03009009009009
22672,FRENCH BATHROOM SIGN BLUE METAL,0,Hàng chủ lực bán chạy,"Kệ đầu dãy / lối đi chính, tầm mắt; luôn đủ tồn kho, không để trống kệ.",4736.11,370,1.946595744680851
22399,MAGNETS PACK OF 4 CHILDHOOD MEMORY,0,Hàng chủ lực bán chạy,"Kệ đầu dãy / lối đi chính, tầm mắt; luôn đủ tồn kho, không để trống kệ.",4734.6,277,1.3057913669064747
22434,BALLOON PUMP WITH 10 BALLOONS,0,Hàng chủ lực bán chạy,"Kệ đầu dãy / lối đi chính, tầm mắt; luôn đủ tồn kho, không để trống kệ.",4733.49,281,2.0394076655052262
23159,SET OF 5 PANCAKE DAY MAGNETS,0,Hàng chủ lực bán chạy,"Kệ đầu dãy / lối đi chính, tầm mắt; luôn đủ tồn kho, không để trống kệ.",4713.52,223,2.3199107142857143
22305,COFFEE MUG PINK PAISLEY DESIGN,0,Hàng chủ lực bán chạy,"Kệ đầu dãy / lối đi chính, tầm mắt; luôn đủ tồn kho, không để trống kệ.",4711.53,144,2.7977083333333335
23176,ABC TREASURE BOOK BOX ,0,Hàng chủ lực bán chạy,"Kệ đầu dãy / lối đi chính, tầm mắt; luôn đủ tồn kho, không để trống kệ.",4693.08,226,2.663215859030837
22304,COFFEE MUG BLUE PAISLEY DESIGN,0,Hàng chủ lực bán chạy,"Kệ đầu dãy / lối đi chính, tầm mắt; luôn đủ tồn kho, không để trống kệ.",4689.56,167,2.8558682634730537
20961,STRAWBERRY BATH SPONGE ,0,Hàng chủ lực bán chạy,"Kệ đầu dãy / lối đi chính, tầm mắt; luôn đủ tồn kho, không để trống kệ.",4687.65,514,1.7074903474903476
22562,MONSTERS STENCIL CRAFT,0,Hàng chủ lực bán chạy,"Kệ đầu dãy / lối đi chính, tầm mắt; luôn đủ tồn kho, không để trống kệ.",4682.3,393,1.3233585858585857
20963,APPLE BATH SPONGE,0,Hàng chủ lực bán chạy,"Kệ đầu dãy / lối đi chính, tầm mắt; luôn đủ tồn kho, không để trống kệ.",4676.15,509,1.7628349514563106
23241,TREASURE TIN GYMKHANA DESIGN,0,Hàng chủ lực bán chạy,"Kệ đầu dãy / lối đi chính, tầm mắt; luôn đủ tồn kho, không để trống kệ.",4669.55,363,2.4851092896174864
22075,6 RIBBONS ELEGANT CHRISTMAS ,0,Hàng chủ lực bán chạy,"Kệ đầu dãy / lối đi chính, tầm mắt; luôn đủ tồn kho, không để trống kệ.",4660.69,358,1.8114325068870523
82581,TOILET METAL SIGN,0,Hàng chủ lực bán chạy,"Kệ đầu dãy / lối đi chính, tầm mắt; luôn đủ tồn kho, không để trống kệ.",4649.0,913,0.6903583061889251
15044B,BLUE PAPER PARASOL ,0,Hàng chủ lực bán chạy,"Kệ đầu dãy / lối đi chính, tầm mắt; luôn đủ tồn kho, không để trống kệ.",4644.13,189,3.5482539682539684
22574,HEART WOODEN CHRISTMAS DECORATION,0,Hàng chủ lực bán chạy,"Kệ đầu dãy / lối đi chính, tầm mắt; luôn đủ tồn kho, không để trống kệ.",4629.17,415,1.0663095238095237
21328,BALLOONS  WRITING SET ,0,Hàng chủ lực bán chạy,"Kệ đầu dãy / lối đi chính, tầm mắt; luôn đủ tồn kho, không để trống kệ.",4612.63,643,2.262357473035439
21878,PACK OF 6 SANDCASTLE FLAGS ASSORTED,0,Hàng chủ lực bán chạy,"Kệ đầu dãy / lối đi chính, tầm mắt; luôn đủ tồn kho, không để trống kệ.",4586.48,403,1.0591707317073171
21811,HANGING HEART WITH BELL,0,Hàng chủ lực bán chạy,"Kệ đầu dãy / lối đi chính, tầm mắt; luôn đủ tồn kho, không để trống kệ.",4577.18,382,1.1547989949748745
23285,PINK VINTAGE SPOT BEAKER,0,Hàng chủ lực bán chạy,"Kệ đầu dãy / lối đi chính, tầm mắt; luôn đủ tồn kho, không để trống kệ.",4572.41,191,1.06703125
10135,COLOURING PENCILS BROWN TUBE,0,Hàng chủ lực bán chạy,"Kệ đầu dãy / lối đi chính, tầm mắt; luôn đủ tồn kho, không để trống kệ.",4566.21,324,1.3985626911314983
23168,CLASSIC CAFE SUGAR DISPENSER,0,Hàng chủ lực bán chạy,"Kệ đầu dãy / lối đi chính, tầm mắt; luôn đủ tồn kho, không để trống kệ.",4558.67,337,1.777485380116959
51014A,"FEATHER PEN,HOT PINK",0,Hàng chủ lực bán chạy,"Kệ đầu dãy / lối đi chính, tầm mắt; luôn đủ tồn kho, không để trống kệ.",4556.5,376,0.8243882978723404
22601,CHRISTMAS RETROSPOT ANGEL WOOD,0,Hàng chủ lực bán chạy,"Kệ đầu dãy / lối đi chính, tầm mắt; luôn đủ tồn kho, không để trống kệ.",4547.19,417,1.0235071090047392
37447,CERAMIC CAKE DESIGN SPOTTED PLATE,0,Hàng chủ lực bán chạy,"Kệ đầu dãy / lối đi chính, tầm mắt; luôn đủ tồn kho, không để trống kệ.",4540.849999999999,364,1.988224043715847
22736,RIBBON REEL MAKING SNOWMEN ,0,Hàng chủ lực bán chạy,"Kệ đầu dãy / lối đi chính, tầm mắt; luôn đủ tồn kho, không để trống kệ.",4538.28,408,2.221400966183575
21506,"FANCY FONT BIRTHDAY CARD, ",0,Hàng chủ lực bán chạy,"Kệ đầu dãy / lối đi chính, tầm mắt; luôn đủ tồn kho, không để trống kệ.",4534.49,665,0.4894152923538231
21990,MODERN FLORAL STATIONERY SET,0,Hàng chủ lực bán chạy,"Kệ đầu dãy / lối đi chính, tầm mắt; luôn đủ tồn kho, không để trống kệ.",4530.54,497,2.26582
21564,PINK  HEART SHAPE LOVE BUCKET ,0,Hàng chủ lực bán chạy,"Kệ đầu dãy / lối đi chính, tầm mắt; luôn đủ tồn kho, không để trống kệ.",4524.5,294,3.22935593220339
22908,PACK OF 20 NAPKINS RED APPLES,0,Hàng chủ lực bán chạy,"Kệ đầu dãy / lối đi chính, tầm mắt; luôn đủ tồn kho, không để trống kệ.",4524.0,485,0.955668016194332
23275,SET OF 3 HANGING OWLS OLLIE BEAK,0,Hàng chủ lực bán chạy,"Kệ đầu dãy / lối đi chính, tầm mắt; luôn đủ tồn kho, không để trống kệ.",4521.72,325,1.4738323353293412
23309,SET OF 60 I LOVE LONDON CAKE CASES ,0,Hàng chủ lực bán chạy,"Kệ đầu dãy / lối đi chính, tầm mắt; luôn đủ tồn kho, không để trống kệ.",4495.85,407,0.7424170616113744
22747,POPPY'S PLAYHOUSE BATHROOM,0,Hàng chủ lực bán chạy,"Kệ đầu dãy / lối đi chính, tầm mắt; luôn đủ tồn kho, không để trống kệ.",4487.2,402,2.4089655172413793
23167,SMALL CERAMIC TOP STORAGE JAR ,0,Hàng chủ lực bán chạy,"Kệ đầu dãy / lối đi chính, tầm mắt; luôn đủ tồn kho, không để trống kệ.",4476.009999999999,231,1.0025210084033613
23288,GREEN VINTAGE SPOT BEAKER,0,Hàng chủ lực bán chạy,"Kệ đầu dãy / lối đi chính, tầm mắt; luôn đủ tồn kho, không để trống kệ.",4444.2300000000005,185,1.0418817204301074
22299,PIG KEYRING WITH LIGHT & SOUND ,0,Hàng chủ lực bán chạy,"Kệ đầu dãy / lối đi chính, tầm mắt; luôn đủ tồn kho, không để trống kệ.",4430.82,202,1.629207920792079
22733,3D TRADITIONAL CHRISTMAS STICKERS,0,Hàng chủ lực bán chạy,"Kệ đầu dãy / lối đi chính, tầm mắt; luôn đủ tồn kho, không để trống kệ.",4425.49,338,1.5101162790697675
22291,"SPRING DEC , HANGING CHICK CREAM",0,Hàng chủ lực bán chạy,"Kệ đầu dãy / lối đi chính, tầm mắt; luôn đủ tồn kho, không để trống kệ.",4412.929999999999,264,1.6439776951672864
22548,HEADS AND TAILS SPORTING FUN,0,Hàng chủ lực bán chạy,"Kệ đầu dãy / lối đi chính, tầm mắt; luôn đủ tồn kho, không để trống kệ.",4404.31,428,1.3872499999999999
22573,STAR WOODEN CHRISTMAS DECORATION,0,Hàng chủ lực bán chạy,"Kệ đầu dãy / lối đi chính, tầm mắt; luôn đủ tồn kho, không để trống kệ.",4403.83,405,1.0914669926650367
21967,PACK OF 12 SKULL TISSUES,0,Hàng chủ lực bán chạy,"Kệ đầu dãy / lối đi chính, tầm mắt; luôn đủ tồn kho, không để trống kệ.",4401.44,479,0.41983471074380163
22594,CHRISTMAS GINGHAM TREE,0,Hàng chủ lực bán chạy,"Kệ đầu dãy / lối đi chính, tầm mắt; luôn đủ tồn kho, không để trống kệ.",4377.33,412,1.1050847457627118
21810,CHRISTMAS HANGING STAR WITH BELL,0,Hàng chủ lực bán chạy,"Kệ đầu dãy / lối đi chính, tầm mắt; luôn đủ tồn kho, không để trống kệ.",4374.41,344,0.9649166666666666
84598,BOYS ALPHABET IRON ON PATCHES,0,Hàng chủ lực bán chạy,"Kệ đầu dãy / lối đi chính, tầm mắt; luôn đủ tồn kho, không để trống kệ.",4350.14,217,0.37119815668202766
20674,GREEN POLKADOT BOWL,0,Hàng chủ lực bán chạy,"Kệ đầu dãy / lối đi chính, tầm mắt; luôn đủ tồn kho, không để trống kệ.",4348.52,463,1.5062017167381974
15039,SANDALWOOD FAN,0,Hàng chủ lực bán chạy,"Kệ đầu dãy / lối đi chính, tầm mắt; luôn đủ tồn kho, không để trống kệ.",4345.62,306,1.1448376623376624
22227,HANGING HEART MIRROR DECORATION ,0,Hàng chủ lực bán chạy,"Kệ đầu dãy / lối đi chính, tầm mắt; luôn đủ tồn kho, không để trống kệ.",4344.17,643,0.8913704819277108
23349,ROLL WRAP VINTAGE CHRISTMAS,0,Hàng chủ lực bán chạy,"Kệ đầu dãy / lối đi chính, tầm mắt; luôn đủ tồn kho, không để trống kệ.",4342.6,337,1.5426530612244898
21899,"KEY FOB , GARAGE DESIGN",0,Hàng chủ lực bán chạy,"Kệ đầu dãy / lối đi chính, tầm mắt; luôn đủ tồn kho, không để trống kệ.",4322.47,622,0.8102218700475435
22892,SET OF SALT AND PEPPER TOADSTOOLS,0,Hàng chủ lực bán chạy,"Kệ đầu dãy / lối đi chính, tầm mắt; luôn đủ tồn kho, không để trống kệ.",4322.06,295,1.317457627118644
21012,ANTIQUE ALL GLASS CANDLESTICK,0,Hàng chủ lực bán chạy,"Kệ đầu dãy / lối đi chính, tầm mắt; luôn đủ tồn kho, không để trống kệ.",4293.7,299,2.332857142857143
21245,GREEN POLKADOT PLATE ,0,Hàng chủ lực bán chạy,"Kệ đầu dãy / lối đi chính, tầm mắt; luôn đủ tồn kho, không để trống kệ.",4268.36,304,1.9279545454545453
20966,SANDWICH BATH SPONGE,0,Hàng chủ lực bán chạy,"Kệ đầu dãy / lối đi chính, tầm mắt; luôn đủ tồn kho, không để trống kệ.",4265.24,420,1.7994339622641509
22530,MAGIC DRAWING SLATE DOLLY GIRL ,0,Hàng chủ lực bán chạy,"Kệ đầu dãy / lối đi chính, tầm mắt; luôn đủ tồn kho, không để trống kệ.",4257.09,468,0.4945569620253164
22285,"DECORATION HEN ON NEST, HANGING",0,Hàng chủ lực bán chạy,"Kệ đầu dãy / lối đi chính, tầm mắt; luôn đủ tồn kho, không để trống kệ.",4248.009999999999,261,1.9323048327137544
21556,CERAMIC STRAWBERRY MONEY BOX,0,Hàng chủ lực bán chạy,"Kệ đầu dãy / lối đi chính, tầm mắt; luôn đủ tồn kho, không để trống kệ.",4244.41,293,3.251346801346801
20982,12 PENCILS TALL TUBE SKULLS,0,Hàng chủ lực bán chạy,"Kệ đầu dãy / lối đi chính, tầm mắt; luôn đủ tồn kho, không để trống kệ.",4243.8,576,0.9613333333333334
21068,VINTAGE BILLBOARD LOVE/HATE MUG,0,Hàng chủ lực bán chạy,"Kệ đầu dãy / lối đi chính, tầm mắt; luôn đủ tồn kho, không để trống kệ.",4224.63,373,1.5829521276595744
21355,TOAST ITS - I LOVE YOU ,0,Hàng chủ lực bán chạy,"Kệ đầu dãy / lối đi chính, tầm mắt; luôn đủ tồn kho, không để trống kệ.",4218.05,341,1.455664739884393
23089,GLASS BON BON JAR,0,Hàng chủ lực bán chạy,"Kệ đầu dãy / lối đi chính, tầm mắt; luôn đủ tồn kho, không để trống kệ.",4215.78,225,2.380175438596491
22600,CHRISTMAS RETROSPOT STAR WOOD,0,Hàng chủ lực bán chạy,"Kệ đầu dãy / lối đi chính, tầm mắt; luôn đủ tồn kho, không để trống kệ.",4209.9,429,1.0088532110091741
84950,ASSORTED COLOUR T-LIGHT HOLDER,0,Hàng chủ lực bán chạy,"Kệ đầu dãy / lối đi chính, tầm mắt; luôn đủ tồn kho, không để trống kệ.",4199.27,274,0.9113818181818182
23144,ZINC T-LIGHT HOLDER STARS SMALL,0,Hàng chủ lực bán chạy,"Kệ đầu dãy / lối đi chính, tầm mắt; luôn đủ tồn kho, không để trống kệ.",4197.83,274,0.9436727272727272
22851,SET 20 NAPKINS FAIRY CAKES DESIGN ,0,Hàng chủ lực bán chạy,"Kệ đầu dãy / lối đi chính, tầm mắt; luôn đủ tồn kho, không để trống kệ.",4193.679999999999,523,0.9530827067669172
22127,PARTY CONES CARNIVAL ASSORTED,0,Hàng chủ lực bán chạy,"Kệ đầu dãy / lối đi chính, tầm mắt; luôn đủ tồn kho, không để trống kệ.",4153.11,155,1.8159119496855347
21143,ANTIQUE GLASS HEART DECORATION ,0,Hàng chủ lực bán chạy,"Kệ đầu dãy / lối đi chính, tầm mắt; luôn đủ tồn kho, không để trống kệ.",4149.15,182,2.2852941176470587
21590,KINGS CHOICE CIGAR BOX MATCHES ,0,Hàng chủ lực bán chạy,"Kệ đầu dãy / lối đi chính, tầm mắt; luôn đủ tồn kho, không để trống kệ.",4141.28,286,1.246135593220339
70006,LOVE HEART POCKET WARMER,0,Hàng chủ lực bán chạy,"Kệ đầu dãy / lối đi chính, tầm mắt; luôn đủ tồn kho, không để trống kệ.",4139.5599999999995,290,1.9677364864864864
23306,SET OF 36 DOILIES PANTRY DESIGN,0,Hàng chủ lực bán chạy,"Kệ đầu dãy / lối đi chính, tầm mắt; luôn đủ tồn kho, không để trống kệ.",4123.38,277,1.8061290322580643
84596B,SMALL DOLLY MIX DESIGN ORANGE BOWL,0,Hàng chủ lực bán chạy,"Kệ đầu dãy / lối đi chính, tầm mắt; luôn đủ tồn kho, không để trống kệ.",4099.7699999999995,733,0.8668108108108107
16161U,WRAP SUKI AND FRIENDS,0,Hàng chủ lực bán chạy,"Kệ đầu dãy / lối đi chính, tầm mắt; luôn đủ tồn kho, không để trống kệ.",4084.92,318,0.4180503144654088
21911,GARDEN METAL SIGN ,0,Hàng chủ lực bán chạy,"Kệ đầu dãy / lối đi chính, tầm mắt; luôn đủ tồn kho, không để trống kệ.",4080.8499999999995,344,2.044550724637681
23193,BUFFALO BILL TREASURE BOOK BOX,0,Hàng chủ lực bán chạy,"Kệ đầu dãy / lối đi chính, tầm mắt; luôn đủ tồn kho, không để trống kệ.",4079.28,175,2.730571428571429
23194,GYMKHANA TREASURE BOOK BOX,0,Hàng chủ lực bán chạy,"Kệ đầu dãy / lối đi chính, tầm mắt; luôn đủ tồn kho, không để trống kệ.",4077.37,214,2.71331797235023
20981,12 PENCILS TALL TUBE WOODLAND,0,Hàng chủ lực bán chạy,"Kệ đầu dãy / lối đi chính, tầm mắt; luôn đủ tồn kho, không để trống kệ.",4069.16,513,0.9629126213592233
21901,"KEY FOB , BACK DOOR ",0,Hàng chủ lực bán chạy,"Kệ đầu dãy / lối đi chính, tầm mắt; luôn đủ tồn kho, không để trống kệ.",4061.51,688,0.8094908062234796
22359,GLASS JAR KINGS CHOICE,0,Hàng chủ lực bán chạy,"Kệ đầu dãy / lối đi chính, tầm mắt; luôn đủ tồn kho, không để trống kệ.",4052.18,202,3.6243564356435645
35924,HANGING FAIRY CAKE DECORATION,0,Hàng chủ lực bán chạy,"Kệ đầu dãy / lối đi chính, tầm mắt; luôn đủ tồn kho, không để trống kệ.",4049.4,188,2.7565104166666665
21679,SKULLS  STICKERS,0,Hàng chủ lực bán chạy,"Kệ đầu dãy / lối đi chính, tầm mắt; luôn đủ tồn kho, không để trống kệ.",4034.5099999999998,370,1.0574932614555255
23340,VINTAGE CHRISTMAS CAKE FRILL,0,Hàng chủ lực bán chạy,"Kệ đầu dãy / lối đi chính, tầm mắt; luôn đủ tồn kho, không để trống kệ.",4034.08,151,1.9589473684210525
22284,HEN HOUSE DECORATION,0,Hàng chủ lực bán chạy,"Kệ đầu dãy / lối đi chính, tầm mắt; luôn đủ tồn kho, không để trống kệ.",4017.74,300,1.9993770491803278
22057,CERAMIC PLATE STRAWBERRY DESIGN,0,Hàng chủ lực bán chạy,"Kệ đầu dãy / lối đi chính, tầm mắt; luôn đủ tồn kho, không để trống kệ.",4011.73,260,2.046153846153846
22245,"HOOK, 1 HANGER ,MAGIC GARDEN",0,Hàng chủ lực bán chạy,"Kệ đầu dãy / lối đi chính, tầm mắt; luôn đủ tồn kho, không để trống kệ.",3988.85,413,1.1102870813397128
21987,PACK OF 6 SKULL PAPER CUPS,0,Hàng chủ lực bán chạy,"Kệ đầu dãy / lối đi chính, tầm mắt; luôn đủ tồn kho, không để trống kệ.",3988.0600000000004,385,0.7309923664122138
85206A,CREAM FELT EASTER EGG BASKET,0,Hàng chủ lực bán chạy,"Kệ đầu dãy / lối đi chính, tầm mắt; luôn đủ tồn kho, không để trống kệ.",3982.91,318,1.8081055900621115
22959,WRAP CHRISTMAS VILLAGE,0,Hàng chủ lực bán chạy,"Kệ đầu dãy / lối đi chính, tầm mắt; luôn đủ tồn kho, không để trống kệ.",3981.96,284,0.4181052631578947
22731,3D CHRISTMAS STAMPS STICKERS ,0,Hàng chủ lực bán chạy,"Kệ đầu dãy / lối đi chính, tầm mắt; luôn đủ tồn kho, không để trống kệ.",3965.62,266,1.5044981412639404
21648,ASSORTED TUTTI FRUTTI SMALL PURSE,0,Hàng chủ lực bán chạy,"Kệ đầu dãy / lối đi chính, tầm mắt; luôn đủ tồn kho, không để trống kệ.",3956.48,231,1.8345493562231758
18097C,WHITE TALL PORCELAIN T-LIGHT HOLDER,0,Hàng chủ lực bán chạy,"Kệ đầu dãy / lối đi chính, tầm mắt; luôn đủ tồn kho, không để trống kệ.",3924.9199999999996,211,2.8269339622641505
22980,PANTRY SCRUBBING BRUSH,0,Hàng chủ lực bán chạy,"Kệ đầu dãy / lối đi chính, tầm mắt; luôn đủ tồn kho, không để trống kệ.",3910.0099999999998,291,1.9236734693877549
46000M,POLYESTER FILLER PAD 45x45cm,0,Hàng chủ lực bán chạy,"Kệ đầu dãy / lối đi chính, tầm mắt; luôn đủ tồn kho, không để trống kệ.",3901.3500000000004,353,1.55
21192,WHITE BELL HONEYCOMB PAPER ,0,Hàng chủ lực bán chạy,"Kệ đầu dãy / lối đi chính, tầm mắt; luôn đủ tồn kho, không để trống kệ.",3885.64,216,2.3542792792792793
37340,MULTICOLOUR SPRING FLOWER MUG,0,Hàng chủ lực bán chạy,"Kệ đầu dãy / lối đi chính, tầm mắt; luôn đủ tồn kho, không để trống kệ.",3881.33,204,3.3486341463414635
23032,DRAWER KNOB CRACKLE GLAZE IVORY,0,Hàng chủ lực bán chạy,"Kệ đầu dãy / lối đi chính, tầm mắt; luôn đủ tồn kho, không để trống kệ.",3853.68,199,1.7743349753694582
22478,BIRDHOUSE GARDEN MARKER ,0,Hàng chủ lực bán chạy,"Kệ đầu dãy / lối đi chính, tầm mắt; luôn đủ tồn kho, không để trống kệ.",3848.41,317,1.6139747634069401
21447,12 IVORY ROSE PEG PLACE SETTINGS,0,Hàng chủ lực bán chạy,"Kệ đầu dãy / lối đi chính, tầm mắt; luôn đủ tồn kho, không để trống kệ.",3842.63,336,1.6250146627565982
85040B,SET/4 BLUE FLOWER CANDLES IN BOWL,0,Hàng chủ lực bán chạy,"Kệ đầu dãy / lối đi chính, tầm mắt; luôn đủ tồn kho, không để trống kệ.",3837.2999999999997,255,1.7586923076923076
22965,3 TRADITIONAl BISCUIT CUTTERS  SET,0,Hàng chủ lực bán chạy,"Kệ đầu dãy / lối đi chính, tầm mắt; luôn đủ tồn kho, không để trống kệ.",3834.0400000000004,260,2.3317175572519084
21067,VINTAGE RED TEATIME MUG,0,Hàng chủ lực bán chạy,"Kệ đầu dãy / lối đi chính, tầm mắt; luôn đủ tồn kho, không để trống kệ.",3830.67,266,1.505805243445693
85114B,IVORY ENCHANTED FOREST PLACEMAT,0,Hàng chủ lực bán chạy,"Kệ đầu dãy / lối đi chính, tầm mắt; luôn đủ tồn kho, không để trống kệ.",3804.81,242,2.2163374485596705
21034,REX CASH+CARRY JUMBO SHOPPER,0,Hàng chủ lực bán chạy,"Kệ đầu dãy / lối đi chính, tầm mắt; luôn đủ tồn kho, không để trống kệ.",3801.8999999999996,1902,0.95
22579,WOODEN TREE CHRISTMAS SCANDINAVIAN,0,Hàng chủ lực bán chạy,"Kệ đầu dãy / lối đi chính, tầm mắt; luôn đủ tồn kho, không để trống kệ.",3797.2799999999997,553,0.6905052264808362
21100,CHARLIE AND LOLA CHARLOTTE BAG,0,Hàng chủ lực bán chạy,"Kệ đầu dãy / lối đi chính, tầm mắt; luôn đủ tồn kho, không để trống kệ.",3795.0,269,2.230259259259259
22458,CAST IRON HOOK GARDEN FORK,0,Hàng chủ lực bán chạy,"Kệ đầu dãy / lối đi chính, tầm mắt; luôn đủ tồn kho, không để trống kệ.",3790.47,173,2.86393063583815
22292,HANGING CHICK  YELLOW DECORATION,0,Hàng chủ lực bán chạy,"Kệ đầu dãy / lối đi chính, tầm mắt; luôn đủ tồn kho, không để trống kệ.",3773.74,222,1.6012334801762116
21845,DAIRY MAID STRIPE MUG,0,Hàng chủ lực bán chạy,"Kệ đầu dãy / lối đi chính, tầm mắt; luôn đủ tồn kho, không để trống kệ.",3758.4100000000003,158,2.1685443037974683
22544,MINI JIGSAW SPACEBOY,0,Hàng chủ lực bán chạy,"Kệ đầu dãy / lối đi chính, tầm mắt; luôn đủ tồn kho, không để trống kệ.",3756.52,341,0.5107894736842106
85049C,ROMANTIC PINKS RIBBONS ,0,Hàng chủ lực bán chạy,"Kệ đầu dãy / lối đi chính, tầm mắt; luôn đủ tồn kho, không để trống kệ.",3748.75,501,1.3440980392156863
22494,EMERGENCY FIRST AID TIN ,0,Hàng chủ lực bán chạy,"Kệ đầu dãy / lối đi chính, tầm mắt; luôn đủ tồn kho, không để trống kệ.",3730.92,468,1.7174734607218682
23182,TOILET SIGN OCCUPIED OR VACANT,0,Hàng chủ lực bán chạy,"Kệ đầu dãy / lối đi chính, tầm mắt; luôn đủ tồn kho, không để trống kệ.",3688.2099999999996,433,1.5304347826086955
22398,MAGNETS PACK OF 4 SWALLOWS,0,Hàng chủ lực bán chạy,"Kệ đầu dãy / lối đi chính, tầm mắt; luôn đủ tồn kho, không để trống kệ.",3687.48,430,1.0138812785388127
23497,CLASSIC CHROME BICYCLE BELL ,0,Hàng chủ lực bán chạy,"Kệ đầu dãy / lối đi chính, tầm mắt; luôn đủ tồn kho, không để trống kệ.",3656.02,195,1.62365
22962,JAM JAR WITH PINK LID,0,Hàng chủ lực bán chạy,"Kệ đầu dãy / lối đi chính, tầm mắt; luôn đủ tồn kho, không để trống kệ.",3640.93,354,1.051380281690141
23191,BUNDLE OF 3 RETRO NOTE BOOKS,0,Hàng chủ lực bán chạy,"Kệ đầu dãy / lối đi chính, tầm mắt; luôn đủ tồn kho, không để trống kệ.",3628.8899999999994,281,1.8722996515679444
23294,SET OF 6 SNACK LOAF BAKING CASES,0,Hàng chủ lực bán chạy,"Kệ đầu dãy / lối đi chính, tầm mắt; luôn đủ tồn kho, không để trống kệ.",3607.81,354,1.089776536312849
21866,UNION JACK FLAG LUGGAGE TAG,0,Hàng chủ lực bán chạy,"Kệ đầu dãy / lối đi chính, tầm mắt; luôn đủ tồn kho, không để trống kệ.",3591.5,453,1.7704347826086957
22774,RED DRAWER KNOB ACRYLIC EDWARDIAN,0,Hàng chủ lực bán chạy,"Kệ đầu dãy / lối đi chính, tầm mắt; luôn đủ tồn kho, không để trống kệ.",3591.06,184,1.5565405405405404
21509,COWBOYS AND INDIANS BIRTHDAY CARD ,0,Hàng chủ lực bán chạy,"Kệ đầu dãy / lối đi chính, tầm mắt; luôn đủ tồn kho, không để trống kệ.",3587.22,628,0.5027344992050874
22536,MAGIC DRAWING SLATE PURDEY,0,Hàng chủ lực bán chạy,"Kệ đầu dãy / lối đi chính, tầm mắt; luôn đủ tồn kho, không để trống kệ.",3586.24,365,0.4556417112299465
22944,CHRISTMAS METAL POSTCARD WITH BELLS,0,Hàng chủ lực bán chạy,"Kệ đầu dãy / lối đi chính, tầm mắt; luôn đủ tồn kho, không để trống kệ.",3577.9900000000002,158,1.3859509202453988
22704,WRAP RED APPLES ,0,Hàng chủ lực bán chạy,"Kệ đầu dãy / lối đi chính, tầm mắt; luôn đủ tồn kho, không để trống kệ.",3564.76,295,0.41891525423728815
22334,DINOSAUR PARTY BAG + STICKER SET,0,Hàng chủ lực bán chạy,"Kệ đầu dãy / lối đi chính, tầm mắt; luôn đủ tồn kho, không để trống kệ.",3552.3599999999997,264,1.7397014925373133
22603,CHRISTMAS RETROSPOT TREE WOOD,0,Hàng chủ lực bán chạy,"Kệ đầu dãy / lối đi chính, tầm mắt; luôn đủ tồn kho, không để trống kệ.",3552.0899999999997,388,1.0315656565656566
23210,WHITE ROCKING HORSE HAND PAINTED,0,Hàng chủ lực bán chạy,"Kệ đầu dãy / lối đi chính, tầm mắt; luôn đủ tồn kho, không để trống kệ.",3551.53,192,1.4668316831683168
23332,IVORY WICKER HEART LARGE,0,Hàng chủ lực bán chạy,"Kệ đầu dãy / lối đi chính, tầm mắt; luôn đủ tồn kho, không để trống kệ.",3542.7099999999996,287,1.7616891891891888
21179,NO JUNK MAIL METAL SIGN,0,Hàng chủ lực bán chạy,"Kệ đầu dãy / lối đi chính, tầm mắt; luôn đủ tồn kho, không để trống kệ.",3517.9,505,1.328307392996109
23353,6 GIFT TAGS VINTAGE CHRISTMAS ,0,Hàng chủ lực bán chạy,"Kệ đầu dãy / lối đi chính, tầm mắt; luôn đủ tồn kho, không để trống kệ.",3510.0499999999997,327,0.9988519637462235
22531,MAGIC DRAWING SLATE CIRCUS PARADE  ,0,Hàng chủ lực bán chạy,"Kệ đầu dãy / lối đi chính, tầm mắt; luôn đủ tồn kho, không để trống kệ.",3507.76,406,0.4853771289537712
22076,6 RIBBONS EMPIRE  ,0,Hàng chủ lực bán chạy,"Kệ đầu dãy / lối đi chính, tầm mắt; luôn đủ tồn kho, không để trống kệ.",3490.1899999999996,375,1.7291556728232191
21507,"ELEPHANT, BIRTHDAY CARD, ",0,Hàng chủ lực bán chạy,"Kệ đầu dãy / lối đi chính, tầm mắt; luôn đủ tồn kho, không để trống kệ.",3455.41,584,0.5037948717948717
23350,ROLL WRAP VINTAGE SPOT ,0,Hàng chủ lực bán chạy,"Kệ đầu dãy / lối đi chính, tầm mắt; luôn đủ tồn kho, không để trống kệ.",3445.08,305,1.4612861736334404
84510A,SET OF 4 ENGLISH ROSE COASTERS,0,Hàng chủ lực bán chạy,"Kệ đầu dãy / lối đi chính, tầm mắt; luôn đủ tồn kho, không để trống kệ.",3439.84,532,1.7682990654205606
23232,WRAP VINTAGE LEAF DESIGN,0,Hàng chủ lực bán chạy,"Kệ đầu dãy / lối đi chính, tầm mắt; luôn đủ tồn kho, không để trống kệ.",3436.92,238,0.417489539748954
23354,6 GIFT TAGS 50'S CHRISTMAS ,0,Hàng chủ lực bán chạy,"Kệ đầu dãy / lối đi chính, tầm mắt; luôn đủ tồn kho, không để trống kệ.",3429.3999999999996,322,0.9722121212121212
21902,"KEY FOB , FRONT  DOOR ",0,Hàng chủ lực bán chạy,"Kệ đầu dãy / lối đi chính, tầm mắt; luôn đủ tồn kho, không để trống kệ.",3408.03,474,0.7798367346938776
22440,BALLOON WATER BOMB PACK OF 35,0,Hàng chủ lực bán chạy,"Kệ đầu dãy / lối đi chính, tầm mắt; luôn đủ tồn kho, không để trống kệ.",3399.41,292,0.4507333333333333
21123,SET/10 IVORY POLKADOT PARTY CANDLES,0,Hàng chủ lực bán chạy,"Kệ đầu dãy / lối đi chính, tầm mắt; luôn đủ tồn kho, không để trống kệ.",3393.06,252,1.23875
21211,SET OF 72 SKULL PAPER  DOILIES,0,Hàng chủ lực bán chạy,"Kệ đầu dãy / lối đi chính, tầm mắt; luôn đủ tồn kho, không để trống kệ.",3365.64,237,1.6702521008403362
22477,WATERING CAN GARDEN MARKER,0,Hàng chủ lực bán chạy,"Kệ đầu dãy / lối đi chính, tầm mắt; luôn đủ tồn kho, không để trống kệ.",3356.74,276,1.6487364620938627
22047,EMPIRE GIFT WRAP,0,Hàng chủ lực bán chạy,"Kệ đầu dãy / lối đi chính, tầm mắt; luôn đủ tồn kho, không để trống kệ.",3351.0,261,0.4179310344827586
21917,SET 12 KIDS  WHITE CHALK STICKS,0,Hàng chủ lực bán chạy,"Kệ đầu dãy / lối đi chính, tầm mắt; luôn đủ tồn kho, không để trống kệ.",3324.22,467,0.4968577494692144
22136,LOVE HEART SOCK HANGER,0,Hàng chủ lực bán chạy,"Kệ đầu dãy / lối đi chính, tầm mắt; luôn đủ tồn kho, không để trống kệ.",3322.22,265,2.0905555555555555
84828,JUNGLE POPSICLES ICE LOLLY HOLDERS,0,Hàng chủ lực bán chạy,"Kệ đầu dãy / lối đi chính, tầm mắt; luôn đủ tồn kho, không để trống kệ.",3315.18,353,1.6207042253521127
23308,SET OF 60 VINTAGE LEAF CAKE CASES ,0,Hàng chủ lực bán chạy,"Kệ đầu dãy / lối đi chính, tầm mắt; luôn đủ tồn kho, không để trống kệ.",3272.61,382,0.6942159383033419
84975,HEART SHAPED MIRROR,0,Hàng chủ lực bán chạy,"Kệ đầu dãy / lối đi chính, tầm mắt; luôn đủ tồn kho, không để trống kệ.",3266.4,212,2.0309345794392524
84849B,FAIRY SOAP SOAP HOLDER,0,Hàng chủ lực bán chạy,"Kệ đầu dãy / lối đi chính, tầm mắt; luôn đủ tồn kho, không để trống kệ.",3244.14,293,2.0241496598639457
84596F,SMALL MARSHMALLOWS PINK BOWL,0,Hàng chủ lực bán chạy,"Kệ đầu dãy / lối đi chính, tầm mắt; luôn đủ tồn kho, không để trống kệ.",3243.32,614,0.8886516853932585
22419,LIPSTICK PEN RED,0,Hàng chủ lực bán chạy,"Kệ đầu dãy / lối đi chính, tầm mắt; luôn đủ tồn kho, không để trống kệ.",3242.59,509,0.5990366088631984
21829,DINOSAUR KEYRINGS ASSORTED,0,Hàng chủ lực bán chạy,"Kệ đầu dãy / lối đi chính, tầm mắt; luôn đủ tồn kho, không để trống kệ.",3242.18,409,0.264126213592233
22792,FLUTED ANTIQUE CANDLE HOLDER,0,Hàng chủ lực bán chạy,"Kệ đầu dãy / lối đi chính, tầm mắt; luôn đủ tồn kho, không để trống kệ.",3241.1299999999997,262,1.124885496183206
20992,JAZZ HEARTS PURSE NOTEBOOK,0,Hàng chủ lực bán chạy,"Kệ đầu dãy / lối đi chính, tầm mắt; luôn đủ tồn kho, không để trống kệ.",3220.4,433,0.6853215077605321
23230,WRAP ALPHABET DESIGN,0,Hàng chủ lực bán chạy,"Kệ đầu dãy / lối đi chính, tầm mắt; luôn đủ tồn kho, không để trống kệ.",3217.92,235,0.41736170212765955
23035,DRAWER KNOB CERAMIC IVORY,0,Hàng chủ lực bán chạy,"Kệ đầu dãy / lối đi chính, tầm mắt; luôn đủ tồn kho, không để trống kệ.",3199.99,191,1.6449999999999998
21830,ASSORTED CREEPY CRAWLIES,0,Hàng chủ lực bán chạy,"Kệ đầu dãy / lối đi chính, tầm mắt; luôn đủ tồn kho, không để trống kệ.",3185.6,256,0.46162790697674416
22773,GREEN DRAWER KNOB ACRYLIC EDWARDIAN,0,Hàng chủ lực bán chạy,"Kệ đầu dãy / lối đi chính, tầm mắt; luôn đủ tồn kho, không để trống kệ.",3171.11,227,1.5372294372294373
21949,SET OF 6 STRAWBERRY CHOPSTICKS,0,Hàng chủ lực bán chạy,"Kệ đầu dãy / lối đi chính, tầm mắt; luôn đủ tồn kho, không để trống kệ.",3164.18,269,1.7667777777777778
21519,GIN & TONIC DIET GREETING CARD ,0,Hàng chủ lực bán chạy,"Kệ đầu dãy / lối đi chính, tầm mắt; luôn đủ tồn kho, không để trống kệ.",3149.93,553,0.5015342960288808
22406,MONEY BOX KINGS CHOICE DESIGN,0,Hàng chủ lực bán chạy,"Kệ đầu dãy / lối đi chính, tầm mắt; luôn đủ tồn kho, không để trống kệ.",3149.35,217,1.4647031963470318
21705,BAG 500g SWIRLY MARBLES,0,Hàng chủ lực bán chạy,"Kệ đầu dãy / lối đi chính, tầm mắt; luôn đủ tồn kho, không để trống kệ.",3145.7099999999996,225,1.8070175438596492
82578,KITCHEN METAL SIGN,0,Hàng chủ lực bán chạy,"Kệ đầu dãy / lối đi chính, tầm mắt; luôn đủ tồn kho, không để trống kệ.",3129.2400000000002,704,0.7130898876404494
22095,LADS ONLY TISSUE BOX,0,Hàng chủ lực bán chạy,"Kệ đầu dãy / lối đi chính, tầm mắt; luôn đủ tồn kho, không để trống kệ.",3123.03,284,1.3891780821917807
22310,IVORY KNITTED MUG COSY ,0,Hàng chủ lực bán chạy,"Kệ đầu dãy / lối đi chính, tầm mắt; luôn đủ tồn kho, không để trống kệ.",3113.94,223,2.513451327433628
23346,SPACEBOY BEAKER,0,Hàng chủ lực bán chạy,"Kệ đầu dãy / lối đi chính, tầm mắt; luôn đủ tồn kho, không để trống kệ.",3112.34,184,1.5186559139784948
21272,SALLE DE BAIN HOOK,0,Hàng chủ lực bán chạy,"Kệ đầu dãy / lối đi chính, tầm mắt; luôn đủ tồn kho, không để trống kệ.",3109.83,339,1.6387209302325583
47504K,ENGLISH ROSE GARDEN SECATEURS,0,Hàng chủ lực bán chạy,"Kệ đầu dãy / lối đi chính, tầm mắt; luôn đủ tồn kho, không để trống kệ.",3096.08,312,1.8726498422712934
22129,PARTY CONES CANDY TREE DECORATION,0,Hàng chủ lực bán chạy,"Kệ đầu dãy / lối đi chính, tầm mắt; luôn đủ tồn kho, không để trống kệ.",3095.12,174,1.634
22572,ROCKING HORSE GREEN CHRISTMAS ,0,Hàng chủ lực bán chạy,"Kệ đầu dãy / lối đi chính, tầm mắt; luôn đủ tồn kho, không để trống kệ.",3087.18,362,1.0399731903485254
85227,SET OF 6 3D KIT CARDS FOR KIDS,0,Hàng chủ lực bán chạy,"Kệ đầu dãy / lối đi chính, tầm mắt; luôn đủ tồn kho, không để trống kệ.",3086.44,442,1.1122246696035243
20956,PORCELAIN T-LIGHT HOLDERS ASSORTED,0,Hàng chủ lực bán chạy,"Kệ đầu dãy / lối đi chính, tầm mắt; luôn đủ tồn kho, không để trống kệ.",3083.82,236,1.7566390041493773
22963,JAM JAR WITH GREEN LID,0,Hàng chủ lực bán chạy,"Kệ đầu dãy / lối đi chính, tầm mắt; luôn đủ tồn kho, không để trống kệ.",3079.41,319,1.071832298136646
22154,ANGEL DECORATION 3 BUTTONS ,0,Hàng chủ lực bán chạy,"Kệ đầu dãy / lối đi chính, tầm mắt; luôn đủ tồn kho, không để trống kệ.",3073.32,317,0.5343768996960486
22757,LARGE RED BABUSHKA NOTEBOOK ,0,Hàng chủ lực bán chạy,"Kệ đầu dãy / lối đi chính, tầm mắt; luôn đủ tồn kho, không để trống kệ.",3070.18,308,1.519105431309904
21206,STRAWBERRY HONEYCOMB  GARLAND ,0,Hàng chủ lực bán chạy,"Kệ đầu dãy / lối đi chính, tầm mắt; luôn đủ tồn kho, không để trống kệ.",3067.8999999999996,238,1.8592916666666666
21786,POLKADOT RAIN HAT ,0,Hàng chủ lực bán chạy,"Kệ đầu dãy / lối đi chính, tầm mắt; luôn đủ tồn kho, không để trống kệ.",3049.0299999999997,450,0.6250325379609544
20985,HEART CALCULATOR,0,Hàng chủ lực bán chạy,"Kệ đầu dãy / lối đi chính, tầm mắt; luôn đủ tồn kho, không để trống kệ.",3047.99,291,1.5422333333333333
22754,SMALL RED BABUSHKA NOTEBOOK ,0,Hàng chủ lực bán chạy,"Kệ đầu dãy / lối đi chính, tầm mắt; luôn đủ tồn kho, không để trống kệ.",3044.8599999999997,492,0.994507042253521
22208,WOOD STAMP SET THANK YOU,0,Hàng chủ lực bán chạy,"Kệ đầu dãy / lối đi chính, tầm mắt; luôn đủ tồn kho, không để trống kệ.",3036.95,433,1.5570748299319728
22037,ROBOT BIRTHDAY CARD,0,Hàng chủ lực bán chạy,"Kệ đầu dãy / lối đi chính, tầm mắt; luôn đủ tồn kho, không để trống kệ.",3035.7,634,0.521748031496063
22067,CHOC TRUFFLE GOLD TRINKET POT ,0,Hàng chủ lực bán chạy,"Kệ đầu dãy / lối đi chính, tầm mắt; luôn đủ tồn kho, không để trống kệ.",3019.3199999999997,252,2.096968503937008
22402,MAGNETS PACK OF 4 VINTAGE COLLAGE,0,Hàng chủ lực bán chạy,"Kệ đầu dãy / lối đi chính, tầm mắt; luôn đủ tồn kho, không để trống kệ.",3012.78,250,0.9221259842519685
22805,BLUE DRAWER KNOB ACRYLIC EDWARDIAN,0,Hàng chủ lực bán chạy,"Kệ đầu dãy / lối đi chính, tầm mắt; luôn đủ tồn kho, không để trống kệ.",3008.82,231,1.664025974025974
23231,WRAP DOILEY DESIGN,0,Hàng chủ lực bán chạy,"Kệ đầu dãy / lối đi chính, tầm mắt; luôn đủ tồn kho, không để trống kệ.",3008.34,260,0.41907692307692307
22712,CARD DOLLY GIRL ,0,Hàng chủ lực bán chạy,"Kệ đầu dãy / lối đi chính, tầm mắt; luôn đủ tồn kho, không để trống kệ.",3002.42,508,0.5518664047151277
22755,SMALL PURPLE BABUSHKA NOTEBOOK ,0,Hàng chủ lực bán chạy,"Kệ đầu dãy / lối đi chính, tầm mắt; luôn đủ tồn kho, không để trống kệ.",2997.6299999999997,499,0.9772189349112426
22132,RED LOVE HEART SHAPE CUP,0,Hàng chủ lực bán chạy,"Kệ đầu dãy / lối đi chính, tầm mắt; luôn đủ tồn kho, không để trống kệ.",2989.81,388,1.149254498714653
21354,TOAST ITS - BEST MUM,0,Hàng chủ lực bán chạy,"Kệ đầu dãy / lối đi chính, tầm mắt; luôn đủ tồn kho, không để trống kệ.",2979.46,217,1.4986238532110092
22674,FRENCH TOILET SIGN BLUE METAL,0,Hàng chủ lực bán chạy,"Kệ đầu dãy / lối đi chính, tầm mắt; luôn đủ tồn kho, không để trống kệ.",2956.33,297,1.4519666666666666
22816,CARD MOTORBIKE SANTA,0,Hàng chủ lực bán chạy,"Kệ đầu dãy / lối đi chính, tầm mắt; luôn đủ tồn kho, không để trống kệ.",2950.93,436,0.4823006833712984
23211,RED ROCKING HORSE HAND PAINTED,0,Hàng chủ lực bán chạy,"Kệ đầu dãy / lối đi chính, tầm mắt; luôn đủ tồn kho, không để trống kệ.",2930.57,160,1.5651851851851852
85049D,BRIGHT BLUES RIBBONS ,0,Hàng chủ lực bán chạy,"Kệ đầu dãy / lối đi chính, tầm mắt; luôn đủ tồn kho, không để trống kệ.",2927.88,402,1.326479217603912
21948,SET OF 6 CAKE CHOPSTICKS,0,Hàng chủ lực bán chạy,"Kệ đầu dãy / lối đi chính, tầm mắt; luôn đủ tồn kho, không để trống kệ.",2921.36,267,1.8755762081784386
21214,SET OF 72 IVORY PAPER DOILIES,0,Hàng chủ lực bán chạy,"Kệ đầu dãy / lối đi chính, tầm mắt; luôn đủ tồn kho, không để trống kệ.",2920.8199999999997,199,1.9927722772277228
23290,SPACEBOY CHILDRENS BOWL,0,Hàng chủ lực bán chạy,"Kệ đầu dãy / lối đi chính, tầm mắt; luôn đủ tồn kho, không để trống kệ.",2890.3500000000004,214,1.4357009345794394
23345, DOLLY GIRL BEAKER,0,Hàng chủ lực bán chạy,"Kệ đầu dãy / lối đi chính, tầm mắt; luôn đủ tồn kho, không để trống kệ.",2886.25,174,1.5064204545454545
22480,RED TEA TOWEL CLASSIC DESIGN,0,Hàng chủ lực bán chạy,"Kệ đầu dãy / lối đi chính, tầm mắt; luôn đủ tồn kho, không để trống kệ.",2863.06,263,1.2736704119850186
23212,HEART WREATH DECORATION WITH BELL,0,Hàng chủ lực bán chạy,"Kệ đầu dãy / lối đi chính, tầm mắt; luôn đủ tồn kho, không để trống kệ.",2860.89,186,1.4950261780104712
22293,HANGING CHICK GREEN DECORATION,0,Hàng chủ lực bán chạy,"Kệ đầu dãy / lối đi chính, tầm mắt; luôn đủ tồn kho, không để trống kệ.",2860.2,225,1.7955217391304346
22949,36 DOILIES DOLLY GIRL,0,Hàng chủ lực bán chạy,"Kệ đầu dãy / lối đi chính, tầm mắt; luôn đủ tồn kho, không để trống kệ.",2858.19,177,1.737231638418079
22581,WOOD STOCKING CHRISTMAS SCANDISPOT,0,Hàng chủ lực bán chạy,"Kệ đầu dãy / lối đi chính, tầm mắt; luôn đủ tồn kho, không để trống kệ.",2852.6299999999997,380,0.9357179487179488
23504,PLAYING CARDS JUBILEE UNION JACK,0,Hàng chủ lực bán chạy,"Kệ đầu dãy / lối đi chính, tầm mắt; luôn đủ tồn kho, không để trống kệ.",2848.89,208,1.3483410138248846
22983,CARD BILLBOARD FONT,0,Hàng chủ lực bán chạy,"Kệ đầu dãy / lối đi chính, tầm mắt; luôn đủ tồn kho, không để trống kệ.",2843.55,551,0.5280615942028986
21439,BASKET OF TOADSTOOLS,0,Hàng chủ lực bán chạy,"Kệ đầu dãy / lối đi chính, tầm mắt; luôn đủ tồn kho, không để trống kệ.",2837.54,240,1.5492181069958846
22576,SWALLOW WOODEN CHRISTMAS DECORATION,0,Hàng chủ lực bán chạy,"Kệ đầu dãy / lối đi chính, tầm mắt; luôn đủ tồn kho, không để trống kệ.",2835.08,330,1.0617867435158501
22217,T-LIGHT HOLDER HANGING LACE,0,Hàng chủ lực bán chạy,"Kệ đầu dãy / lối đi chính, tầm mắt; luôn đủ tồn kho, không để trống kệ.",2814.81,214,1.405925925925926
21508,VINTAGE KID DOLLY CARD ,0,Hàng chủ lực bán chạy,"Kệ đầu dãy / lối đi chính, tầm mắt; luôn đủ tồn kho, không để trống kệ.",2808.62,541,0.517097966728281
85199S,SMALL HANGING IVORY/RED WOOD BIRD,0,Hàng chủ lực bán chạy,"Kệ đầu dãy / lối đi chính, tầm mắt; luôn đủ tồn kho, không để trống kệ.",2789.2799999999997,486,0.5843775100401606
22597,MUSICAL ZINC HEART DECORATION ,0,Hàng chủ lực bán chạy,"Kệ đầu dãy / lối đi chính, tầm mắt; luôn đủ tồn kho, không để trống kệ.",2766.08,291,0.7843097643097643
22416,SET OF 36 DOILIES SPACEBOY DESIGN ,0,Hàng chủ lực bán chạy,"Kệ đầu dãy / lối đi chính, tầm mắt; luôn đủ tồn kho, không để trống kệ.",2763.3599999999997,176,1.5764772727272727
22675,FRENCH KITCHEN SIGN BLUE METAL,0,Hàng chủ lực bán chạy,"Kệ đầu dãy / lối đi chính, tầm mắt; luôn đủ tồn kho, không để trống kệ.",2754.95,270,1.4426373626373625
51014C,"FEATHER PEN,COAL BLACK",0,Hàng chủ lực bán chạy,"Kệ đầu dãy / lối đi chính, tầm mắt; luôn đủ tồn kho, không để trống kệ.",2752.33,266,0.8284644194756554
85015,SET OF 12  VINTAGE POSTCARD SET,0,Hàng chủ lực bán chạy,"Kệ đầu dãy / lối đi chính, tầm mắt; luôn đủ tồn kho, không để trống kệ.",2750.0,254,1.8354724409448817
22315,200 RED + WHITE BENDY STRAWS,0,Hàng chủ lực bán chạy,"Kệ đầu dãy / lối đi chính, tầm mắt; luôn đủ tồn kho, không để trống kệ.",2749.51,387,1.448560411311054
22482,BLUE TEA TOWEL CLASSIC DESIGN,0,Hàng chủ lực bán chạy,"Kệ đầu dãy / lối đi chính, tầm mắt; luôn đủ tồn kho, không để trống kệ.",2739.43,214,1.2477064220183487
23100,SILVER BELLS TABLE DECORATION,0,Hàng chủ lực bán chạy,"Kệ đầu dãy / lối đi chính, tầm mắt; luôn đủ tồn kho, không để trống kệ.",2739.38,257,1.426235741444867
22161,HEART DECORATION RUSTIC HANGING ,0,Hàng chủ lực bán chạy,"Kệ đầu dãy / lối đi chính, tầm mắt; luôn đủ tồn kho, không để trống kệ.",2738.28,489,0.6999212598425197
85183B,CHARLIE & LOLA WASTEPAPER BIN FLORA,0,Hàng chủ lực bán chạy,"Kệ đầu dãy / lối đi chính, tầm mắt; luôn đủ tồn kho, không để trống kệ.",2731.7599999999998,171,2.454418604651163
22066,LOVE HEART TRINKET POT,0,Hàng chủ lực bán chạy,"Kệ đầu dãy / lối đi chính, tầm mắt; luôn đủ tồn kho, không để trống kệ.",2729.16,273,1.1550714285714285
21788,KIDS RAIN MAC BLUE,0,Hàng chủ lực bán chạy,"Kệ đầu dãy / lối đi chính, tầm mắt; luôn đủ tồn kho, không để trống kệ.",2725.0899999999997,206,0.9104225352112676
22818,CARD CHRISTMAS VILLAGE,0,Hàng chủ lực bán chạy,"Kệ đầu dãy / lối đi chính, tầm mắt; luôn đủ tồn kho, không để trống kệ.",2720.86,404,0.47586633663366334
22651,GENTLEMAN SHIRT REPAIR KIT ,0,Hàng chủ lực bán chạy,"Kệ đầu dãy / lối đi chính, tầm mắt; luôn đủ tồn kho, không để trống kệ.",2720.8599999999997,270,1.1600367647058822
47480,HANGING PHOTO CLIP ROPE LADDER,0,Hàng chủ lực bán chạy,"Kệ đầu dãy / lối đi chính, tầm mắt; luôn đủ tồn kho, không để trống kệ.",2713.9799999999996,150,2.285066666666667
22231,JIGSAW TREE WITH BIRDHOUSE,0,Hàng chủ lực bán chạy,"Kệ đầu dãy / lối đi chính, tầm mắt; luôn đủ tồn kho, không để trống kệ.",2712.48,297,1.5546843853820598
23292,SPACEBOY CHILDRENS CUP,0,Hàng chủ lực bán chạy,"Kệ đầu dãy / lối đi chính, tầm mắt; luôn đủ tồn kho, không để trống kệ.",2703.33,222,1.5313004484304933
23333,IVORY WICKER HEART MEDIUM,0,Hàng chủ lực bán chạy,"Kệ đầu dãy / lối đi chính, tầm mắt; luôn đủ tồn kho, không để trống kệ.",2695.45,233,1.3329218106995884
21224,SET/4 SKULL BADGES,0,Hàng chủ lực bán chạy,"Kệ đầu dãy / lối đi chính, tầm mắt; luôn đủ tồn kho, không để trống kệ.",2691.91,312,1.2506645569620252
22479,DAISY GARDEN MARKER,0,Hàng chủ lực bán chạy,"Kệ đầu dãy / lối đi chính, tầm mắt; luôn đủ tồn kho, không để trống kệ.",2691.19,214,1.5787441860465117
22436,12 COLOURED PARTY BALLOONS,0,Hàng chủ lực bán chạy,"Kệ đầu dãy / lối đi chính, tầm mắt; luôn đủ tồn kho, không để trống kệ.",2687.05,289,0.6843537414965987
21204,DAISIES  HONEYCOMB GARLAND ,0,Hàng chủ lực bán chạy,"Kệ đầu dãy / lối đi chính, tầm mắt; luôn đủ tồn kho, không để trống kệ.",2682.99,205,1.9919806763285024
22155,STAR DECORATION RUSTIC,0,Hàng chủ lực bán chạy,"Kệ đầu dãy / lối đi chính, tầm mắt; luôn đủ tồn kho, không để trống kệ.",2671.81,340,0.5615774647887324
22028,PENNY FARTHING BIRTHDAY CARD,0,Hàng chủ lực bán chạy,"Kệ đầu dãy / lối đi chính, tầm mắt; luôn đủ tồn kho, không để trống kệ.",2665.13,507,0.5311811023622047
85049B,LUSH GREENS RIBBONS,0,Hàng chủ lực bán chạy,"Kệ đầu dãy / lối đi chính, tầm mắt; luôn đủ tồn kho, không để trống kệ.",2663.2400000000002,341,1.3264431486880466
22094,RED RETROSPOT TISSUE BOX,0,Hàng chủ lực bán chạy,"Kệ đầu dãy / lối đi chính, tầm mắt; luôn đủ tồn kho, không để trống kệ.",2649.05,339,1.3080994152046783
22152,PLACE SETTING WHITE STAR,0,Hàng chủ lực bán chạy,"Kệ đầu dãy / lối đi chính, tầm mắt; luôn đủ tồn kho, không để trống kệ.",2642.2799999999997,241,0.5179919678714859
84754,S/15 SILVER GLASS BAUBLES IN BAG,0,Hàng chủ lực bán chạy,"Kệ đầu dãy / lối đi chính, tầm mắt; luôn đủ tồn kho, không để trống kệ.",2634.59,218,1.5527232142857144
85049F,BABY BOOM RIBBONS ,0,Hàng chủ lực bán chạy,"Kệ đầu dãy / lối đi chính, tầm mắt; luôn đủ tồn kho, không để trống kệ.",2634.0,314,1.3125078369905956
84012,MAGIC SHEEP WOOL GROWING FROM PAPER,0,Hàng chủ lực bán chạy,"Kệ đầu dãy / lối đi chính, tầm mắt; luôn đủ tồn kho, không để trống kệ.",2628.47,179,1.7253333333333334
22758,LARGE PURPLE BABUSHKA NOTEBOOK  ,0,Hàng chủ lực bán chạy,"Kệ đầu dãy / lối đi chính, tầm mắt; luôn đủ tồn kho, không để trống kệ.",2618.35,314,1.5309119496855346
22713,CARD I LOVE LONDON ,0,Hàng chủ lực bán chạy,"Kệ đầu dãy / lối đi chính, tầm mắt; luôn đủ tồn kho, không để trống kệ.",2616.12,368,0.5608648648648649
22439,6 ROCKET BALLOONS ,0,Hàng chủ lực bán chạy,"Kệ đầu dãy / lối đi chính, tầm mắt; luôn đủ tồn kho, không để trống kệ.",2599.01,363,0.7315945945945946
21171,BATHROOM METAL SIGN ,0,Hàng chủ lực bán chạy,"Kệ đầu dãy / lối đi chính, tầm mắt; luôn đủ tồn kho, không để trống kệ.",2578.27,260,1.6744444444444444
21642,ASSORTED TUTTI FRUTTI PEN,0,Hàng chủ lực bán chạy,"Kệ đầu dãy / lối đi chính, tầm mắt; luôn đủ tồn kho, không để trống kệ.",2575.18,251,0.8806896551724137
20960,WATERMELON BATH SPONGE,0,Hàng chủ lực bán chạy,"Kệ đầu dãy / lối đi chính, tầm mắt; luôn đủ tồn kho, không để trống kệ.",2550.84,215,1.6572018348623851
21818,GLITTER CHRISTMAS HEART ,0,Hàng chủ lực bán chạy,"Kệ đầu dãy / lối đi chính, tầm mắt; luôn đủ tồn kho, không để trống kệ.",2549.45,285,0.721
21215,IVORY PAPER CUP CAKE CASES ,0,Hàng chủ lực bán chạy,"Kệ đầu dãy / lối đi chính, tầm mắt; luôn đủ tồn kho, không để trống kệ.",2533.88,291,0.8702372881355933
23367,SET 12 COLOUR PENCILS SPACEBOY ,0,Hàng chủ lực bán chạy,"Kệ đầu dãy / lối đi chính, tầm mắt; luôn đủ tồn kho, không để trống kệ.",2491.2000000000003,282,0.7566666666666667
22091,EMPIRE TISSUE BOX,0,Hàng chủ lực bán chạy,"Kệ đầu dãy / lối đi chính, tầm mắt; luôn đủ tồn kho, không để trống kệ.",2485.86,324,1.2600925925925925
21680,WOODLAND  STICKERS,0,Hàng chủ lực bán chạy,"Kệ đầu dãy / lối đi chính, tầm mắt; luôn đủ tồn kho, không để trống kệ.",2483.68,268,1.141003717472119
85206B,PINK FELT EASTER EGG BASKET,0,Hàng chủ lực bán chạy,"Kệ đầu dãy / lối đi chính, tầm mắt; luôn đủ tồn kho, không để trống kệ.",2477.2999999999997,183,1.8157065217391304
22153,ANGEL DECORATION STARS ON DRESS,0,Hàng chủ lực bán chạy,"Kệ đầu dãy / lối đi chính, tầm mắt; luôn đủ tồn kho, không để trống kệ.",2469.16,283,0.5477133105802048
20668,DISCO BALL CHRISTMAS DECORATION,0,Hàng chủ lực bán chạy,"Kệ đầu dãy / lối đi chính, tầm mắt; luôn đủ tồn kho, không để trống kệ.",2454.88,367,0.16567204301075267
21330,WOODLAND ANIMAL  WRITING SET ,0,Hàng chủ lực bán chạy,"Kệ đầu dãy / lối đi chính, tầm mắt; luôn đủ tồn kho, không để trống kệ.",2454.0699999999997,201,2.2783251231527095
21823,PAINTED METAL HEART WITH HOLLY BELL,0,Hàng chủ lực bán chạy,"Kệ đầu dãy / lối đi chính, tầm mắt; luôn đủ tồn kho, không để trống kệ.",2447.72,212,1.3124778761061948
21789,KIDS RAIN MAC PINK,0,Hàng chủ lực bán chạy,"Kệ đầu dãy / lối đi chính, tầm mắt; luôn đủ tồn kho, không để trống kệ.",2437.0699999999997,218,0.9376923076923076
21809,CHRISTMAS HANGING TREE WITH BELL,0,Hàng chủ lực bán chạy,"Kệ đầu dãy / lối đi chính, tầm mắt; luôn đủ tồn kho, không để trống kệ.",2427.89,207,1.2378301886792453
22537,MAGIC DRAWING SLATE DINOSAUR,0,Hàng chủ lực bán chạy,"Kệ đầu dãy / lối đi chính, tầm mắt; luôn đủ tồn kho, không để trống kệ.",2420.91,350,0.48832869080779945
21973,SET OF 36 MUSHROOM PAPER DOILIES,0,Hàng chủ lực bán chạy,"Kệ đầu dãy / lối đi chính, tầm mắt; luôn đủ tồn kho, không để trống kệ.",2420.0299999999997,210,1.7956190476190474
22613,PACK OF 20 SPACEBOY NAPKINS,0,Hàng chủ lực bán chạy,"Kệ đầu dãy / lối đi chính, tầm mắt; luôn đủ tồn kho, không để trống kệ.",2419.7599999999998,273,0.9653571428571429
22566,FELTCRAFT HAIRBAND PINK AND PURPLE,0,Hàng chủ lực bán chạy,"Kệ đầu dãy / lối đi chính, tầm mắt; luôn đủ tồn kho, không để trống kệ.",2373.8199999999997,297,0.9882450331125827
10133,COLOURING PENCILS BROWN TUBE,0,Hàng chủ lực bán chạy,"Kệ đầu dãy / lối đi chính, tầm mắt; luôn đủ tồn kho, không để trống kệ.",2373.2599999999998,289,0.7457093425605537
21873,IF YOU CAN'T STAND THE HEAT MUG,0,Hàng chủ lực bán chạy,"Kệ đầu dãy / lối đi chính, tầm mắt; luôn đủ tồn kho, không để trống kệ.",2360.0099999999998,199,1.6709547738693467
22421,LIPSTICK PEN FUSCHIA,0,Hàng chủ lực bán chạy,"Kệ đầu dãy / lối đi chính, tầm mắt; luôn đủ tồn kho, không để trống kệ.",2351.86,406,0.5895913461538461
21824,PAINTED METAL STAR WITH HOLLY BELLS,0,Hàng chủ lực bán chạy,"Kệ đầu dãy / lối đi chính, tầm mắt; luôn đủ tồn kho, không để trống kệ.",2351.46,211,1.1228636363636364
21126,SET OF 6 GIRLS CELEBRATION CANDLES,0,Hàng chủ lực bán chạy,"Kệ đầu dãy / lối đi chính, tầm mắt; luôn đủ tồn kho, không để trống kệ.",2349.22,285,1.3368166089965396
22321,BIRD DECORATION RED RETROSPOT,0,Hàng chủ lực bán chạy,"Kệ đầu dãy / lối đi chính, tầm mắt; luôn đủ tồn kho, không để trống kệ.",2339.95,305,1.2285573770491802
21826,EIGHT PIECE DINOSAUR SET,0,Hàng chủ lực bán chạy,"Kệ đầu dãy / lối đi chính, tầm mắt; luôn đủ tồn kho, không để trống kệ.",2326.87,240,1.461726907630522
22251,BIRDHOUSE DECORATION MAGIC GARDEN,0,Hàng chủ lực bán chạy,"Kệ đầu dãy / lối đi chính, tầm mắt; luôn đủ tồn kho, không để trống kệ.",2317.64,298,1.5625913621262457
84536A,ENGLISH ROSE NOTEBOOK A7 SIZE,0,Hàng chủ lực bán chạy,"Kệ đầu dãy / lối đi chính, tầm mắt; luôn đủ tồn kho, không để trống kệ.",2309.7,625,0.5389481946624803
23371,SET 36 COLOUR PENCILS SPACEBOY ,0,Hàng chủ lực bán chạy,"Kệ đầu dãy / lối đi chính, tầm mắt; luôn đủ tồn kho, không để trống kệ.",2304.78,185,1.5179032258064515
85176,SEWING SUSAN 21 NEEDLE SET,0,Hàng chủ lực bán chạy,"Kệ đầu dãy / lối đi chính, tầm mắt; luôn đủ tồn kho, không để trống kệ.",2293.0,306,1.137843137254902
85199L,LARGE HANGING IVORY & RED WOOD BIRD,0,Hàng chủ lực bán chạy,"Kệ đầu dãy / lối đi chính, tầm mắt; luôn đủ tồn kho, không để trống kệ.",2285.02,272,0.836
22539,MINI JIGSAW DOLLY GIRL,0,Hàng chủ lực bán chạy,"Kệ đầu dãy / lối đi chính, tầm mắt; luôn đủ tồn kho, không để trống kệ.",2268.13,247,0.5402811244979919
22133,PINK LOVE HEART SHAPE CUP,0,Hàng chủ lực bán chạy,"Kệ đầu dãy / lối đi chính, tầm mắt; luôn đủ tồn kho, không để trống kệ.",2258.61,327,1.233079268292683
22024,RAINY LADIES BIRTHDAY CARD,0,Hàng chủ lực bán chạy,"Kệ đầu dãy / lối đi chính, tầm mắt; luôn đủ tồn kho, không để trống kệ.",2257.0,439,0.5579271070615034
21819,GLITTER CHRISTMAS STAR ,0,Hàng chủ lực bán chạy,"Kệ đầu dãy / lối đi chính, tầm mắt; luôn đủ tồn kho, không để trống kệ.",2247.14,248,0.7114396887159533
22336,DOVE DECORATION PAINTED ZINC ,0,Hàng chủ lực bán chạy,"Kệ đầu dãy / lối đi chính, tầm mắt; luôn đủ tồn kho, không để trống kệ.",2234.96,214,0.7334684684684685
16237,SLEEPING CAT ERASERS,0,Hàng chủ lực bán chạy,"Kệ đầu dãy / lối đi chính, tầm mắt; luôn đủ tồn kho, không để trống kệ.",2233.15,580,0.2964957264957265
84691,PACK 20 DOLLY PEGS,0,Hàng chủ lực bán chạy,"Kệ đầu dãy / lối đi chính, tầm mắt; luôn đủ tồn kho, không để trống kệ.",2225.5,235,1.0269491525423728
51014L,"FEATHER PEN,LIGHT PINK",0,Hàng chủ lực bán chạy,"Kệ đầu dãy / lối đi chính, tầm mắt; luôn đủ tồn kho, không để trống kệ.",2222.35,226,0.7759471365638766
22074,6 RIBBONS SHIMMERING PINKS ,0,Hàng chủ lực bán chạy,"Kệ đầu dãy / lối đi chính, tầm mắt; luôn đủ tồn kho, không để trống kệ.",2216.3399999999997,287,1.5195876288659793
22716,CARD CIRCUS PARADE,0,Hàng chủ lực bán chạy,"Kệ đầu dãy / lối đi chính, tầm mắt; luôn đủ tồn kho, không để trống kệ.",2211.41,447,0.5158836689038031
21125,SET 6 FOOTBALL CELEBRATION CANDLES,0,Hàng chủ lực bán chạy,"Kệ đầu dãy / lối đi chính, tầm mắt; luôn đủ tồn kho, không để trống kệ.",2211.38,246,1.3050592885375494
85116,BLACK CANDELABRA T-LIGHT HOLDER,0,Hàng chủ lực bán chạy,"Kệ đầu dãy / lối đi chính, tầm mắt; luôn đủ tồn kho, không để trống kệ.",2206.2400000000002,181,1.560054945054945
22286,"DECORATION , WOBBLY RABBIT , METAL ",0,Hàng chủ lực bán chạy,"Kệ đầu dãy / lối đi chính, tầm mắt; luôn đủ tồn kho, không để trống kệ.",2200.75,195,1.7414871794871793
22920,HERB MARKER BASIL,0,Hàng chủ lực bán chạy,"Kệ đầu dãy / lối đi chính, tầm mắt; luôn đủ tồn kho, không để trống kệ.",2199.19,252,0.8639763779527558
23302,KNEELING MAT HOUSEWORK  DESIGN,0,Hàng chủ lực bán chạy,"Kệ đầu dãy / lối đi chính, tầm mắt; luôn đủ tồn kho, không để trống kệ.",2181.4199999999996,230,1.8876394849785407
22948,METAL DECORATION NAUGHTY CHILDREN ,0,Hàng chủ lực bán chạy,"Kệ đầu dãy / lối đi chính, tầm mắt; luôn đủ tồn kho, không để trống kệ.",2164.69,180,1.8312903225806452
22714,CARD BIRTHDAY COWBOY,0,Hàng chủ lực bán chạy,"Kệ đầu dãy / lối đi chính, tầm mắt; luôn đủ tồn kho, không để trống kệ.",2157.91,359,0.5378830083565459
85216,ASSORTED CAKES FRIDGE MAGNETS,0,Hàng chủ lực bán chạy,"Kệ đầu dãy / lối đi chính, tầm mắt; luôn đủ tồn kho, không để trống kệ.",2154.2200000000003,187,2.02281914893617
22338,STAR DECORATION PAINTED ZINC ,0,Hàng chủ lực bán chạy,"Kệ đầu dãy / lối đi chính, tầm mắt; luôn đủ tồn kho, không để trống kệ.",2151.9900000000002,264,0.5545387453874538
21905,MORE BUTTER METAL SIGN ,0,Hàng chủ lực bán chạy,"Kệ đầu dãy / lối đi chính, tầm mắt; luôn đủ tồn kho, không để trống kệ.",2141.07,263,1.688403041825095
21774,DECORATIVE CATS BATHROOM BOTTLE,0,Hàng chủ lực bán chạy,"Kệ đầu dãy / lối đi chính, tầm mắt; luôn đủ tồn kho, không để trống kệ.",2129.81,368,2.008216216216216
23005,TRAVEL CARD WALLET I LOVE LONDON,0,Hàng chủ lực bán chạy,"Kệ đầu dãy / lối đi chính, tầm mắt; luôn đủ tồn kho, không để trống kệ.",2126.55,241,0.5217213114754098
22996,TRAVEL CARD WALLET VINTAGE TICKET,0,Hàng chủ lực bán chạy,"Kệ đầu dãy / lối đi chính, tầm mắt; luôn đủ tồn kho, không để trống kệ.",2094.93,408,0.5296385542168675
21070,VINTAGE BILLBOARD MUG ,0,Hàng chủ lực bán chạy,"Kệ đầu dãy / lối đi chính, tầm mắt; luôn đủ tồn kho, không để trống kệ.",2083.46,229,1.584655172413793
22023,EMPIRE BIRTHDAY CARD,0,Hàng chủ lực bán chạy,"Kệ đầu dãy / lối đi chính, tầm mắt; luôn đủ tồn kho, không để trống kệ.",2076.77,430,0.5302320185614849
85049H,URBAN BLACK RIBBONS ,0,Hàng chủ lực bán chạy,"Kệ đầu dãy / lối đi chính, tầm mắt; luôn đủ tồn kho, không để trống kệ.",2067.18,334,1.1540828402366863
23291,DOLLY GIRL CHILDRENS CUP,0,Hàng chủ lực bán chạy,"Kệ đầu dãy / lối đi chính, tầm mắt; luôn đủ tồn kho, không để trống kệ.",2059.03,195,1.5237244897959183
21058,PARTY INVITES WOODLAND,0,Hàng chủ lực bán chạy,"Kệ đầu dãy / lối đi chính, tầm mắt; luôn đủ tồn kho, không để trống kệ.",2055.5899999999997,275,0.9954838709677419
22400,MAGNETS PACK OF 4 HOME SWEET HOME,0,Hàng chủ lực bán chạy,"Kệ đầu dãy / lối đi chính, tầm mắt; luôn đủ tồn kho, không để trống kệ.",2049.56,234,0.8937974683544304
21640,ASSORTED TUTTI FRUTTI  FOB NOTEBOOK,0,Hàng chủ lực bán chạy,"Kệ đầu dãy / lối đi chính, tầm mắt; luôn đủ tồn kho, không để trống kệ.",2049.4,205,1.0971962616822428
85016,SET OF 6 VINTAGE NOTELETS KIT,0,Hàng chủ lực bán chạy,"Kệ đầu dãy / lối đi chính, tầm mắt; luôn đủ tồn kho, không để trống kệ.",2033.33,167,2.36
22261,FELT EGG COSY WHITE RABBIT ,0,Hàng chủ lực bán chạy,"Kệ đầu dãy / lối đi chính, tầm mắt; luôn đủ tồn kho, không để trống kệ.",2024.35,243,1.1506299212598425
21397,BLUE  SPOTTY EGG CUP ,0,Hàng chủ lực bán chạy,"Kệ đầu dãy / lối đi chính, tầm mắt; luôn đủ tồn kho, không để trống kệ.",2017.74,180,1.6506111111111113
23289,DOLLY GIRL CHILDRENS BOWL,0,Hàng chủ lực bán chạy,"Kệ đầu dãy / lối đi chính, tầm mắt; luôn đủ tồn kho, không để trống kệ.",2013.7,191,1.5367708333333334
22520,CHILDS GARDEN TROWEL BLUE ,0,Hàng chủ lực bán chạy,"Kệ đầu dãy / lối đi chính, tầm mắt; luôn đủ tồn kho, không để trống kệ.",2011.28,369,0.9263829787234042
21389,IVORY HANGING DECORATION  BIRD,0,Hàng chủ lực bán chạy,"Kệ đầu dãy / lối đi chính, tầm mắt; luôn đủ tồn kho, không để trống kệ.",2008.09,261,0.9979850746268656
21504,SKULLS GREETING CARD,0,Hàng chủ lực bán chạy,"Kệ đầu dãy / lối đi chính, tầm mắt; luôn đủ tồn kho, không để trống kệ.",2005.02,329,0.46684848484848485
22521,CHILDS GARDEN TROWEL PINK,0,Hàng chủ lực bán chạy,"Kệ đầu dãy / lối đi chính, tầm mắt; luôn đủ tồn kho, không để trống kệ.",1987.9299999999998,370,0.935
22614,PACK OF 12 SPACEBOY TISSUES,0,Hàng chủ lực bán chạy,"Kệ đầu dãy / lối đi chính, tầm mắt; luôn đủ tồn kho, không để trống kệ.",1954.2999999999997,368,0.41798927613941017
22098,BOUDOIR SQUARE TISSUE BOX,0,Hàng chủ lực bán chạy,"Kệ đầu dãy / lối đi chính, tầm mắt; luôn đủ tồn kho, không để trống kệ.",1952.04,309,1.2482131661442006
22262,FELT EGG COSY CHICKEN,0,Hàng chủ lực bán chạy,"Kệ đầu dãy / lối đi chính, tầm mắt; luôn đủ tồn kho, không để trống kệ.",1947.82,306,1.1506583072100314
35971,ROSE FOLKART HEART DECORATIONS,0,Hàng chủ lực bán chạy,"Kệ đầu dãy / lối đi chính, tầm mắt; luôn đủ tồn kho, không để trống kệ.",1947.74,217,1.7866222222222223
20984,12 PENCILS TALL TUBE POSY,0,Hàng chủ lực bán chạy,"Kệ đầu dãy / lối đi chính, tầm mắt; luôn đủ tồn kho, không để trống kệ.",1940.9599999999998,245,0.5354581673306773
21803,CHRISTMAS TREE STAR DECORATION,0,Hàng chủ lực bán chạy,"Kệ đầu dãy / lối đi chính, tầm mắt; luôn đủ tồn kho, không để trống kệ.",1938.96,322,0.4677089783281734
21802,CHRISTMAS TREE HEART DECORATION,0,Hàng chủ lực bán chạy,"Kệ đầu dãy / lối đi chính, tầm mắt; luôn đủ tồn kho, không để trống kệ.",1917.1999999999998,323,0.4897538461538461
22753,SMALL YELLOW BABUSHKA NOTEBOOK ,0,Hàng chủ lực bán chạy,"Kệ đầu dãy / lối đi chính, tầm mắt; luôn đủ tồn kho, không để trống kệ.",1915.2099999999998,404,0.9516585365853659
22522,CHILDS GARDEN FORK BLUE ,0,Hàng chủ lực bán chạy,"Kệ đầu dãy / lối đi chính, tầm mắt; luôn đủ tồn kho, không để trống kệ.",1905.81,334,0.9080530973451327
22565,FELTCRAFT HAIRBANDS PINK AND WHITE ,0,Hàng chủ lực bán chạy,"Kệ đầu dãy / lối đi chính, tầm mắt; luôn đủ tồn kho, không để trống kệ.",1902.1899999999998,278,1.0322695035460991
85231B,CINAMMON SET OF 9 T-LIGHTS,0,Hàng chủ lực bán chạy,"Kệ đầu dãy / lối đi chính, tầm mắt; luôn đủ tồn kho, không để trống kệ.",1884.4199999999998,388,1.0526717557251908
22523,CHILDS GARDEN FORK PINK,0,Hàng chủ lực bán chạy,"Kệ đầu dãy / lối đi chính, tầm mắt; luôn đủ tồn kho, không để trống kệ.",1882.29,352,0.9272067039106145
21983,PACK OF 12 BLUE PAISLEY TISSUES ,0,Hàng chủ lực bán chạy,"Kệ đầu dãy / lối đi chính, tầm mắt; luôn đủ tồn kho, không để trống kệ.",1875.0199999999998,325,0.4161162079510703
21241,GREEN SPOTTY CUP,0,Hàng chủ lực bán chạy,"Kệ đầu dãy / lối đi chính, tầm mắt; luôn đủ tồn kho, không để trống kệ.",1869.07,260,0.9817241379310345
22535,MAGIC DRAWING SLATE BUNNIES ,0,Hàng chủ lực bán chạy,"Kệ đầu dãy / lối đi chính, tầm mắt; luôn đủ tồn kho, không để trống kệ.",1862.49,298,0.47039867109634553
21677,HEARTS  STICKERS,0,Hàng chủ lực bán chạy,"Kệ đầu dãy / lối đi chính, tầm mắt; luôn đủ tồn kho, không để trống kệ.",1859.3799999999999,279,0.9985304659498206
22587,FELTCRAFT HAIRBAND RED AND BLUE,0,Hàng chủ lực bán chạy,"Kệ đầu dãy / lối đi chính, tầm mắt; luôn đủ tồn kho, không để trống kệ.",1841.1899999999998,308,1.0048734177215188
23148,MINIATURE ANTIQUE ROSE HOOK IVORY,0,Hàng chủ lực bán chạy,"Kệ đầu dãy / lối đi chính, tầm mắt; luôn đủ tồn kho, không để trống kệ.",1816.31,247,0.9133858267716536
22586,FELTCRAFT HAIRBAND PINK AND BLUE,0,Hàng chủ lực bán chạy,"Kệ đầu dãy / lối đi chính, tầm mắt; luôn đủ tồn kho, không để trống kệ.",1815.1399999999999,295,1.0022666666666666
21161,KEEP OUT BOYS DOOR HANGER ,0,Hàng chủ lực bán chạy,"Kệ đầu dãy / lối đi chính, tầm mắt; luôn đủ tồn kho, không để trống kệ.",1806.05,206,1.675781990521327
21158,MOODY GIRL DOOR HANGER ,0,Hàng chủ lực bán chạy,"Kệ đầu dãy / lối đi chính, tầm mắt; luôn đủ tồn kho, không để trống kệ.",1792.6599999999999,310,1.2604672897196263
22422,TOOTHPASTE TUBE PEN,0,Hàng chủ lực bán chạy,"Kệ đầu dãy / lối đi chính, tầm mắt; luôn đủ tồn kho, không để trống kệ.",1760.94,354,0.9879944289693593
21163,DO NOT TOUCH MY STUFF DOOR HANGER ,0,Hàng chủ lực bán chạy,"Kệ đầu dãy / lối đi chính, tầm mắt; luôn đủ tồn kho, không để trống kệ.",1757.92,253,1.3365530303030302
84535B,FAIRY CAKES NOTEBOOK A6 SIZE,0,Hàng chủ lực bán chạy,"Kệ đầu dãy / lối đi chính, tầm mắt; luôn đủ tồn kho, không để trống kệ.",1747.76,327,0.8490090090090091
23101,SILVER STARS TABLE DECORATION,0,Hàng chủ lực bán chạy,"Kệ đầu dãy / lối đi chính, tầm mắt; luôn đủ tồn kho, không để trống kệ.",1739.6299999999999,213,0.9744859813084111
84006,MAGIC TREE -PAPER FLOWERS,0,Hàng chủ lực bán chạy,"Kệ đầu dãy / lối đi chính, tầm mắt; luôn đủ tồn kho, không để trống kệ.",1738.07,212,1.1082075471698114
22035,VINTAGE CARAVAN GREETING CARD ,0,Hàng chủ lực bán chạy,"Kệ đầu dãy / lối đi chính, tầm mắt; luôn đủ tồn kho, không để trống kệ.",1731.24,360,0.5541274238227146
21090,SET/6 COLLAGE PAPER PLATES,0,Hàng chủ lực bán chạy,"Kệ đầu dãy / lối đi chính, tầm mắt; luôn đủ tồn kho, không để trống kệ.",1729.09,278,0.7291397849462365
22026,BANQUET BIRTHDAY  CARD  ,0,Hàng chủ lực bán chạy,"Kệ đầu dãy / lối đi chính, tầm mắt; luôn đủ tồn kho, không để trống kệ.",1717.47,366,0.5348360655737705
20996,JAZZ HEARTS ADDRESS BOOK,0,Hàng chủ lực bán chạy,"Kệ đầu dãy / lối đi chính, tầm mắt; luôn đủ tồn kho, không để trống kệ.",1686.79,335,0.37842261904761904
23368,SET 12 COLOUR PENCILS DOLLY GIRL ,0,Hàng chủ lực bán chạy,"Kệ đầu dãy / lối đi chính, tầm mắt; luôn đủ tồn kho, không để trống kệ.",1679.5500000000002,232,0.784322033898305
21162,TOXIC AREA  DOOR HANGER ,0,Hàng chủ lực bán chạy,"Kệ đầu dãy / lối đi chính, tầm mắt; luôn đủ tồn kho, không để trống kệ.",1655.8799999999999,285,1.274808362369338
22025,RING OF ROSES BIRTHDAY CARD,0,Hàng chủ lực bán chạy,"Kệ đầu dãy / lối đi chính, tầm mắt; luôn đủ tồn kho, không để trống kệ.",1641.6399999999999,288,0.5371280276816609
85131A,BEADED PEARL HEART WHITE ON STICK,0,Hàng chủ lực bán chạy,"Kệ đầu dãy / lối đi chính, tầm mắt; luôn đủ tồn kho, không để trống kệ.",1619.23,199,0.97595
22260,FELT EGG COSY BLUE RABBIT ,0,Hàng chủ lực bán chạy,"Kệ đầu dãy / lối đi chính, tầm mắt; luôn đủ tồn kho, không để trống kệ.",1594.77,241,1.2850813008130082
35471D,SET OF 3 BIRD LIGHT PINK FEATHER ,0,Hàng chủ lực bán chạy,"Kệ đầu dãy / lối đi chính, tầm mắt; luôn đủ tồn kho, không để trống kệ.",1591.86,348,1.2320786516853932
21383,PACK OF 12 STICKY BUNNIES,0,Hàng chủ lực bán chạy,"Kệ đầu dãy / lối đi chính, tầm mắt; luôn đủ tồn kho, không để trống kệ.",1590.43,323,0.9649240121580547
22099,CARAVAN SQUARE TISSUE BOX,0,Hàng chủ lực bán chạy,"Kệ đầu dãy / lối đi chính, tầm mắt; luôn đủ tồn kho, không để trống kệ.",1585.46,291,1.2789666666666666
84536B,FAIRY CAKES NOTEBOOK A7 SIZE,0,Hàng chủ lực bán chạy,"Kệ đầu dãy / lối đi chính, tầm mắt; luôn đủ tồn kho, không để trống kệ.",1567.97,403,0.5775429975429975
20735,BLACK MINI TAPE MEASURE ,0,Hàng chủ lực bán chạy,"Kệ đầu dãy / lối đi chính, tầm mắt; luôn đủ tồn kho, không để trống kệ.",1540.29,202,1.20519801980198
22815,CARD PSYCHEDELIC APPLES,0,Hàng chủ lực bán chạy,"Kệ đầu dãy / lối đi chính, tầm mắt; luôn đủ tồn kho, không để trống kệ.",1468.53,340,0.5004117647058823
21801,CHRISTMAS TREE DECORATION WITH BELL,0,Hàng chủ lực bán chạy,"Kệ đầu dãy / lối đi chính, tầm mắt; luôn đủ tồn kho, không để trống kệ.",1467.6599999999999,258,0.45776061776061777
84596G,SMALL CHOCOLATES PINK BOWL,0,Hàng chủ lực bán chạy,"Kệ đầu dãy / lối đi chính, tầm mắt; luôn đủ tồn kho, không để trống kệ.",1453.16,350,0.8714689265536724
20733,GOLD MINI TAPE MEASURE ,0,Hàng chủ lực bán chạy,"Kệ đầu dãy / lối đi chính, tầm mắt; luôn đủ tồn kho, không để trống kệ.",1452.2,294,0.8517627118644067
21159,MOODY BOY  DOOR HANGER ,0,Hàng chủ lực bán chạy,"Kệ đầu dãy / lối đi chính, tầm mắt; luôn đủ tồn kho, không để trống kệ.",1445.37,250,1.3357768924302789
22817,CARD SUKI BIRTHDAY,0,Hàng chủ lực bán chạy,"Kệ đầu dãy / lối đi chính, tầm mắt; luôn đủ tồn kho, không để trống kệ.",1434.9,355,0.49591549295774645
22093,MOTORING TISSUE BOX,0,Hàng chủ lực bán chạy,"Kệ đầu dãy / lối đi chính, tầm mắt; luôn đủ tồn kho, không để trống kệ.",1429.8700000000001,275,0.9597122302158274
22819,"BIRTHDAY CARD, RETRO SPOT",0,Hàng chủ lực bán chạy,"Kệ đầu dãy / lối đi chính, tầm mắt; luôn đủ tồn kho, không để trống kệ.",1418.12,331,0.4827190332326284
85017B,ENVELOPE 50 BLOSSOM IMAGES,0,Hàng chủ lực bán chạy,"Kệ đầu dãy / lối đi chính, tầm mắt; luôn đủ tồn kho, không để trống kệ.",1390.3899999999999,317,0.7516981132075471
22917,HERB MARKER ROSEMARY,0,Hàng chủ lực bán chạy,"Kệ đầu dãy / lối đi chính, tầm mắt; luôn đủ tồn kho, không để trống kệ.",1386.65,252,0.8575889328063241
23000,TRAVEL CARD WALLET TRANSPORT,0,Hàng chủ lực bán chạy,"Kệ đầu dãy / lối đi chính, tầm mắt; luôn đủ tồn kho, không để trống kệ.",1368.28,278,0.5197132616487455
22916,HERB MARKER THYME,0,Hàng chủ lực bán chạy,"Kệ đầu dãy / lối đi chính, tầm mắt; luôn đủ tồn kho, không để trống kệ.",1363.38,249,0.8606299212598425
16235,RECYCLED PENCIL WITH RABBIT ERASER,0,Hàng chủ lực bán chạy,"Kệ đầu dãy / lối đi chính, tầm mắt; luôn đủ tồn kho, không để trống kệ.",1333.95,310,0.3089808917197452
47593B,SCOTTIE DOGS BABY BIB,0,Hàng chủ lực bán chạy,"Kệ đầu dãy / lối đi chính, tầm mắt; luôn đủ tồn kho, không để trống kệ.",1325.97,357,0.7919337016574586
22918,HERB MARKER PARSLEY,0,Hàng chủ lực bán chạy,"Kệ đầu dãy / lối đi chính, tầm mắt; luôn đủ tồn kho, không để trống kệ.",1322.8600000000001,249,0.8578968253968254
21945,STRAWBERRIES  DESIGN FLANNEL ,0,Hàng chủ lực bán chạy,"Kệ đầu dãy / lối đi chính, tầm mắt; luôn đủ tồn kho, không để trống kệ.",1307.1,240,1.2565289256198346
21880,RED RETROSPOT TAPE,0,Hàng chủ lực bán chạy,"Kệ đầu dãy / lối đi chính, tầm mắt; luôn đủ tồn kho, không để trống kệ.",1289.8300000000002,329,0.6523333333333333
22097,SWALLOW SQUARE TISSUE BOX,0,Hàng chủ lực bán chạy,"Kệ đầu dãy / lối đi chính, tầm mắt; luôn đủ tồn kho, không để trống kệ.",1281.75,242,0.98532
22268,EASTER DECORATION SITTING BUNNY,0,Hàng chủ lực bán chạy,"Kệ đầu dãy / lối đi chính, tầm mắt; luôn đủ tồn kho, không để trống kệ.",1271.29,236,0.8324897959183672
22919,HERB MARKER MINT,0,Hàng chủ lực bán chạy,"Kệ đầu dãy / lối đi chính, tầm mắt; luôn đủ tồn kho, không để trống kệ.",1255.44,248,0.8432669322709163
20707,CRAZY DAISY HEART DECORATION,0,Hàng chủ lực bán chạy,"Kệ đầu dãy / lối đi chính, tầm mắt; luôn đủ tồn kho, không để trống kệ.",1243.68,199,1.22405
22814,CARD PARTY GAMES ,0,Hàng chủ lực bán chạy,"Kệ đầu dãy / lối đi chính, tầm mắt; luôn đủ tồn kho, không để trống kệ.",1147.77,295,0.504135593220339
22718,CARD CAT AND TREE ,0,Hàng chủ lực bán chạy,"Kệ đầu dãy / lối đi chính, tầm mắt; luôn đủ tồn kho, không để trống kệ.",1141.36,264,0.5665530303030303
21942,SKULLS DESIGN FLANNEL,0,Hàng chủ lực bán chạy,"Kệ đầu dãy / lối đi chính, tầm mắt; luôn đủ tồn kho, không để trống kệ.",1136.28,221,1.2536651583710408
21944,KITTENS DESIGN FLANNEL,0,Hàng chủ lực bán chạy,"Kệ đầu dãy / lối đi chính, tầm mắt; luôn đủ tồn kho, không để trống kệ.",1106.01,204,1.1505853658536584
22995,TRAVEL CARD WALLET SUKI,0,Hàng chủ lực bán chạy,"Kệ đầu dãy / lối đi chính, tầm mắt; luôn đủ tồn kho, không để trống kệ.",1058.64,266,0.5419402985074626
22134,MINI LADLE LOVE HEART RED ,0,Hàng chủ lực bán chạy,"Kệ đầu dãy / lối đi chính, tầm mắt; luôn đủ tồn kho, không để trống kệ.",1043.58,298,0.6375919732441471
22135,MINI LADLE LOVE HEART PINK,0,Hàng chủ lực bán chạy,"Kệ đầu dãy / lối đi chính, tầm mắt; luôn đủ tồn kho, không để trống kệ.",806.15,317,0.6760567823343848
84078A,SET/4 WHITE RETRO STORAGE CUBES ,1,Hàng giá khá bán đều,"Kệ giữa dãy theo chủ đề (bếp, quà tặng, trang trí nhà), tầm tay; xoay vòng theo mùa.",43844.96000000001,328,45.85689024390244
85066,CREAM SWEETHEART MINI CHEST,1,Hàng giá khá bán đều,"Kệ giữa dãy theo chủ đề (bếp, quà tặng, trang trí nhà), tầm tay; xoay vòng theo mùa.",38599.979999999996,929,14.095063965884862
22501,PICNIC BASKET WICKER LARGE,1,Hàng giá khá bán đều,"Kệ giữa dãy theo chủ đề (bếp, quà tặng, trang trí nhà), tầm tay; xoay vòng theo mùa.",30339.36,762,13.588451443569554
21217,RED RETROSPOT ROUND CAKE TINS,1,Hàng giá khá bán đều,"Kệ giữa dãy theo chủ đề (bếp, quà tặng, trang trí nhà), tầm tay; xoay vòng theo mùa.",29769.239999999998,928,11.6687311827957
22624,IVORY KITCHEN SCALES,1,Hàng giá khá bán đều,"Kệ giữa dãy theo chủ đề (bếp, quà tặng, trang trí nhà), tầm tay; xoay vòng theo mùa.",27282.73,1219,9.3401638001638
37503,TEA TIME CAKE STAND IN GIFT BOX,1,Hàng giá khá bán đều,"Kệ giữa dãy theo chủ đề (bếp, quà tặng, trang trí nhà), tầm tay; xoay vòng theo mùa.",25428.329999999998,522,11.723193116634798
22605,WOODEN CROQUET GARDEN SET,1,Hàng giá khá bán đều,"Kệ giữa dãy theo chủ đề (bếp, quà tặng, trang trí nhà), tầm tay; xoay vòng theo mùa.",23426.82,642,14.766438569206843
22625,RED KITCHEN SCALES,1,Hàng giá khá bán đều,"Kệ giữa dãy theo chủ đề (bếp, quà tặng, trang trí nhà), tầm tay; xoay vòng theo mùa.",22911.55,950,9.727957894736841
22607,WOODEN ROUNDERS GARDEN SET ,1,Hàng giá khá bán đều,"Kệ giữa dãy theo chủ đề (bếp, quà tặng, trang trí nhà), tầm tay; xoay vòng theo mùa.",22906.54,744,10.02461847389558
37449,CERAMIC CAKE STAND + HANGING CAKES,1,Hàng giá khá bán đều,"Kệ giữa dãy theo chủ đề (bếp, quà tặng, trang trí nhà), tầm tay; xoay vòng theo mùa.",22333.3,477,11.180564853556485
21258,VICTORIAN SEWING BOX LARGE,1,Hàng giá khá bán đều,"Kệ giữa dãy theo chủ đề (bếp, quà tặng, trang trí nhà), tầm tay; xoay vòng theo mùa.",21386.559999999998,526,17.00918406072106
85048,15CM CHRISTMAS GLASS BALL 20 LIGHTS,1,Hàng giá khá bán đều,"Kệ giữa dãy theo chủ đề (bếp, quà tặng, trang trí nhà), tầm tay; xoay vòng theo mùa.",21201.13,517,9.155689655172415
22424,ENAMEL BREAD BIN CREAM,1,Hàng giá khá bán đều,"Kệ giữa dãy theo chủ đề (bếp, quà tặng, trang trí nhà), tầm tay; xoay vòng theo mùa.",20886.89,739,15.385337837837838
22169,FAMILY ALBUM WHITE PICTURE FRAME,1,Hàng giá khá bán đều,"Kệ giữa dãy theo chủ đề (bếp, quà tặng, trang trí nhà), tầm tay; xoay vòng theo mùa.",19507.6,701,9.794022824536377
21340,CLASSIC METAL BIRDCAGE PLANT HOLDER,1,Hàng giá khá bán đều,"Kệ giữa dãy theo chủ đề (bếp, quà tặng, trang trí nhà), tầm tay; xoay vòng theo mùa.",19194.13,419,13.07895238095238
22061,LARGE CAKE STAND  HANGING STRAWBERY,1,Hàng giá khá bán đều,"Kệ giữa dãy theo chủ đề (bếp, quà tặng, trang trí nhà), tầm tay; xoay vòng theo mùa.",19121.37,520,11.222917466410747
22847,BREAD BIN DINER STYLE IVORY,1,Hàng giá khá bán đều,"Kệ giữa dãy theo chủ đề (bếp, quà tặng, trang trí nhà), tầm tay; xoay vòng theo mùa.",18352.739999999998,482,17.174958506224066
22776,SWEETHEART CAKESTAND 3 TIER,1,Hàng giá khá bán đều,"Kệ giữa dãy theo chủ đề (bếp, quà tặng, trang trí nhà), tầm tay; xoay vòng theo mùa.",17530.46,691,11.166950867052023
84467,ENGLISH ROSE DESIGN QUILTED THROW,1,Hàng giá khá bán đều,"Kệ giữa dãy theo chủ đề (bếp, quà tặng, trang trí nhà), tầm tay; xoay vòng theo mùa.",17477.66,83,24.040602409638552
22654,DELUXE SEWING KIT ,1,Hàng giá khá bán đều,"Kệ giữa dãy theo chủ đề (bếp, quà tặng, trang trí nhà), tầm tay; xoay vòng theo mùa.",16971.27,597,7.357757475083056
72760B,VINTAGE CREAM 3 BASKET CAKE STAND,1,Hàng giá khá bán đều,"Kệ giữa dãy theo chủ đề (bếp, quà tặng, trang trí nhà), tầm tay; xoay vòng theo mùa.",16409.02,494,10.82219758064516
22487,WHITE WOOD GARDEN PLANT LADDER,1,Hàng giá khá bán đều,"Kệ giữa dãy theo chủ đề (bếp, quà tặng, trang trí nhà), tầm tay; xoay vòng theo mùa.",16373.699999999999,898,10.688288888888888
22191,IVORY DINER WALL CLOCK,1,Hàng giá khá bán đều,"Kệ giữa dãy theo chủ đề (bếp, quà tặng, trang trí nhà), tầm tay; xoay vòng theo mùa.",16216.050000000001,620,8.726083467094703
22193,RED DINER WALL CLOCK,1,Hàng giá khá bán đều,"Kệ giữa dãy theo chủ đề (bếp, quà tặng, trang trí nhà), tầm tay; xoay vòng theo mùa.",16117.980000000001,617,9.215218800648298
22692,DOORMAT WELCOME TO OUR HOME,1,Hàng giá khá bán đều,"Kệ giữa dãy theo chủ đề (bếp, quà tặng, trang trí nhà), tầm tay; xoay vòng theo mùa.",15965.95,606,9.478828382838284
22634,CHILDS BREAKFAST SET SPACEBOY ,1,Hàng giá khá bán đều,"Kệ giữa dãy theo chủ đề (bếp, quà tặng, trang trí nhà), tầm tay; xoay vòng theo mùa.",15946.55,499,10.162814371257484
22635,CHILDS BREAKFAST SET DOLLY GIRL ,1,Hàng giá khá bán đều,"Kệ giữa dãy theo chủ đề (bếp, quà tặng, trang trí nhà), tầm tay; xoay vòng theo mùa.",15795.01,485,10.30381930184805
22170,PICTURE FRAME WOOD TRIPLE PORTRAIT,1,Hàng giá khá bán đều,"Kệ giữa dãy theo chủ đề (bếp, quà tặng, trang trí nhà), tầm tay; xoay vòng theo mùa.",15645.27,575,7.42446956521739
22946,WOODEN ADVENT CALENDAR CREAM,1,Hàng giá khá bán đều,"Kệ giữa dãy theo chủ đề (bếp, quà tặng, trang trí nhà), tầm tay; xoay vòng theo mùa.",15060.57,275,18.37695652173913
22606,WOODEN SKITTLES GARDEN SET,1,Hàng giá khá bán đều,"Kệ giữa dãy theo chủ đề (bếp, quà tặng, trang trí nhà), tầm tay; xoay vòng theo mùa.",14881.94,374,16.358620689655172
22485,SET OF 2 WOODEN MARKET CRATES,1,Hàng giá khá bán đều,"Kệ giữa dãy theo chủ đề (bếp, quà tặng, trang trí nhà), tầm tay; xoay vòng theo mùa.",14677.84,419,14.761428571428572
22179,SET 10 LIGHTS NIGHT OWL,1,Hàng giá khá bán đều,"Kệ giữa dãy theo chủ đề (bếp, quà tặng, trang trí nhà), tầm tay; xoay vòng theo mùa.",14418.61,566,8.44261862917399
20748,KENSINGTON COFFEE SET,1,Hàng giá khá bán đều,"Kệ giữa dãy theo chủ đề (bếp, quà tặng, trang trí nhà), tầm tay; xoay vòng theo mùa.",14266.980000000001,183,12.383224043715847
22627,MINT KITCHEN SCALES,1,Hàng giá khá bán đều,"Kệ giữa dãy theo chủ đề (bếp, quà tặng, trang trí nhà), tầm tay; xoay vòng theo mùa.",14016.800000000001,653,9.471406727828747
35400,WOODEN BOX ADVENT CALENDAR ,1,Hàng giá khá bán đều,"Kệ giữa dãy theo chủ đề (bếp, quà tặng, trang trí nhà), tầm tay; xoay vòng theo mùa.",13999.1,419,10.473995271867611
21257,VICTORIAN SEWING BOX MEDIUM,1,Hàng giá khá bán đều,"Kệ giữa dãy theo chủ đề (bếp, quà tặng, trang trí nhà), tầm tay; xoay vòng theo mùa.",13968.48,532,10.49658536585366
22236,CAKE STAND 3 TIER MAGIC GARDEN,1,Hàng giá khá bán đều,"Kệ giữa dãy theo chủ đề (bếp, quà tặng, trang trí nhà), tầm tay; xoay vòng theo mùa.",13965.519999999999,421,13.37624703087886
21259,VICTORIAN SEWING BOX SMALL ,1,Hàng giá khá bán đều,"Kệ giữa dãy theo chủ đề (bếp, quà tặng, trang trí nhà), tầm tay; xoay vòng theo mùa.",13843.92,655,6.926051829268292
79323P,PINK CHERRY LIGHTS,1,Hàng giá khá bán đều,"Kệ giữa dãy theo chủ đề (bếp, quà tặng, trang trí nhà), tầm tay; xoay vòng theo mùa.",13787.93,265,7.28390977443609
22636,CHILDS BREAKFAST SET CIRCUS PARADE,1,Hàng giá khá bán đều,"Kệ giữa dãy theo chủ đề (bếp, quà tặng, trang trí nhà), tầm tay; xoay vòng theo mùa.",13437.03,489,8.807667342799189
22846,BREAD BIN DINER STYLE RED ,1,Hàng giá khá bán đều,"Kệ giữa dãy theo chủ đề (bếp, quà tặng, trang trí nhà), tầm tay; xoay vòng theo mùa.",13264.82,346,17.639450867052023
22838,3 TIER CAKE TIN RED AND CREAM,1,Hàng giá khá bán đều,"Kệ giữa dãy theo chủ đề (bếp, quà tặng, trang trí nhà), tầm tay; xoay vòng theo mùa.",13220.86,271,16.809335793357935
22580,ADVENT CALENDAR GINGHAM SACK,1,Hàng giá khá bán đều,"Kệ giữa dãy theo chủ đề (bếp, quà tặng, trang trí nhà), tầm tay; xoay vòng theo mùa.",13141.08,495,6.138709677419355
21906,PHARMACIE FIRST AID TIN,1,Hàng giá khá bán đều,"Kệ giữa dãy theo chủ đề (bếp, quà tặng, trang trí nhà), tầm tay; xoay vòng theo mùa.",12879.460000000001,424,8.386713615023474
22655,VINTAGE RED KITCHEN CABINET,1,Hàng giá khá bán đều,"Kệ giữa dãy theo chủ đề (bếp, quà tặng, trang trí nhà), tầm tay; xoay vòng theo mùa.",12845.0,53,186.32075471698113
22947,WOODEN ADVENT CALENDAR RED,1,Hàng giá khá bán đều,"Kệ giữa dãy theo chủ đề (bếp, quà tặng, trang trí nhà), tầm tay; xoay vòng theo mùa.",12704.15,209,14.754761904761905
22623,BOX OF VINTAGE JIGSAW BLOCKS ,1,Hàng giá khá bán đều,"Kệ giữa dãy theo chủ đề (bếp, quà tặng, trang trí nhà), tầm tay; xoay vòng theo mùa.",12432.28,541,5.667882136279926
22192,BLUE DINER WALL CLOCK,1,Hàng giá khá bán đều,"Kệ giữa dãy theo chủ đề (bếp, quà tặng, trang trí nhà), tầm tay; xoay vòng theo mùa.",12104.800000000001,543,8.901544117647058
47567B,TEA TIME KITCHEN APRON,1,Hàng giá khá bán đều,"Kệ giữa dãy theo chủ đề (bếp, quà tặng, trang trí nhà), tầm tay; xoay vòng theo mùa.",11721.990000000002,351,6.269239436619718
22844,VINTAGE CREAM DOG FOOD CONTAINER,1,Hàng giá khá bán đều,"Kệ giữa dãy theo chủ đề (bếp, quà tặng, trang trí nhà), tầm tay; xoay vòng theo mùa.",11593.28,498,10.571477045908182
22468,BABUSHKA LIGHTS STRING OF 10,1,Hàng giá khá bán đều,"Kệ giữa dãy theo chủ đề (bếp, quà tặng, trang trí nhà), tầm tay; xoay vòng theo mùa.",11542.6,413,7.8801694915254235
22649,STRAWBERRY FAIRY CAKE TEAPOT,1,Hàng giá khá bán đều,"Kệ giữa dãy theo chủ đề (bếp, quà tặng, trang trí nhà), tầm tay; xoay vòng theo mùa.",11541.78,486,5.761379310344828
21922,UNION STRIPE WITH FRINGE  HAMMOCK,1,Hàng giá khá bán đều,"Kệ giữa dãy theo chủ đề (bếp, quà tặng, trang trí nhà), tầm tay; xoay vòng theo mùa.",11199.18,388,8.857429305912596
22968,ROSE COTTAGE KEEPSAKE BOX ,1,Hàng giá khá bán đều,"Kệ giữa dãy theo chủ đề (bếp, quà tặng, trang trí nhà), tầm tay; xoay vòng theo mùa.",11184.82,306,11.719281045751634
22795,SWEETHEART RECIPE BOOK STAND,1,Hàng giá khá bán đều,"Kệ giữa dãy theo chủ đề (bếp, quà tặng, trang trí nhà), tầm tay; xoay vòng theo mùa.",11175.81,498,7.921394422310757
21735,TWO DOOR CURIO CABINET,1,Hàng giá khá bán đều,"Kệ giữa dãy theo chủ đề (bếp, quà tặng, trang trí nhà), tầm tay; xoay vòng theo mùa.",11112.85,262,15.352824427480916
22768,FAMILY PHOTO FRAME CORNICE,1,Hàng giá khá bán đều,"Kệ giữa dãy theo chủ đề (bếp, quà tặng, trang trí nhà), tầm tay; xoay vòng theo mùa.",11064.72,354,10.684241573033708
22120,WELCOME  WOODEN BLOCK LETTERS,1,Hàng giá khá bán đều,"Kệ giữa dãy theo chủ đề (bếp, quà tặng, trang trí nhà), tầm tay; xoay vòng theo mùa.",10314.189999999999,367,11.28659400544959
21781,MA CAMPAGNE CUTLERY BOX,1,Hàng giá khá bán đều,"Kệ giữa dãy theo chủ đề (bếp, quà tặng, trang trí nhà), tầm tay; xoay vòng theo mùa.",10125.72,363,16.549700272479562
84792,ENCHANTED BIRD COATHANGER 5 HOOK,1,Hàng giá khá bán đều,"Kệ giữa dãy theo chủ đề (bếp, quà tặng, trang trí nhà), tầm tay; xoay vòng theo mùa.",10119.51,519,5.2575623800383875
22180,RETROSPOT LAMP,1,Hàng giá khá bán đều,"Kệ giữa dãy theo chủ đề (bếp, quà tặng, trang trí nhà), tầm tay; xoay vòng theo mùa.",10103.38,410,11.275756097560974
22840,ROUND CAKE TIN VINTAGE RED,1,Hàng giá khá bán đều,"Kệ giữa dãy theo chủ đề (bếp, quà tặng, trang trí nhà), tầm tay; xoay vòng theo mùa.",10023.65,402,8.243781094527364
84030E,ENGLISH ROSE HOT WATER BOTTLE,1,Hàng giá khá bán đều,"Kệ giữa dãy theo chủ đề (bếp, quà tặng, trang trí nhà), tầm tay; xoay vòng theo mùa.",10021.55,531,5.196412639405205
21756,BATH BUILDING BLOCK WORD,1,Hàng giá khá bán đều,"Kệ giữa dãy theo chủ đề (bếp, quà tặng, trang trí nhà), tầm tay; xoay vòng theo mùa.",9944.65,581,6.565616438356165
84880,WHITE WIRE EGG HOLDER,1,Hàng giá khá bán đều,"Kệ giữa dãy theo chủ đề (bếp, quà tặng, trang trí nhà), tầm tay; xoay vòng theo mùa.",9894.99,375,6.7271618037135275
47570B,TEA TIME TABLE CLOTH,1,Hàng giá khá bán đều,"Kệ giữa dãy theo chủ đề (bếp, quà tặng, trang trí nhà), tầm tay; xoay vòng theo mùa.",9791.67,232,12.129017094017094
22767,TRIPLE PHOTO FRAME CORNICE ,1,Hàng giá khá bán đều,"Kệ giữa dãy theo chủ đề (bếp, quà tặng, trang trí nhà), tầm tay; xoay vòng theo mùa.",9478.23,295,10.317710437710437
22942,CHRISTMAS LIGHTS 10 SANTAS ,1,Hàng giá khá bán đều,"Kệ giữa dãy theo chủ đề (bếp, quà tặng, trang trí nhà), tầm tay; xoay vòng theo mùa.",9466.41,246,8.545263157894736
21658,GLASS  BEURRE DISH,1,Hàng giá khá bán đều,"Kệ giữa dãy theo chủ đề (bếp, quà tặng, trang trí nhà), tầm tay; xoay vòng theo mùa.",9271.89,519,5.327878787878788
20747,PICCADILLY TEA SET,1,Hàng giá khá bán đều,"Kệ giữa dãy theo chủ đề (bếp, quà tặng, trang trí nhà), tầm tay; xoay vòng theo mùa.",9224.92,108,15.723703703703702
22121,NOEL WOODEN BLOCK LETTERS ,1,Hàng giá khá bán đều,"Kệ giữa dãy theo chủ đề (bếp, quà tặng, trang trí nhà), tầm tay; xoay vòng theo mùa.",9167.61,438,6.6425
23080,RED METAL BOX TOP SECRET,1,Hàng giá khá bán đều,"Kệ giữa dãy theo chủ đề (bếp, quà tặng, trang trí nhà), tầm tay; xoay vòng theo mùa.",9117.62,257,9.339272030651342
21777,RECIPE BOX WITH METAL HEART,1,Hàng giá khá bán đều,"Kệ giữa dãy theo chủ đề (bếp, quà tặng, trang trí nhà), tầm tay; xoay vòng theo mùa.",9075.51,367,9.097527173913043
72807C,SET/3 VANILLA SCENTED CANDLE IN BOX,1,Hàng giá khá bán đều,"Kệ giữa dãy theo chủ đề (bếp, quà tặng, trang trí nhà), tầm tay; xoay vòng theo mùa.",9001.15,389,5.706071428571429
22839,3 TIER CAKE TIN GREEN AND CREAM,1,Hàng giá khá bán đều,"Kệ giữa dãy theo chủ đề (bếp, quà tặng, trang trí nhà), tầm tay; xoay vòng theo mùa.",8971.17,260,18.024789272030652
22371,AIRLINE BAG VINTAGE TOKYO 78,1,Hàng giá khá bán đều,"Kệ giữa dãy theo chủ đề (bếp, quà tặng, trang trí nhà), tầm tay; xoay vòng theo mùa.",8936.8,684,5.362751091703057
22215,CAKE STAND WHITE TWO TIER LACE,1,Hàng giá khá bán đều,"Kệ giữa dãy theo chủ đề (bếp, quà tặng, trang trí nhà), tầm tay; xoay vòng theo mùa.",8809.93,359,9.028802228412257
84839,SWEETHEART KEY CABINET,1,Hàng giá khá bán đều,"Kệ giữa dãy theo chủ đề (bếp, quà tặng, trang trí nhà), tầm tay; xoay vòng theo mùa.",8747.05,393,7.216472081218274
21042,RED SPOTTY APRON ,1,Hàng giá khá bán đều,"Kệ giữa dãy theo chủ đề (bếp, quà tặng, trang trí nhà), tầm tay; xoay vòng theo mùa.",8717.31,399,6.910521091811415
23256,CHILDRENS CUTLERY SPACEBOY ,1,Hàng giá khá bán đều,"Kệ giữa dãy theo chủ đề (bếp, quà tặng, trang trí nhà), tầm tay; xoay vòng theo mùa.",8667.07,368,4.463064516129032
23534,WALL ART STOP FOR TEA ,1,Hàng giá khá bán đều,"Kệ giữa dãy theo chủ đề (bếp, quà tặng, trang trí nhà), tầm tay; xoay vòng theo mùa.",8608.9,260,7.53896551724138
22283,6 EGG HOUSE PAINTED WOOD,1,Hàng giá khá bán đều,"Kệ giữa dãy theo chủ đề (bếp, quà tặng, trang trí nhà), tầm tay; xoay vòng theo mùa.",8533.09,382,9.60413612565445
79323LP,LIGHT PINK CHERRY LIGHTS,1,Hàng giá khá bán đều,"Kệ giữa dãy theo chủ đề (bếp, quà tặng, trang trí nhà), tầm tay; xoay vòng theo mùa.",8481.19,170,6.871764705882353
48189,DOOR MAT FRIENDSHIP ,1,Hàng giá khá bán đều,"Kệ giữa dãy theo chủ đề (bếp, quà tặng, trang trí nhà), tầm tay; xoay vòng theo mùa.",8470.28,274,9.05051094890511
22073,RED RETROSPOT STORAGE JAR,1,Hàng giá khá bán đều,"Kệ giữa dãy theo chủ đề (bếp, quà tặng, trang trí nhà), tầm tay; xoay vòng theo mùa.",8457.89,474,4.6206981519507195
22354,RETROSPOT PADDED SEAT CUSHION,1,Hàng giá khá bán đều,"Kệ giữa dãy theo chủ đề (bếp, quà tặng, trang trí nhà), tầm tay; xoay vòng theo mùa.",8454.56,280,4.2496441281138795
23535,WALL ART BICYCLE SAFETY,1,Hàng giá khá bán đều,"Kệ giữa dãy theo chủ đề (bếp, quà tặng, trang trí nhà), tầm tay; xoay vòng theo mùa.",8440.24,215,7.446898148148148
22628,PICNIC BOXES SET OF 3 RETROSPOT ,1,Hàng giá khá bán đều,"Kệ giữa dãy theo chủ đề (bếp, quà tặng, trang trí nhà), tầm tay; xoay vòng theo mùa.",8367.8,350,5.627806267806268
22689,DOORMAT MERRY CHRISTMAS RED ,1,Hàng giá khá bán đều,"Kệ giữa dãy theo chủ đề (bếp, quà tặng, trang trí nhà), tầm tay; xoay vòng theo mùa.",8366.72,264,9.377509433962263
21411,GINGHAM HEART  DOORSTOP RED,1,Hàng giá khá bán đều,"Kệ giữa dãy theo chủ đề (bếp, quà tặng, trang trí nhà), tầm tay; xoay vòng theo mùa.",8352.94,624,4.870365659777424
85067,CREAM SWEETHEART WALL CABINET,1,Hàng giá khá bán đều,"Kệ giữa dãy theo chủ đề (bếp, quà tặng, trang trí nhà), tầm tay; xoay vòng theo mùa.",8201.99,175,20.3275
22796,PHOTO FRAME 3 CLASSIC HANGING,1,Hàng giá khá bán đều,"Kệ giữa dãy theo chủ đề (bếp, quà tặng, trang trí nhà), tầm tay; xoay vòng theo mùa.",8020.45,316,10.424025157232704
22504,CABIN BAG VINTAGE RETROSPOT,1,Hàng giá khá bán đều,"Kệ giữa dãy theo chủ đề (bếp, quà tặng, trang trí nhà), tầm tay; xoay vòng theo mùa.",7985.03,115,25.72113043478261
21115,ROSE CARAVAN DOORSTOP,1,Hàng giá khá bán đều,"Kệ giữa dãy theo chủ đề (bếp, quà tặng, trang trí nhà), tầm tay; xoay vòng theo mùa.",7955.84,431,7.740046189376444
21769,VINTAGE POST OFFICE CABINET,1,Hàng giá khá bán đều,"Kệ giữa dãy theo chủ đề (bếp, quà tặng, trang trí nhà), tầm tay; xoay vòng theo mùa.",7954.87,48,77.62666666666667
21116,OWL DOORSTOP,1,Hàng giá khá bán đều,"Kệ giữa dãy theo chủ đề (bếp, quà tặng, trang trí nhà), tầm tay; xoay vòng theo mùa.",7900.01,534,6.772915887850468
22275,WEEKEND BAG VINTAGE ROSE PAISLEY,1,Hàng giá khá bán đều,"Kệ giữa dãy theo chủ đề (bếp, quà tặng, trang trí nhà), tầm tay; xoay vòng theo mùa.",7875.33,313,8.88564263322884
22890,NOVELTY BISCUITS CAKE STAND 3 TIER,1,Hàng giá khá bán đều,"Kệ giữa dãy theo chủ đề (bếp, quà tặng, trang trí nhà), tầm tay; xoay vòng theo mùa.",7821.96,260,11.051226053639846
23238,SET OF 4 KNICK KNACK TINS LONDON ,1,Hàng giá khá bán đều,"Kệ giữa dãy theo chủ đề (bếp, quà tặng, trang trí nhà), tầm tay; xoay vòng theo mùa.",7771.610000000001,274,4.752158273381295
23007, SPACEBOY BABY GIFT SET,1,Hàng giá khá bán đều,"Kệ giữa dãy theo chủ đề (bếp, quà tặng, trang trí nhà), tầm tay; xoay vòng theo mùa.",7741.749999999999,184,15.913423913043477
21110,LARGE CAKE TOWEL PINK SPOTS,1,Hàng giá khá bán đều,"Kệ giữa dãy theo chủ đề (bếp, quà tặng, trang trí nhà), tầm tay; xoay vòng theo mùa.",7729.37,329,7.420120120120121
22784,LANTERN CREAM GAZEBO ,1,Hàng giá khá bán đều,"Kệ giữa dãy theo chủ đề (bếp, quà tặng, trang trí nhà), tầm tay; xoay vòng theo mùa.",7727.14,369,5.620080428954424
22165,"DIAMANTE HEART SHAPED WALL MIRROR, ",1,Hàng giá khá bán đều,"Kệ giữa dãy theo chủ đề (bếp, quà tặng, trang trí nhà), tầm tay; xoay vòng theo mùa.",7673.7300000000005,272,12.870218181818181
84968C,SET OF 16 VINTAGE PISTACHIO CUTLERY,1,Hàng giá khá bán đều,"Kệ giữa dãy theo chủ đề (bếp, quà tặng, trang trí nhà), tầm tay; xoay vòng theo mùa.",7629.25,191,14.947083333333333
22669,RED BABY BUNTING ,1,Hàng giá khá bán đều,"Kệ giữa dãy theo chủ đề (bếp, quà tặng, trang trí nhà), tầm tay; xoay vòng theo mùa.",7613.94,438,3.627551020408163
22224,WHITE LOVEBIRD LANTERN,1,Hàng giá khá bán đều,"Kệ giữa dãy theo chủ đề (bếp, quà tặng, trang trí nhà), tầm tay; xoay vòng theo mùa.",7527.9400000000005,401,3.6157920792079206
85065,CREAM SWEETHEART TRAYS,1,Hàng giá khá bán đều,"Kệ giữa dãy theo chủ đề (bếp, quà tặng, trang trí nhà), tầm tay; xoay vòng theo mùa.",7524.44,256,13.5696875
85064,CREAM SWEETHEART LETTER RACK,1,Hàng giá khá bán đều,"Kệ giữa dãy theo chủ đề (bếp, quà tặng, trang trí nhà), tầm tay; xoay vòng theo mùa.",7493.06,279,6.1648028673835125
21463,MIRRORED DISCO BALL ,1,Hàng giá khá bán đều,"Kệ giữa dãy theo chủ đề (bếp, quà tặng, trang trí nhà), tầm tay; xoay vòng theo mùa.",7484.81,302,6.5647350993377485
22199,FRYING PAN RED RETROSPOT,1,Hàng giá khá bán đều,"Kệ giữa dãy theo chủ đề (bếp, quà tặng, trang trí nhà), tầm tay; xoay vòng theo mùa.",7480.35,405,5.188128078817734
21737,SET 3 WICKER LOG BASKETS,1,Hàng giá khá bán đều,"Kệ giữa dãy theo chủ đề (bếp, quà tặng, trang trí nhà), tầm tay; xoay vòng theo mùa.",7362.66,164,19.868048780487804
21361,LOVE LARGE WOOD LETTERS ,1,Hàng giá khá bán đều,"Kệ giữa dãy theo chủ đề (bếp, quà tặng, trang trí nhà), tầm tay; xoay vòng theo mùa.",7361.74,286,14.29027777777778
22282,12 EGG HOUSE PAINTED WOOD,1,Hàng giá khá bán đều,"Kệ giữa dãy theo chủ đề (bếp, quà tặng, trang trí nhà), tầm tay; xoay vòng theo mùa.",7304.69,216,16.838657407407407
23083,SET 6 PAPER TABLE LANTERN STARS ,1,Hàng giá khá bán đều,"Kệ giữa dãy theo chủ đề (bếp, quà tặng, trang trí nhà), tầm tay; xoay vòng theo mùa.",7250.900000000001,246,4.236586345381526
22414,DOORMAT NEIGHBOURHOOD WITCH ,1,Hàng giá khá bán đều,"Kệ giữa dãy theo chủ đề (bếp, quà tặng, trang trí nhà), tầm tay; xoay vòng theo mùa.",7203.57,220,9.446954545454545
85174,S/4 CACTI CANDLES,1,Hàng giá khá bán đều,"Kệ giữa dãy theo chủ đề (bếp, quà tặng, trang trí nhà), tầm tay; xoay vòng theo mùa.",7193.46,357,6.645643835616438
22626,BLACK KITCHEN SCALES,1,Hàng giá khá bán đều,"Kệ giữa dãy theo chủ đề (bếp, quà tặng, trang trí nhà), tầm tay; xoay vòng theo mùa.",7167.4800000000005,339,9.225457227138643
22781,GUMBALL MAGAZINE RACK,1,Hàng giá khá bán đều,"Kệ giữa dãy theo chủ đề (bếp, quà tặng, trang trí nhà), tầm tay; xoay vòng theo mùa.",7060.58,307,9.49896103896104
21625,VINTAGE UNION JACK APRON,1,Hàng giá khá bán đều,"Kệ giữa dãy theo chủ đề (bếp, quà tặng, trang trí nhà), tầm tay; xoay vòng theo mùa.",7037.62,334,8.184553571428571
23543,WALL ART KEEP CALM ,1,Hàng giá khá bán đều,"Kệ giữa dãy theo chủ đề (bếp, quà tặng, trang trí nhà), tầm tay; xoay vòng theo mùa.",7010.76,103,8.530952380952382
23283,DOORMAT VINTAGE LEAF,1,Hàng giá khá bán đều,"Kệ giữa dãy theo chủ đề (bếp, quà tặng, trang trí nhà), tầm tay; xoay vòng theo mùa.",7003.38,233,8.65824034334764
22618,COOKING SET RETROSPOT,1,Hàng giá khá bán đều,"Kệ giữa dãy theo chủ đề (bếp, quà tặng, trang trí nhà), tầm tay; xoay vòng theo mùa.",6984.349999999999,242,10.469341563786006
22498,WOODEN REGATTA BUNTING,1,Hàng giá khá bán đều,"Kệ giữa dãy theo chủ đề (bếp, quà tặng, trang trí nhà), tầm tay; xoay vòng theo mùa.",6933.740000000001,381,6.845091383812011
23254,CHILDRENS CUTLERY DOLLY GIRL ,1,Hàng giá khá bán đều,"Kệ giữa dãy theo chủ đề (bếp, quà tặng, trang trí nhà), tầm tay; xoay vòng theo mùa.",6903.110000000001,299,4.267142857142858
22220,CAKE STAND LOVEBIRD 2 TIER WHITE,1,Hàng giá khá bán đều,"Kệ giữa dãy theo chủ đề (bếp, quà tặng, trang trí nhà), tầm tay; xoay vòng theo mùa.",6885.44,270,10.384074074074073
47502,POLKADOT CUTLERY 24 PCS IN TRAY,1,Hàng giá khá bán đều,"Kệ giữa dãy theo chủ đề (bếp, quà tặng, trang trí nhà), tầm tay; xoay vòng theo mùa.",6855.75,79,14.809113924050632
23541,WALL ART CLASSIC PUDDINGS ,1,Hàng giá khá bán đều,"Kệ giữa dãy theo chủ đề (bếp, quà tặng, trang trí nhà), tầm tay; xoay vòng theo mùa.",6823.91,152,9.71203947368421
22187,GREEN CHRISTMAS TREE CARD HOLDER,1,Hàng giá khá bán đều,"Kệ giữa dãy theo chủ đề (bếp, quà tặng, trang trí nhà), tầm tay; xoay vòng theo mùa.",6820.7,364,4.355464480874317
35004B,SET OF 3 BLACK FLYING DUCKS,1,Hàng giá khá bán đều,"Kệ giữa dãy theo chủ đề (bếp, quà tặng, trang trí nhà), tầm tay; xoay vòng theo mùa.",6809.650000000001,275,6.741594202898551
37500,TEA TIME TEAPOT IN GIFT BOX,1,Hàng giá khá bán đều,"Kệ giữa dãy theo chủ đề (bếp, quà tặng, trang trí nhà), tầm tay; xoay vòng theo mùa.",6787.46,263,9.145227272727272
22845,VINTAGE CREAM CAT FOOD CONTAINER,1,Hàng giá khá bán đều,"Kệ giữa dãy theo chủ đề (bếp, quà tặng, trang trí nhà), tầm tay; xoay vòng theo mùa.",6764.599999999999,394,7.8148484848484845
22430,ENAMEL WATERING CAN CREAM,1,Hàng giá khá bán đều,"Kệ giữa dãy theo chủ đề (bếp, quà tặng, trang trí nhà), tầm tay; xoay vòng theo mùa.",6761.38,356,5.599301675977654
21768,WALL MOUNTED VINTAGE ORGANISER,1,Hàng giá khá bán đều,"Kệ giữa dãy theo chủ đề (bếp, quà tặng, trang trí nhà), tầm tay; xoay vòng theo mùa.",6756.09,163,18.043353658536585
84509A,SET OF 4 ENGLISH ROSE PLACEMATS,1,Hàng giá khá bán đều,"Kệ giữa dãy theo chủ đề (bếp, quà tặng, trang trí nhà), tầm tay; xoay vòng theo mùa.",6742.53,479,5.018517745302714
23229,VINTAGE DONKEY TAIL GAME ,1,Hàng giá khá bán đều,"Kệ giữa dãy theo chủ đề (bếp, quà tặng, trang trí nhà), tầm tay; xoay vòng theo mùa.",6739.71,256,4.2430078125
23008,DOLLY GIRL BABY GIFT SET,1,Hàng giá khá bán đều,"Kệ giữa dãy theo chủ đề (bếp, quà tặng, trang trí nhà), tầm tay; xoay vòng theo mùa.",6719.61,133,16.12609022556391
23480,MINI LIGHTS WOODLAND MUSHROOMS,1,Hàng giá khá bán đều,"Kệ giữa dãy theo chủ đề (bếp, quà tặng, trang trí nhà), tầm tay; xoay vòng theo mùa.",6719.14,215,4.428761467889909
22221,CAKE STAND LOVEBIRD 2 TIER PINK,1,Hàng giá khá bán đều,"Kệ giữa dãy theo chủ đề (bếp, quà tặng, trang trí nhà), tầm tay; xoay vòng theo mùa.",6702.33,156,10.578535031847133
22526,WHEELBARROW FOR CHILDREN ,1,Hàng giá khá bán đều,"Kệ giữa dãy theo chủ đề (bếp, quà tặng, trang trí nhà), tầm tay; xoay vòng theo mùa.",6689.67,207,13.60014423076923
84968A,SET OF 16 VINTAGE ROSE CUTLERY,1,Hàng giá khá bán đều,"Kệ giữa dãy theo chủ đề (bếp, quà tặng, trang trí nhà), tầm tay; xoay vòng theo mùa.",6688.9,208,14.338516746411484
85047,WHITE BEADED GARLAND STRING 20LIGHT,1,Hàng giá khá bán đều,"Kệ giữa dãy theo chủ đề (bếp, quà tặng, trang trí nhà), tầm tay; xoay vòng theo mùa.",6664.329999999999,236,7.060333333333333
23169,CLASSIC GLASS COOKIE JAR,1,Hàng giá khá bán đều,"Kệ giữa dãy theo chủ đề (bếp, quà tặng, trang trí nhà), tầm tay; xoay vòng theo mùa.",6662.84,314,4.724095238095239
84884A,ANT WHITE WIRE HEART SPIRAL,1,Hàng giá khá bán đều,"Kệ giữa dãy theo chủ đề (bếp, quà tặng, trang trí nhà), tầm tay; xoay vòng theo mùa.",6659.17,347,4.9209798270893375
85068,CREAM SWEETHEART SHELF + HOOKS,1,Hàng giá khá bán đều,"Kệ giữa dãy theo chủ đề (bếp, quà tặng, trang trí nhà), tầm tay; xoay vòng theo mùa.",6647.24,197,8.65251256281407
22779,WOODEN OWLS LIGHT GARLAND ,1,Hàng giá khá bán đều,"Kệ giữa dãy theo chủ đề (bếp, quà tặng, trang trí nhà), tầm tay; xoay vòng theo mùa.",6631.35,193,4.198775510204082
23311,VINTAGE CHRISTMAS STOCKING ,1,Hàng giá khá bán đều,"Kệ giữa dãy theo chủ đề (bếp, quà tặng, trang trí nhà), tầm tay; xoay vòng theo mùa.",6488.2,344,2.9656772334293944
15060B,FAIRY CAKE DESIGN UMBRELLA,1,Hàng giá khá bán đều,"Kệ giữa dãy theo chủ đề (bếp, quà tặng, trang trí nhà), tầm tay; xoay vòng theo mùa.",6486.79,454,5.572863436123348
23553,LANDMARK FRAME CAMDEN TOWN ,1,Hàng giá khá bán đều,"Kệ giữa dãy theo chủ đề (bếp, quà tặng, trang trí nhà), tầm tay; xoay vòng theo mùa.",6444.65,68,13.30220588235294
79067,CORONA MEXICAN TRAY,1,Hàng giá khá bán đều,"Kệ giữa dãy theo chủ đề (bếp, quà tặng, trang trí nhà), tầm tay; xoay vòng theo mùa.",6380.2,396,4.938517587939699
22783,SET 3 WICKER OVAL BASKETS W LIDS,1,Hàng giá khá bán đều,"Kệ giữa dãy theo chủ đề (bếp, quà tặng, trang trí nhà), tầm tay; xoay vòng theo mùa.",6316.3,45,15.91088888888889
22849,BREAD BIN DINER STYLE MINT,1,Hàng giá khá bán đều,"Kệ giữa dãy theo chủ đề (bếp, quà tặng, trang trí nhà), tầm tay; xoay vòng theo mùa.",6287.73,162,16.78827160493827
22780,LIGHT GARLAND BUTTERFILES PINK,1,Hàng giá khá bán đều,"Kệ giữa dãy theo chủ đề (bếp, quà tặng, trang trí nhà), tầm tay; xoay vòng theo mùa.",6167.59,179,4.196629834254144
22222,CAKE PLATE LOVEBIRD WHITE,1,Hàng giá khá bán đều,"Kệ giữa dãy theo chủ đề (bếp, quà tặng, trang trí nhà), tầm tay; xoay vòng theo mùa.",6160.84,403,5.630868486352358
22848,BREAD BIN DINER STYLE PINK,1,Hàng giá khá bán đều,"Kệ giữa dãy theo chủ đề (bếp, quà tặng, trang trí nhà), tầm tay; xoay vòng theo mùa.",6128.599999999999,151,18.013509933774834
21667,GLASS CAKE COVER AND PLATE,1,Hàng giá khá bán đều,"Kệ giữa dãy theo chủ đề (bếp, quà tặng, trang trí nhà), tầm tay; xoay vòng theo mùa.",6126.25,163,18.958098159509202
23118,PARISIENNE JEWELLERY DRAWER ,1,Hàng giá khá bán đều,"Kệ giữa dãy theo chủ đề (bếp, quà tặng, trang trí nhà), tầm tay; xoay vòng theo mùa.",6102.18,258,8.39046511627907
22167, OVAL WALL MIRROR DIAMANTE ,1,Hàng giá khá bán đều,"Kệ giữa dãy theo chủ đề (bếp, quà tặng, trang trí nhà), tầm tay; xoay vòng theo mùa.",6056.33,303,11.313026315789473
22361,GLASS JAR DAISY FRESH COTTON WOOL,1,Hàng giá khá bán đều,"Kệ giữa dãy theo chủ đề (bếp, quà tặng, trang trí nhà), tầm tay; xoay vòng theo mùa.",6036.26,496,4.2679718875502015
23526,WALL ART DOG LICENCE ,1,Hàng giá khá bán đều,"Kệ giữa dãy theo chủ đề (bếp, quà tặng, trang trí nhà), tầm tay; xoay vòng theo mùa.",6021.4,143,8.24888888888889
22841,ROUND CAKE TIN VINTAGE GREEN,1,Hàng giá khá bán đều,"Kệ giữa dãy theo chủ đề (bếp, quà tặng, trang trí nhà), tầm tay; xoay vòng theo mùa.",6002.52,306,8.409477124183008
23312,VINTAGE CHRISTMAS GIFT SACK,1,Hàng giá khá bán đều,"Kệ giữa dãy theo chủ đề (bếp, quà tặng, trang trí nhà), tầm tay; xoay vòng theo mùa.",5964.150000000001,214,4.452293577981651
22278,OVERNIGHT BAG VINTAGE ROSE PAISLEY,1,Hàng giá khá bán đều,"Kệ giữa dãy theo chủ đề (bếp, quà tặng, trang trí nhà), tầm tay; xoay vòng theo mùa.",5959.53,383,6.753556701030928
23052,RECYCLED ACAPULCO MAT TURQUOISE,1,Hàng giá khá bán đều,"Kệ giữa dãy theo chủ đề (bếp, quà tặng, trang trí nhà), tầm tay; xoay vòng theo mùa.",5949.34,278,9.784460431654676
48197,DOOR MAT BIRD ON THE WIRE,1,Hàng giá khá bán đều,"Kệ giữa dãy theo chủ đề (bếp, quà tặng, trang trí nhà), tầm tay; xoay vòng theo mùa.",5905.64,225,9.610977777777777
21407,BROWN CHECK CAT DOORSTOP ,1,Hàng giá khá bán đều,"Kệ giữa dãy theo chủ đề (bếp, quà tặng, trang trí nhà), tầm tay; xoay vòng theo mùa.",5883.33,453,5.250021978021978
85132C,CHARLIE AND LOLA FIGURES TINS,1,Hàng giá khá bán đều,"Kệ giữa dãy theo chủ đề (bếp, quà tặng, trang trí nhà), tầm tay; xoay vòng theo mùa.",5865.04,306,5.04957654723127
23485,BOTANICAL GARDENS WALL CLOCK ,1,Hàng giá khá bán đều,"Kệ giữa dãy theo chủ đề (bếp, quà tặng, trang trí nhà), tầm tay; xoay vòng theo mùa.",5843.92,83,24.791807228915662
22660,DOORMAT I LOVE LONDON,1,Hàng giá khá bán đều,"Kệ giữa dãy theo chủ đề (bếp, quà tặng, trang trí nhà), tầm tay; xoay vòng theo mùa.",5839.41,194,9.09840206185567
22200,FRYING PAN PINK POLKADOT,1,Hàng giá khá bán đều,"Kệ giữa dãy theo chủ đề (bếp, quà tặng, trang trí nhà), tầm tay; xoay vòng theo mùa.",5784.92,357,5.627877094972067
22687,DOORMAT CHRISTMAS VILLAGE,1,Hàng giá khá bán đều,"Kệ giữa dãy theo chủ đề (bếp, quà tặng, trang trí nhà), tầm tay; xoay vòng theo mùa.",5784.67,149,9.817046979865772
37495,FAIRY CAKE BIRTHDAY CANDLE SET,1,Hàng giá khá bán đều,"Kệ giữa dãy theo chủ đề (bếp, quà tặng, trang trí nhà), tầm tay; xoay vòng theo mùa.",5732.6,330,4.146737160120845
84968B,S/16 VINTAGE IVORY CUTLERY,1,Hàng giá khá bán đều,"Kệ giữa dãy theo chủ đề (bếp, quà tặng, trang trí nhà), tầm tay; xoay vòng theo mùa.",5732.389999999999,137,15.021240875912408
21452,TOADSTOOL MONEY BOX,1,Hàng giá khá bán đều,"Kệ giữa dãy theo chủ đề (bếp, quà tặng, trang trí nhà), tầm tay; xoay vòng theo mùa.",5731.330000000001,408,3.4630382775119615
22070,SMALL RED RETROSPOT MUG IN BOX ,1,Hàng giá khá bán đều,"Kệ giữa dãy theo chủ đề (bếp, quà tặng, trang trí nhà), tầm tay; xoay vòng theo mùa.",5701.49,320,4.0357716049382715
22060,LARGE CAKE STAND HANGING HEARTS,1,Hàng giá khá bán đều,"Kệ giữa dãy theo chủ đề (bếp, quà tặng, trang trí nhà), tầm tay; xoay vòng theo mùa.",5691.41,158,9.86751552795031
21528,DAIRY MAID TRADITIONAL TEAPOT ,1,Hàng giá khá bán đều,"Kệ giữa dãy theo chủ đề (bếp, quà tặng, trang trí nhà), tầm tay; xoay vòng theo mùa.",5680.15,257,7.654163424124514
22854,CREAM SWEETHEART EGG HOLDER,1,Hàng giá khá bán đều,"Kệ giữa dãy theo chủ đề (bếp, quà tặng, trang trí nhà), tầm tay; xoay vòng theo mùa.",5624.5,244,5.4540650406504065
22119,PEACE WOODEN BLOCK LETTERS,1,Hàng giá khá bán đều,"Kệ giữa dãy theo chủ đề (bếp, quà tặng, trang trí nhà), tầm tay; xoay vòng theo mùa.",5543.87,340,6.8107204610951015
23531,WALL ART BIG LOVE ,1,Hàng giá khá bán đều,"Kệ giữa dãy theo chủ đề (bếp, quà tặng, trang trí nhà), tầm tay; xoay vòng theo mùa.",5538.26,112,7.661681415929204
21730,GLASS STAR FROSTED T-LIGHT HOLDER,1,Hàng giá khá bán đều,"Kệ giữa dãy theo chủ đề (bếp, quà tặng, trang trí nhà), tầm tay; xoay vòng theo mùa.",5534.17,293,5.4511111111111115
23126,FELTCRAFT GIRL AMELIE KIT,1,Hàng giá khá bán đều,"Kệ giữa dãy theo chủ đề (bếp, quà tặng, trang trí nhà), tầm tay; xoay vòng theo mùa.",5532.04,291,5.375153583617748
23133,LARGE IVORY HEART WALL ORGANISER,1,Hàng giá khá bán đều,"Kệ giữa dãy theo chủ đề (bếp, quà tặng, trang trí nhà), tầm tay; xoay vòng theo mùa.",5525.4,155,9.162451612903226
84968D,SET OF 16 VINTAGE RED CUTLERY,1,Hàng giá khá bán đều,"Kệ giữa dãy theo chủ đề (bếp, quà tặng, trang trí nhà), tầm tay; xoay vòng theo mùa.",5494.08,110,13.75590909090909
22168,ORGANISER WOOD ANTIQUE WHITE ,1,Hàng giá khá bán đều,"Kệ giữa dãy theo chủ đề (bếp, quà tặng, trang trí nhà), tầm tay; xoay vòng theo mùa.",5475.93,312,8.504903846153846
22203,MILK PAN RED RETROSPOT,1,Hàng giá khá bán đều,"Kệ giữa dãy theo chủ đề (bếp, quà tặng, trang trí nhà), tầm tay; xoay vòng theo mùa.",5469.51,392,4.637994923857868
22483,RED GINGHAM TEDDY BEAR ,1,Hàng giá khá bán đều,"Kệ giữa dãy theo chủ đề (bếp, quà tặng, trang trí nhà), tầm tay; xoay vòng theo mùa.",5440.51,349,3.3145845272206302
21432,SET OF 3 CASES WOODLAND DESIGN,1,Hàng giá khá bán đều,"Kệ giữa dãy theo chủ đề (bếp, quà tặng, trang trí nhà), tầm tay; xoay vòng theo mùa.",5435.91,237,6.09857740585774
22186,RED STAR CARD HOLDER,1,Hàng giá khá bán đều,"Kệ giữa dãy theo chủ đề (bếp, quà tặng, trang trí nhà), tầm tay; xoay vòng theo mùa.",5431.400000000001,345,3.2433526011560696
22763,KEY CABINET MA CAMPAGNE,1,Hàng giá khá bán đều,"Kệ giữa dãy theo chủ đề (bếp, quà tặng, trang trí nhà), tầm tay; xoay vòng theo mùa.",5430.59,135,11.09311111111111
85063,CREAM SWEETHEART MAGAZINE RACK,1,Hàng giá khá bán đều,"Kệ giữa dãy theo chủ đề (bếp, quà tặng, trang trí nhà), tầm tay; xoay vòng theo mùa.",5426.74,180,18.89911111111111
22443,GROW YOUR OWN HERBS SET OF 3,1,Hàng giá khá bán đều,"Kệ giữa dãy theo chủ đề (bếp, quà tặng, trang trí nhà), tầm tay; xoay vòng theo mùa.",5393.43,264,8.465509433962264
22218,CAKE STAND LACE WHITE,1,Hàng giá khá bán đều,"Kệ giữa dãy theo chủ đề (bếp, quà tặng, trang trí nhà), tầm tay; xoay vòng theo mùa.",5365.66,264,5.398560606060606
23494,VINTAGE DOILY DELUXE SEWING KIT ,1,Hàng giá khá bán đều,"Kệ giữa dãy theo chủ đề (bếp, quà tặng, trang trí nhà), tầm tay; xoay vòng theo mùa.",5354.01,205,6.812864077669903
35832,WOOLLY HAT SOCK GLOVE ADVENT STRING,1,Hàng giá khá bán đều,"Kệ giữa dãy theo chủ đề (bếp, quà tặng, trang trí nhà), tầm tay; xoay vòng theo mùa.",5341.85,188,3.7067368421052636
22842,BISCUIT TIN VINTAGE RED,1,Hàng giá khá bán đều,"Kệ giữa dãy theo chủ đề (bếp, quà tặng, trang trí nhà), tầm tay; xoay vòng theo mùa.",5308.58,237,7.0783193277310925
21363,HOME SMALL WOOD LETTERS,1,Hàng giá khá bán đều,"Kệ giữa dãy theo chủ đề (bếp, quà tặng, trang trí nhà), tầm tay; xoay vòng theo mùa.",5296.4800000000005,401,5.966068796068797
85132A,CHARLIE + LOLA BISCUITS TINS,1,Hàng giá khá bán đều,"Kệ giữa dãy theo chủ đề (bếp, quà tặng, trang trí nhà), tầm tay; xoay vòng theo mùa.",5287.2,260,6.875269230769231
22175,PINK OWL SOFT TOY,1,Hàng giá khá bán đều,"Kệ giữa dãy theo chủ đề (bếp, quà tặng, trang trí nhà), tầm tay; xoay vòng theo mùa.",5278.31,363,3.418246575342466
22801,ANTIQUE GLASS PEDESTAL BOWL,1,Hàng giá khá bán đều,"Kệ giữa dãy theo chủ đề (bếp, quà tặng, trang trí nhà), tầm tay; xoay vòng theo mùa.",5277.95,299,4.593202614379085
22476,EMPIRE UNION JACK TV DINNER TRAY,1,Hàng giá khá bán đều,"Kệ giữa dãy theo chủ đề (bếp, quà tặng, trang trí nhà), tầm tay; xoay vòng theo mùa.",5218.61,269,6.592851851851852
22691,DOORMAT WELCOME SUNRISE,1,Hàng giá khá bán đều,"Kệ giữa dãy theo chủ đề (bếp, quà tặng, trang trí nhà), tầm tay; xoay vòng theo mùa.",5198.6,218,8.919128440366974
21587,COSY HOUR GIANT TUBE MATCHES,1,Hàng giá khá bán đều,"Kệ giữa dãy theo chủ đề (bếp, quà tặng, trang trí nhà), tầm tay; xoay vòng theo mùa.",5173.05,260,2.5416974169741695
22894,TABLECLOTH RED APPLES DESIGN ,1,Hàng giá khá bán đều,"Kệ giữa dãy theo chủ đề (bếp, quà tặng, trang trí nhà), tầm tay; xoay vòng theo mùa.",5160.78,192,9.770309278350515
22472,TV DINNER TRAY DOLLY GIRL,1,Hàng giá khá bán đều,"Kệ giữa dãy theo chủ đề (bếp, quà tặng, trang trí nhà), tầm tay; xoay vòng theo mùa.",5160.32,250,5.8658
23162,REGENCY TEA STRAINER,1,Hàng giá khá bán đều,"Kệ giữa dãy theo chủ đề (bếp, quà tặng, trang trí nhà), tầm tay; xoay vòng theo mùa.",5143.6900000000005,176,4.422272727272728
23132,SMALL IVORY HEART WALL ORGANISER,1,Hàng giá khá bán đều,"Kệ giữa dãy theo chủ đề (bếp, quà tặng, trang trí nhà), tầm tay; xoay vòng theo mùa.",5138.6,152,6.2221710526315785
22426,ENAMEL WASH BOWL CREAM,1,Hàng giá khá bán đều,"Kệ giữa dãy theo chủ đề (bếp, quà tặng, trang trí nhà), tầm tay; xoay vòng theo mùa.",5133.3,372,4.713217158176944
22509,SEWING BOX RETROSPOT DESIGN ,1,Hàng giá khá bán đều,"Kệ giữa dãy theo chủ đề (bếp, quà tặng, trang trí nhà), tầm tay; xoay vòng theo mùa.",5130.36,187,15.858031914893617
22374,AIRLINE BAG VINTAGE JET SET RED,1,Hàng giá khá bán đều,"Kệ giữa dãy theo chủ đề (bếp, quà tặng, trang trí nhà), tầm tay; xoay vòng theo mùa.",5099.84,430,5.329907407407408
23397,FOOT STOOL HOME SWEET HOME ,1,Hàng giá khá bán đều,"Kệ giữa dãy theo chủ đề (bếp, quà tặng, trang trí nhà), tầm tay; xoay vòng theo mùa.",5097.65,217,11.573870967741934
21471,STRAWBERRY RAFFIA FOOD COVER,1,Hàng giá khá bán đều,"Kệ giữa dãy theo chủ đề (bếp, quà tặng, trang trí nhà), tầm tay; xoay vòng theo mùa.",5095.63,319,3.9207523510971787
23234,BISCUIT TIN VINTAGE CHRISTMAS,1,Hàng giá khá bán đều,"Kệ giữa dãy theo chủ đề (bếp, quà tặng, trang trí nhà), tầm tay; xoay vòng theo mùa.",5079.78,277,3.3792086330935254
21578,WOODLAND DESIGN  COTTON TOTE BAG,1,Hàng giá khá bán đều,"Kệ giữa dãy theo chủ đề (bếp, quà tặng, trang trí nhà), tầm tay; xoay vòng theo mùa.",5062.86,380,2.6083854166666667
21706,FOLDING UMBRELLA RED/WHITE POLKADOT,1,Hàng giá khá bán đều,"Kệ giữa dãy theo chủ đề (bếp, quà tặng, trang trí nhà), tầm tay; xoay vòng theo mùa.",5026.21,254,5.192204724409448
84796B,BLUE SAVANNAH PICNIC HAMPER FOR 2,1,Hàng giá khá bán đều,"Kệ giữa dãy theo chủ đề (bếp, quà tặng, trang trí nhà), tầm tay; xoay vòng theo mùa.",5016.91,182,9.23820652173913
23314,VINTAGE CHRISTMAS TABLECLOTH,1,Hàng giá khá bán đều,"Kệ giữa dãy theo chủ đề (bếp, quà tặng, trang trí nhà), tầm tay; xoay vòng theo mùa.",5012.96,117,13.607881355932204
22318,FIVE HEART HANGING DECORATION,1,Hàng giá khá bán đều,"Kệ giữa dãy theo chủ đề (bếp, quà tặng, trang trí nhà), tầm tay; xoay vòng theo mùa.",4983.9800000000005,389,3.6787786259541986
21056,DOCTOR'S BAG SOFT TOY,1,Hàng giá khá bán đều,"Kệ giữa dãy theo chủ đề (bếp, quà tặng, trang trí nhà), tầm tay; xoay vòng theo mùa.",4961.33,195,9.701076923076922
22583,PACK OF 6 HANDBAG GIFT BOXES,1,Hàng giá khá bán đều,"Kệ giữa dãy theo chủ đề (bếp, quà tặng, trang trí nhà), tầm tay; xoay vòng theo mùa.",4955.75,349,2.978753462603878
23556,LANDMARK FRAME COVENT GARDEN ,1,Hàng giá khá bán đều,"Kệ giữa dãy theo chủ đề (bếp, quà tặng, trang trí nhà), tầm tay; xoay vòng theo mùa.",4937.01,53,12.61811320754717
84968E,SET OF 16 VINTAGE BLACK CUTLERY,1,Hàng giá khá bán đều,"Kệ giữa dãy theo chủ đề (bếp, quà tặng, trang trí nhà), tầm tay; xoay vòng theo mùa.",4894.61,111,14.074684684684684
22276,WASH BAG VINTAGE ROSE PAISLEY,1,Hàng giá khá bán đều,"Kệ giữa dãy theo chủ đề (bếp, quà tặng, trang trí nhà), tầm tay; xoay vòng theo mùa.",4884.86,373,3.0158556149732623
23010,CIRCUS PARADE BABY GIFT SET,1,Hàng giá khá bán đều,"Kệ giữa dãy theo chủ đề (bếp, quà tặng, trang trí nhà), tầm tay; xoay vòng theo mùa.",4879.599999999999,111,16.296576576576577
72807B,SET/3 OCEAN SCENT CANDLE JEWEL BOX,1,Hàng giá khá bán đều,"Kệ giữa dãy theo chủ đề (bếp, quà tặng, trang trí nhà), tầm tay; xoay vòng theo mùa.",4866.81,244,5.511048387096774
22107,PIZZA PLATE IN BOX,1,Hàng giá khá bán đều,"Kệ giữa dãy theo chủ đề (bếp, quà tặng, trang trí nhà), tầm tay; xoay vòng theo mùa.",4840.59,369,4.6385522788203755
23554,LANDMARK FRAME OXFORD STREET,1,Hàng giá khá bán đều,"Kệ giữa dãy theo chủ đề (bếp, quà tặng, trang trí nhà), tầm tay; xoay vòng theo mùa.",4805.53,57,13.047017543859647
23555,LANDMARK FRAME NOTTING HILL ,1,Hàng giá khá bán đều,"Kệ giữa dãy theo chủ đề (bếp, quà tặng, trang trí nhà), tầm tay; xoay vòng theo mùa.",4780.57,50,12.897450980392156
21249,WOODLAND  HEIGHT CHART STICKERS ,1,Hàng giá khá bán đều,"Kệ giữa dãy theo chủ đề (bếp, quà tặng, trang trí nhà), tầm tay; xoay vòng theo mùa.",4770.530000000001,259,3.6650579150579152
21534,DAIRY MAID LARGE MILK JUG,1,Hàng giá khá bán đều,"Kệ giữa dãy theo chủ đề (bếp, quà tặng, trang trí nhà), tầm tay; xoay vòng theo mùa.",4768.64,342,5.3836811594202905
22442,GROW YOUR OWN FLOWERS SET OF 3,1,Hàng giá khá bán đều,"Kệ giữa dãy theo chủ đề (bếp, quà tặng, trang trí nhà), tầm tay; xoay vòng theo mùa.",4765.32,172,7.467803468208093
23184,BULL DOG BOTTLE OPENER,1,Hàng giá khá bán đều,"Kệ giữa dãy theo chủ đề (bếp, quà tặng, trang trí nhà), tầm tay; xoay vòng theo mùa.",4764.5,264,6.4533082706766915
20681,PINK SPOTTY CHILDS UMBRELLA,1,Hàng giá khá bán đều,"Kệ giữa dãy theo chủ đề (bếp, quà tặng, trang trí nhà), tầm tay; xoay vòng theo mùa.",4757.15,341,3.8498250728862975
22688,DOORMAT PEACE ON EARTH BLUE,1,Hàng giá khá bán đều,"Kệ giữa dãy theo chủ đề (bếp, quà tặng, trang trí nhà), tầm tay; xoay vòng theo mùa.",4756.7,93,8.462688172043011
23389,SPACEBOY MINI BACKPACK,1,Hàng giá khá bán đều,"Kệ giữa dãy theo chủ đề (bếp, quà tặng, trang trí nhà), tầm tay; xoay vòng theo mùa.",4751.49,237,4.531338912133891
22474,SPACEBOY TV DINNER TRAY,1,Hàng giá khá bán đều,"Kệ giữa dãy theo chủ đề (bếp, quà tặng, trang trí nhà), tầm tay; xoay vòng theo mùa.",4746.53,254,6.225859375
23569,TRADTIONAL ALPHABET STAMP SET,1,Hàng giá khá bán đều,"Kệ giữa dãy theo chủ đề (bếp, quà tặng, trang trí nhà), tầm tay; xoay vòng theo mùa.",4717.66,192,5.3034693877551025
18098C,PORCELAIN BUTTERFLY OIL BURNER,1,Hàng giá khá bán đều,"Kệ giữa dãy theo chủ đề (bếp, quà tặng, trang trí nhà), tầm tay; xoay vòng theo mùa.",4710.74,371,3.910555555555556
23558,LANDMARK FRAME LONDON BRIDGE ,1,Hàng giá khá bán đều,"Kệ giữa dãy theo chủ đề (bếp, quà tặng, trang trí nhà), tầm tay; xoay vòng theo mùa.",4703.87,52,13.125384615384615
22721,SET OF 3 CAKE TINS SKETCHBOOK,1,Hàng giá khá bán đều,"Kệ giữa dãy theo chủ đề (bếp, quà tặng, trang trí nhà), tầm tay; xoay vòng theo mùa.",4671.81,297,5.396275167785235
22800,ANTIQUE TALL SWIRLGLASS TRINKET POT,1,Hàng giá khá bán đều,"Kệ giữa dãy theo chủ đề (bếp, quà tặng, trang trí nhà), tầm tay; xoay vòng theo mùa.",4586.4,268,4.836455223880598
23404,HOME SWEET HOME BLACKBOARD,1,Hàng giá khá bán đều,"Kệ giữa dãy theo chủ đề (bếp, quà tặng, trang trí nhà), tầm tay; xoay vòng theo mùa.",4561.76,169,6.0208875739644965
15044D,RED PAPER PARASOL,1,Hàng giá khá bán đều,"Kệ giữa dãy theo chủ đề (bếp, quà tặng, trang trí nhà), tầm tay; xoay vòng theo mùa.",4559.650000000001,227,3.438471615720524
22743,MAKE YOUR OWN FLOWERPOWER CARD KIT,1,Hàng giá khá bán đều,"Kệ giữa dãy theo chủ đề (bếp, quà tặng, trang trí nhà), tầm tay; xoay vòng theo mùa.",4542.5,351,3.5751396648044693
21614,SET OF 12 ROSE BOTANICAL T-LIGHTS,1,Hàng giá khá bán đều,"Kệ giữa dãy theo chủ đề (bếp, quà tặng, trang trí nhà), tầm tay; xoay vòng theo mùa.",4538.17,194,3.0643147208121833
23163,REGENCY SUGAR TONGS,1,Hàng giá khá bán đều,"Kệ giữa dãy theo chủ đề (bếp, quà tặng, trang trí nhà), tầm tay; xoay vòng theo mùa.",4515.22,209,3.329234449760766
23112,PARISIENNE CURIO CABINET,1,Hàng giá khá bán đều,"Kệ giữa dãy theo chủ đề (bếp, quà tặng, trang trí nhà), tầm tay; xoay vòng theo mùa.",4507.08,241,9.16721991701245
22760,"TRAY, BREAKFAST IN BED",1,Hàng giá khá bán đều,"Kệ giữa dãy theo chủ đề (bếp, quà tặng, trang trí nhà), tầm tay; xoay vòng theo mùa.",4506.889999999999,120,14.2095
22451,SILK PURSE BABUSHKA RED,1,Hàng giá khá bán đều,"Kệ giữa dãy theo chủ đề (bếp, quà tặng, trang trí nhà), tầm tay; xoay vòng theo mùa.",4496.99,238,3.8200000000000003
84279P,CHERRY BLOSSOM  DECORATIVE FLASK,1,Hàng giá khá bán đều,"Kệ giữa dãy theo chủ đề (bếp, quà tặng, trang trí nhà), tầm tay; xoay vòng theo mùa.",4476.67,299,4.604666666666667
21109,"LARGE CAKE TOWEL, CHOCOLATE SPOTS",1,Hàng giá khá bán đều,"Kệ giữa dãy theo chủ đề (bếp, quà tặng, trang trí nhà), tầm tay; xoay vòng theo mùa.",4476.49,223,6.663656387665199
23530,WALL ART ONLY ONE PERSON ,1,Hàng giá khá bán đều,"Kệ giữa dãy theo chủ đề (bếp, quà tặng, trang trí nhà), tầm tay; xoay vòng theo mùa.",4436.27,87,5.577586206896552
21064,BOOM BOX SPEAKER BOYS,1,Hàng giá khá bán đều,"Kệ giữa dãy theo chủ đề (bếp, quà tặng, trang trí nhà), tầm tay; xoay vòng theo mùa.",4432.92,171,5.502183908045977
21864,UNION JACK FLAG PASSPORT COVER ,1,Hàng giá khá bán đều,"Kệ giữa dãy theo chủ đề (bếp, quà tặng, trang trí nhà), tầm tay; xoay vòng theo mùa.",4431.54,411,2.754820143884892
79341,WILLOW BRANCH LIGHTS.,1,Hàng giá khá bán đều,"Kệ giữa dãy theo chủ đề (bếp, quà tặng, trang trí nhà), tầm tay; xoay vòng theo mùa.",4423.6900000000005,79,8.0465
84031A,CHARLIE+LOLA RED HOT WATER BOTTLE ,1,Hàng giá khá bán đều,"Kệ giữa dãy theo chủ đề (bếp, quà tặng, trang trí nhà), tầm tay; xoay vòng theo mùa.",4420.650000000001,314,4.734416403785489
22449,SILK PURSE BABUSHKA PINK,1,Hàng giá khá bán đều,"Kệ giữa dãy theo chủ đề (bếp, quà tặng, trang trí nhà), tầm tay; xoay vòng theo mùa.",4374.45,308,3.465705128205128
85053,FRENCH ENAMEL CANDLEHOLDER,1,Hàng giá khá bán đều,"Kệ giữa dãy theo chủ đề (bếp, quà tặng, trang trí nhà), tầm tay; xoay vòng theo mùa.",4363.280000000001,378,2.618046875
79320,FLAMINGO LIGHTS,1,Hàng giá khá bán đều,"Kệ giữa dãy theo chủ đề (bếp, quà tặng, trang trí nhà), tầm tay; xoay vòng theo mùa.",4357.38,150,5.884066666666667
22071,SMALL WHITE RETROSPOT MUG IN BOX ,1,Hàng giá khá bán đều,"Kệ giữa dãy theo chủ đề (bếp, quà tặng, trang trí nhà), tầm tay; xoay vòng theo mùa.",4355.88,256,3.8623846153846153
21537,RED RETROSPOT PUDDING BOWL,1,Hàng giá khá bán đều,"Kệ giữa dãy theo chủ đề (bếp, quà tặng, trang trí nhà), tầm tay; xoay vòng theo mùa.",4338.71,256,4.705285171102662
22611,VINTAGE UNION JACK SHOPPING BAG,1,Hàng giá khá bán đều,"Kệ giữa dãy theo chủ đề (bếp, quà tặng, trang trí nhà), tầm tay; xoay vòng theo mùa.",4338.63,195,5.167050000000001
22202,MILK PAN PINK RETROSPOT,1,Hàng giá khá bán đều,"Kệ giữa dãy theo chủ đề (bếp, quà tặng, trang trí nhà), tầm tay; xoay vòng theo mùa.",4336.25,264,5.2496226415094345
22425,ENAMEL COLANDER CREAM,1,Hàng giá khá bán đều,"Kệ giữa dãy theo chủ đề (bếp, quà tặng, trang trí nhà), tầm tay; xoay vòng theo mùa.",4321.52,301,5.60592715231788
21913,VINTAGE SEASIDE JIGSAW PUZZLES,1,Hàng giá khá bán đều,"Kệ giữa dãy theo chủ đề (bếp, quà tặng, trang trí nhà), tầm tay; xoay vòng theo mùa.",4302.48,298,4.348595317725753
47580,TEA TIME DES TEA COSY,1,Hàng giá khá bán đều,"Kệ giữa dãy theo chủ đề (bếp, quà tặng, trang trí nhà), tầm tay; xoay vòng theo mùa.",4298.599999999999,344,3.132997118155619
21153,RED SPOTTY TABLECLOTH ,1,Hàng giá khá bán đều,"Kệ giữa dãy theo chủ đề (bếp, quà tặng, trang trí nhà), tầm tay; xoay vòng theo mùa.",4294.6900000000005,139,11.799856115107914
72807A,SET/3 ROSE CANDLE IN JEWELLED BOX,1,Hàng giá khá bán đều,"Kệ giữa dãy theo chủ đề (bếp, quà tặng, trang trí nhà), tầm tay; xoay vòng theo mùa.",4288.33,222,5.752321428571428
23050,RECYCLED ACAPULCO MAT GREEN,1,Hàng giá khá bán đều,"Kệ giữa dãy theo chủ đề (bếp, quà tặng, trang trí nhà), tầm tay; xoay vòng theo mùa.",4286.55,205,9.223268292682926
84969,BOX OF 6 ASSORTED COLOUR TEASPOONS,1,Hàng giá khá bán đều,"Kệ giữa dãy theo chủ đề (bếp, quà tặng, trang trí nhà), tầm tay; xoay vòng theo mùa.",4279.93,341,4.862199413489736
23237,SET OF 4 KNICK KNACK TINS LEAF,1,Hàng giá khá bán đều,"Kệ giữa dãy theo chủ đề (bếp, quà tặng, trang trí nhà), tầm tay; xoay vòng theo mùa.",4274.39,177,4.251129943502825
22723,SET OF 6 HERB TINS SKETCHBOOK,1,Hàng giá khá bán đều,"Kệ giữa dãy theo chủ đề (bếp, quà tặng, trang trí nhà), tầm tay; xoay vòng theo mùa.",4262.820000000001,295,4.301208053691275
72802B,OCEAN SCENT CANDLE IN JEWELLED BOX,1,Hàng giá khá bán đều,"Kệ giữa dãy theo chủ đề (bếp, quà tặng, trang trí nhà), tầm tay; xoay vòng theo mùa.",4258.97,212,4.411596244131455
20665,RED RETROSPOT PURSE ,1,Hàng giá khá bán đều,"Kệ giữa dãy theo chủ đề (bếp, quà tặng, trang trí nhà), tầm tay; xoay vòng theo mùa.",4256.34,348,3.8144985673352436
22312,OFFICE MUG WARMER POLKADOT,1,Hàng giá khá bán đều,"Kệ giữa dãy theo chủ đề (bếp, quà tặng, trang trí nhà), tầm tay; xoay vòng theo mùa.",4254.05,269,4.289963235294118
22744,MAKE YOUR OWN MONSOON CARD KIT,1,Hàng giá khá bán đều,"Kệ giữa dãy theo chủ đề (bếp, quà tặng, trang trí nhà), tầm tay; xoay vòng theo mùa.",4245.17,300,3.216754098360656
22497,SET OF 2 TINS VINTAGE BATHROOM ,1,Hàng giá khá bán đều,"Kệ giữa dãy theo chủ đề (bếp, quà tặng, trang trí nhà), tầm tay; xoay vòng theo mùa.",4239.07,279,5.253928571428571
22797,CHEST OF DRAWERS GINGHAM HEART ,1,Hàng giá khá bán đều,"Kệ giữa dãy theo chủ đề (bếp, quà tặng, trang trí nhà), tầm tay; xoay vòng theo mùa.",4205.5599999999995,140,18.55292857142857
23012,GLASS APOTHECARY BOTTLE PERFUME,1,Hàng giá khá bán đều,"Kệ giữa dãy theo chủ đề (bếp, quà tặng, trang trí nhà), tầm tay; xoay vòng theo mùa.",4197.110000000001,246,4.62991935483871
21470,FLOWER VINE RAFFIA FOOD COVER,1,Hàng giá khá bán đều,"Kệ giữa dãy theo chủ đề (bếp, quà tặng, trang trí nhà), tầm tay; xoay vòng theo mùa.",4190.93,319,4.200248447204969
21474,SWEETHEART CREAM STEEL FOLDIN BENCH,1,Hàng giá khá bán đều,"Kệ giữa dãy theo chủ đề (bếp, quà tặng, trang trí nhà), tầm tay; xoay vòng theo mùa.",4189.5,94,19.95
21609,SET 12 LAVENDER  BOTANICAL T-LIGHTS,1,Hàng giá khá bán đều,"Kệ giữa dãy theo chủ đề (bếp, quà tặng, trang trí nhà), tầm tay; xoay vòng theo mùa.",4186.29,218,3.033287671232877
21707,FOLDING UMBRELLA BLACKBLUE POLKADOT,1,Hàng giá khá bán đều,"Kệ giữa dãy theo chủ đề (bếp, quà tặng, trang trí nhà), tầm tay; xoay vòng theo mùa.",4184.95,172,4.954418604651163
22926,IVORY GIANT GARDEN THERMOMETER,1,Hàng giá khá bán đều,"Kệ giữa dãy theo chủ đề (bếp, quà tặng, trang trí nhà), tầm tay; xoay vòng theo mùa.",4150.31,216,6.306635944700461
23110,PARISIENNE KEY CABINET ,1,Hàng giá khá bán đều,"Kệ giữa dãy theo chủ đề (bếp, quà tặng, trang trí nhà), tầm tay; xoay vòng theo mùa.",4147.18,255,6.66234375
23486,ANTIQUE HEART SHELF UNIT,1,Hàng giá khá bán đều,"Kệ giữa dãy theo chủ đề (bếp, quà tặng, trang trí nhà), tầm tay; xoay vòng theo mùa.",4145.47,74,17.8127027027027
23255,CHILDRENS CUTLERY CIRCUS PARADE,1,Hàng giá khá bán đều,"Kệ giữa dãy theo chủ đề (bếp, quà tặng, trang trí nhà), tầm tay; xoay vòng theo mùa.",4097.22,158,4.346962025316456
22125,UNION JACK HOT WATER BOTTLE ,1,Hàng giá khá bán đều,"Kệ giữa dãy theo chủ đề (bếp, quà tặng, trang trí nhà), tầm tay; xoay vòng theo mùa.",4089.09,183,6.847883597883598
22807,SET OF 6 T-LIGHTS TOADSTOOLS,1,Hàng giá khá bán đều,"Kệ giữa dãy theo chủ đề (bếp, quà tặng, trang trí nhà), tầm tay; xoay vòng theo mùa.",4086.5600000000004,294,3.702675585284281
23009,I LOVE LONDON BABY GIFT SET,1,Hàng giá khá bán đều,"Kệ giữa dãy theo chủ đề (bếp, quà tặng, trang trí nhà), tầm tay; xoay vòng theo mùa.",4082.5199999999995,103,15.988252427184465
21472,LADYBIRD + BEE RAFFIA FOOD COVER,1,Hàng giá khá bán đều,"Kệ giữa dãy theo chủ đề (bếp, quà tặng, trang trí nhà), tầm tay; xoay vòng theo mùa.",4077.82,285,4.3950174216027875
84580,MOUSE TOY WITH PINK T-SHIRT,1,Hàng giá khá bán đều,"Kệ giữa dãy theo chủ đề (bếp, quà tặng, trang trí nhà), tầm tay; xoay vòng theo mùa.",4051.94,442,3.876792873051225
21717,EASTER TIN BUCKET,1,Hàng giá khá bán đều,"Kệ giữa dãy theo chủ đề (bếp, quà tặng, trang trí nhà), tầm tay; xoay vòng theo mùa.",4039.6299999999997,176,2.927272727272727
23081,GREEN METAL BOX ARMY SUPPLIES,1,Hàng giá khá bán đều,"Kệ giữa dãy theo chủ đề (bếp, quà tặng, trang trí nhà), tầm tay; xoay vòng theo mùa.",4038.25,139,9.407194244604316
22639,SET OF 4 NAPKIN CHARMS HEARTS,1,Hàng giá khá bán đều,"Kệ giữa dãy theo chủ đề (bếp, quà tặng, trang trí nhà), tầm tay; xoay vòng theo mùa.",4021.12,275,2.7065124555160143
21349,IVY HEART WREATH,1,Hàng giá khá bán đều,"Kệ giữa dãy theo chủ đề (bếp, quà tặng, trang trí nhà), tầm tay; xoay vòng theo mùa.",4010.73,171,8.393837209302326
23129,HEART SHAPED HOLLY WREATH,1,Hàng giá khá bán đều,"Kệ giữa dãy theo chủ đề (bếp, quà tặng, trang trí nhà), tầm tay; xoay vòng theo mùa.",3999.5000000000005,172,4.576279069767442
20967,GREY FLORAL FELTCRAFT SHOULDER BAG,1,Hàng giá khá bán đều,"Kệ giữa dãy theo chủ đề (bếp, quà tặng, trang trí nhà), tầm tay; xoay vòng theo mùa.",3997.34,296,3.9911999999999996
23130,MISTLETOE HEART WREATH GREEN,1,Hàng giá khá bán đều,"Kệ giữa dãy theo chủ đề (bếp, quà tặng, trang trí nhà), tầm tay; xoay vòng theo mùa.",3988.98,184,4.519456521739131
22612,TEA COSY VINTAGE UNION JACK,1,Hàng giá khá bán đều,"Kệ giữa dãy theo chủ đề (bếp, quà tặng, trang trí nhà), tầm tay; xoay vòng theo mùa.",3984.99,109,4.2005405405405405
22445,PENCIL CASE LIFE IS BEAUTIFUL,1,Hàng giá khá bán đều,"Kệ giữa dãy theo chủ đề (bếp, quà tặng, trang trí nhà), tầm tay; xoay vòng theo mùa.",3948.8600000000006,275,3.4671228070175437
22788,BROCANTE COAT RACK,1,Hàng giá khá bán đều,"Kệ giữa dãy theo chủ đề (bếp, quà tặng, trang trí nhà), tầm tay; xoay vòng theo mùa.",3942.62,84,11.650238095238095
22454,MEASURING TAPE BABUSHKA RED,1,Hàng giá khá bán đều,"Kệ giữa dãy theo chủ đề (bếp, quà tặng, trang trí nhà), tầm tay; xoay vòng theo mùa.",3933.63,179,3.1449171270718232
23557,LANDMARK FRAME BAKER STREET ,1,Hàng giá khá bán đều,"Kệ giữa dãy theo chủ đề (bếp, quà tặng, trang trí nhà), tầm tay; xoay vòng theo mùa.",3930.27,32,13.181875
21812,GARLAND WITH HEARTS AND BELLS,1,Hàng giá khá bán đều,"Kệ giữa dãy theo chủ đề (bếp, quà tặng, trang trí nhà), tầm tay; xoay vòng theo mùa.",3917.4900000000002,205,5.597766990291262
23049,RECYCLED ACAPULCO MAT RED,1,Hàng giá khá bán đều,"Kệ giữa dãy theo chủ đề (bếp, quà tặng, trang trí nhà), tầm tay; xoay vòng theo mùa.",3896.84,186,8.921505376344086
22314,OFFICE MUG WARMER CHOC+BLUE,1,Hàng giá khá bán đều,"Kệ giữa dãy theo chủ đề (bếp, quà tặng, trang trí nhà), tầm tay; xoay vòng theo mùa.",3888.4800000000005,249,4.341181102362205
72802A,ROSE SCENT CANDLE IN JEWELLED BOX,1,Hàng giá khá bán đều,"Kệ giữa dãy theo chủ đề (bếp, quà tặng, trang trí nhà), tầm tay; xoay vòng theo mùa.",3864.87,186,4.585401069518717
22843,BISCUIT TIN VINTAGE GREEN,1,Hàng giá khá bán đều,"Kệ giữa dãy theo chủ đề (bếp, quà tặng, trang trí nhà), tầm tay; xoay vòng theo mùa.",3858.51,177,7.178826815642458
22475,SKULL DESIGN TV DINNER TRAY,1,Hàng giá khá bán đều,"Kệ giữa dãy theo chủ đề (bếp, quà tặng, trang trí nhà), tầm tay; xoay vòng theo mùa.",3856.8,256,6.003552123552124
22591,CARDHOLDER GINGHAM CHRISTMAS TREE,1,Hàng giá khá bán đều,"Kệ giữa dãy theo chủ đề (bếp, quà tặng, trang trí nhà), tầm tay; xoay vòng theo mùa.",3854.15,208,3.4746411483253583
23253,16 PIECE CUTLERY SET PANTRY DESIGN,1,Hàng giá khá bán đều,"Kệ giữa dãy theo chủ đề (bếp, quà tặng, trang trí nhà), tầm tay; xoay vòng theo mùa.",3848.8599999999997,70,17.148857142857143
22272,FELTCRAFT DOLL MARIA,1,Hàng giá khá bán đều,"Kệ giữa dãy theo chủ đề (bếp, quà tặng, trang trí nhà), tầm tay; xoay vòng theo mùa.",3848.34,300,3.1599342105263157
22778,GLASS CLOCHE SMALL,1,Hàng giá khá bán đều,"Kệ giữa dãy theo chủ đề (bếp, quà tặng, trang trí nhà), tầm tay; xoay vòng theo mùa.",3844.46,194,4.914676616915423
22118,JOY WOODEN BLOCK LETTERS,1,Hàng giá khá bán đều,"Kệ giữa dãy theo chủ đề (bếp, quà tặng, trang trí nhà), tầm tay; xoay vòng theo mùa.",3842.07,271,5.403333333333333
23111,PARISIENNE SEWING BOX,1,Hàng giá khá bán đều,"Kệ giữa dãy theo chủ đề (bếp, quà tặng, trang trí nhà), tầm tay; xoay vòng theo mùa.",3839.2400000000002,138,13.468920863309354
21055,TOOL BOX SOFT TOY ,1,Hàng giá khá bán đều,"Kệ giữa dãy theo chủ đề (bếp, quà tặng, trang trí nhà), tầm tay; xoay vòng theo mùa.",3839.0899999999997,222,10.465964125560538
22777,GLASS CLOCHE LARGE,1,Hàng giá khá bán đều,"Kệ giữa dãy theo chủ đề (bếp, quà tặng, trang trí nhà), tầm tay; xoay vòng theo mùa.",3838.82,100,10.1677
23131,MISTLETOE HEART WREATH CREAM,1,Hàng giá khá bán đều,"Kệ giữa dãy theo chủ đề (bếp, quà tặng, trang trí nhà), tầm tay; xoay vòng theo mùa.",3835.9800000000005,115,4.2041379310344835
85040A,S/4 PINK FLOWER CANDLES IN BOWL,1,Hàng giá khá bán đều,"Kệ giữa dãy theo chủ đề (bếp, quà tặng, trang trí nhà), tầm tay; xoay vòng theo mùa.",3809.64,434,2.079955456570156
21846,PINK DIAMANTE PEN IN GIFT BOX,1,Hàng giá khá bán đều,"Kệ giữa dãy theo chủ đề (bếp, quà tặng, trang trí nhà), tầm tay; xoay vòng theo mùa.",3803.4,264,3.9122641509433964
23542,WALL ART 70'S ALPHABET ,1,Hàng giá khá bán đều,"Kệ giữa dãy theo chủ đề (bếp, quà tặng, trang trí nhà), tầm tay; xoay vòng theo mùa.",3800.16,89,9.784157303370787
84016,FLAG OF ST GEORGE CAR FLAG,1,Hàng giá khá bán đều,"Kệ giữa dãy theo chủ đề (bếp, quà tặng, trang trí nhà), tầm tay; xoay vòng theo mùa.",3791.67,62,53.19758064516129
71038,WHITE HANGING BEADS CANDLE HOLDER,1,Hàng giá khá bán đều,"Kệ giữa dãy theo chủ đề (bếp, quà tặng, trang trí nhà), tầm tay; xoay vòng theo mùa.",3789.25,144,5.411379310344827
23299,FOOD COVER WITH BEADS SET 2 ,1,Hàng giá khá bán đều,"Kệ giữa dãy theo chủ đề (bếp, quà tặng, trang trí nhà), tầm tay; xoay vòng theo mùa.",3772.88,146,4.370479452054795
84356,POMPOM CURTAIN,1,Hàng giá khá bán đều,"Kệ giữa dãy theo chủ đề (bếp, quà tặng, trang trí nhà), tầm tay; xoay vòng theo mùa.",3771.0400000000004,133,6.5449624060150375
21743,STAR PORTABLE TABLE LIGHT ,1,Hàng giá khá bán đều,"Kệ giữa dãy theo chủ đề (bếp, quà tặng, trang trí nhà), tầm tay; xoay vòng theo mùa.",3767.0800000000004,182,3.553675675675676
21627,ELEPHANT CARNIVAL POUFFE,1,Hàng giá khá bán đều,"Kệ giữa dãy theo chủ đề (bếp, quà tặng, trang trí nhà), tầm tay; xoay vòng theo mùa.",3766.35,115,22.700782608695654
21813,GARLAND WITH STARS AND BELLS,1,Hàng giá khá bán đều,"Kệ giữa dãy theo chủ đề (bếp, quà tặng, trang trí nhà), tầm tay; xoay vòng theo mùa.",3761.4100000000003,184,5.46010752688172
22830,UTILTY CABINET WITH HOOKS,1,Hàng giá khá bán đều,"Kệ giữa dãy theo chủ đề (bếp, quà tặng, trang trí nhà), tầm tay; xoay vòng theo mùa.",3760.71,18,26.23611111111111
21329,DINOSAURS  WRITING SET ,1,Hàng giá khá bán đều,"Kệ giữa dãy theo chủ đề (bếp, quà tặng, trang trí nhà), tầm tay; xoay vòng theo mùa.",3760.66,555,2.1119964349376112
23127,FELTCRAFT GIRL NICOLE KIT,1,Hàng giá khá bán đều,"Kệ giữa dãy theo chủ đề (bếp, quà tặng, trang trí nhà), tầm tay; xoay vòng theo mùa.",3759.0,194,5.259591836734694
23092,LARGE ANTIQUE WHITE PHOTO FRAME,1,Hàng giá khá bán đều,"Kệ giữa dãy theo chủ đề (bếp, quà tặng, trang trí nhà), tầm tay; xoay vòng theo mùa.",3757.78,135,8.100962962962964
84558A,3D DOG PICTURE PLAYING CARDS,1,Hàng giá khá bán đều,"Kệ giữa dãy theo chủ đề (bếp, quà tặng, trang trí nhà), tầm tay; xoay vòng theo mùa.",3753.28,218,3.373677130044843
22162,HEART GARLAND RUSTIC PADDED,1,Hàng giá khá bán đều,"Kệ giữa dãy theo chủ đề (bếp, quà tặng, trang trí nhà), tầm tay; xoay vòng theo mùa.",3737.9,260,3.383735849056604
21795,SET OF 3 BLUE STRIPE BASKET,1,Hàng giá khá bán đều,"Kệ giữa dãy theo chủ đề (bếp, quà tặng, trang trí nhà), tầm tay; xoay vòng theo mùa.",3734.9400000000005,80,13.154124999999999
23064,CINDERELLA CHANDELIER ,1,Hàng giá khá bán đều,"Kệ giữa dãy theo chủ đề (bếp, quà tặng, trang trí nhà), tầm tay; xoay vòng theo mùa.",3717.56,23,45.48739130434783
22782,SET 3 WICKER STORAGE BASKETS ,1,Hàng giá khá bán đều,"Kệ giữa dãy theo chủ đề (bếp, quà tặng, trang trí nhà), tầm tay; xoay vòng theo mùa.",3712.2999999999997,84,19.985714285714284
21351,CINAMMON & ORANGE WREATH,1,Hàng giá khá bán đều,"Kệ giữa dãy theo chủ đề (bếp, quà tặng, trang trí nhà), tầm tay; xoay vòng theo mùa.",3702.75,177,5.481508379888268
21246,RED RETROSPOT BIG BOWL,1,Hàng giá khá bán đều,"Kệ giữa dãy theo chủ đề (bếp, quà tặng, trang trí nhà), tầm tay; xoay vòng theo mùa.",3685.63,209,5.0873684210526315
20692,FLORAL ELEPHANT SOFT TOY,1,Hàng giá khá bán đều,"Kệ giữa dãy theo chủ đề (bếp, quà tặng, trang trí nhà), tầm tay; xoay vòng theo mùa.",3682.76,139,4.892127659574468
23013,GLASS APOTHECARY BOTTLE TONIC,1,Hàng giá khá bán đều,"Kệ giữa dãy theo chủ đề (bếp, quà tặng, trang trí nhà), tầm tay; xoay vòng theo mùa.",3674.1600000000003,223,4.672946428571429
22769,CHALKBOARD KITCHEN ORGANISER,1,Hàng giá khá bán đều,"Kệ giữa dãy theo chủ đề (bếp, quà tặng, trang trí nhà), tầm tay; xoay vòng theo mùa.",3656.86,45,29.071555555555555
23091,ZINC HERB GARDEN CONTAINER,1,Hàng giá khá bán đều,"Kệ giữa dãy theo chủ đề (bếp, quà tặng, trang trí nhà), tầm tay; xoay vòng theo mùa.",3656.32,209,6.728142857142857
85232D,SET/3 DECOUPAGE STACKING TINS,1,Hàng giá khá bán đều,"Kệ giữa dãy theo chủ đề (bếp, quà tặng, trang trí nhà), tầm tay; xoay vòng theo mùa.",3646.8300000000004,224,5.972544642857144
21486,PINK HEART DOTS HOT WATER BOTTLE,1,Hàng giá khá bán đều,"Kệ giữa dãy theo chủ đề (bếp, quà tặng, trang trí nhà), tầm tay; xoay vòng theo mùa.",3638.67,294,3.903737373737374
22589,CARDHOLDER GINGHAM STAR,1,Hàng giá khá bán đều,"Kệ giữa dãy theo chủ đề (bếp, quà tặng, trang trí nhà), tầm tay; xoay vòng theo mùa.",3626.7799999999997,238,3.0943153526970955
84968F,SET OF 16 VINTAGE SKY BLUE CUTLERY,1,Hàng giá khá bán đều,"Kệ giữa dãy theo chủ đề (bếp, quà tặng, trang trí nhà), tầm tay; xoay vòng theo mùa.",3622.75,133,13.500601503759398
22461,SAVOY ART DECO CLOCK,1,Hàng giá khá bán đều,"Kệ giữa dãy theo chủ đề (bếp, quà tặng, trang trí nhà), tầm tay; xoay vòng theo mùa.",3607.81,146,12.368561643835616
23085,ANTIQUE SILVER BAUBLE LAMP  ,1,Hàng giá khá bán đều,"Kệ giữa dãy theo chủ đề (bếp, quà tặng, trang trí nhà), tầm tay; xoay vòng theo mùa.",3583.23,78,10.834999999999999
84797A,PINK HAWAIIAN PICNIC HAMPER FOR 4,1,Hàng giá khá bán đều,"Kệ giữa dãy theo chủ đề (bếp, quà tặng, trang trí nhà), tầm tay; xoay vòng theo mùa.",3560.09,61,11.082131147540984
21794,CLASSIC FRENCH STYLE BASKET NATURAL,1,Hàng giá khá bán đều,"Kệ giữa dãy theo chủ đề (bếp, quà tặng, trang trí nhà), tầm tay; xoay vòng theo mùa.",3552.09,178,6.00247191011236
22320,BIRDS MOBILE VINTAGE DESIGN,1,Hàng giá khá bán đều,"Kệ giữa dãy theo chủ đề (bếp, quà tặng, trang trí nhà), tầm tay; xoay vòng theo mùa.",3545.02,180,6.202333333333334
22176,BLUE OWL SOFT TOY,1,Hàng giá khá bán đều,"Kệ giữa dãy theo chủ đề (bếp, quà tặng, trang trí nhà), tầm tay; xoay vòng theo mùa.",3542.7300000000005,258,3.3600384615384615
20886,BOX OF 9 PEBBLE CANDLES,1,Hàng giá khá bán đều,"Kệ giữa dãy theo chủ đề (bếp, quà tặng, trang trí nhà), tầm tay; xoay vòng theo mùa.",3540.22,308,2.387220447284345
21784,SHOE SHINE BOX ,1,Hàng giá khá bán đều,"Kệ giữa dãy theo chủ đề (bếp, quà tặng, trang trí nhà), tầm tay; xoay vòng theo mùa.",3538.2799999999997,178,12.688595505617975
21054,NURSE'S BAG SOFT TOY,1,Hàng giá khá bán đều,"Kệ giữa dãy theo chủ đề (bếp, quà tặng, trang trí nhà), tầm tay; xoay vòng theo mùa.",3537.9999999999995,182,9.614863387978142
22166,WALL MIRROR RECTANGLE DIAMANTE PINK,1,Hàng giá khá bán đều,"Kệ giữa dãy theo chủ đề (bếp, quà tặng, trang trí nhà), tầm tay; xoay vòng theo mùa.",3528.75,159,12.14132075471698
47505,MINATURE COLOURED GARDENING SET,1,Hàng giá khá bán đều,"Kệ giữa dãy theo chủ đề (bếp, quà tặng, trang trí nhà), tầm tay; xoay vòng theo mùa.",3527.42,178,5.334722222222222
22765,NEWSPAPER STAND,1,Hàng giá khá bán đều,"Kệ giữa dãy theo chủ đề (bếp, quà tặng, trang trí nhà), tầm tay; xoay vòng theo mùa.",3508.3,53,17.09075471698113
23189,SET OF 12 FORK CANDLES,1,Hàng giá khá bán đều,"Kệ giữa dãy theo chủ đề (bếp, quà tặng, trang trí nhà), tầm tay; xoay vòng theo mùa.",3507.51,141,3.3956338028169015
22902,TOTE BAG I LOVE LONDON,1,Hàng giá khá bán đều,"Kệ giữa dãy theo chủ đề (bếp, quà tặng, trang trí nhà), tầm tay; xoay vòng theo mùa.",3506.56,199,2.593283582089552
84352,SILVER CHRISTMAS TREE BAUBLE STAND ,1,Hàng giá khá bán đều,"Kệ giữa dãy theo chủ đề (bếp, quà tặng, trang trí nhà), tầm tay; xoay vòng theo mùa.",3505.58,126,17.837936507936508
22939,APRON APPLE DELIGHT,1,Hàng giá khá bán đều,"Kệ giữa dãy theo chủ đề (bếp, quà tặng, trang trí nhà), tầm tay; xoay vòng theo mùa.",3502.54,181,5.883149171270718
21469,POLKA DOT RAFFIA FOOD COVER,1,Hàng giá khá bán đều,"Kệ giữa dãy theo chủ đề (bếp, quà tặng, trang trí nhà), tầm tay; xoay vòng theo mùa.",3482.01,210,3.972095238095238
21466,RED FLOWER CROCHET FOOD COVER,1,Hàng giá khá bán đều,"Kệ giữa dãy theo chủ đề (bếp, quà tặng, trang trí nhà), tầm tay; xoay vòng theo mùa.",3479.79,275,3.984782608695652
22764,"RUSTIC WOODEN CABINET, GLASS DOORS",1,Hàng giá khá bán đều,"Kệ giữa dãy theo chủ đề (bếp, quà tặng, trang trí nhà), tầm tay; xoay vòng theo mùa.",3462.49,25,24.5848
22309,TEA COSY RED  STRIPE,1,Hàng giá khá bán đều,"Kệ giữa dãy theo chủ đề (bếp, quà tặng, trang trí nhà), tầm tay; xoay vòng theo mùa.",3459.08,266,3.446516853932584
22172,METAL SHELF WITH RAIL ,1,Hàng giá khá bán đều,"Kệ giữa dãy theo chủ đề (bếp, quà tặng, trang trí nhà), tầm tay; xoay vòng theo mùa.",3451.82,185,9.579301075268818
23426,METAL SIGN DROP YOUR PANTS,1,Hàng giá khá bán đều,"Kệ giữa dãy theo chủ đề (bếp, quà tặng, trang trí nhà), tầm tay; xoay vòng theo mùa.",3444.4300000000003,206,3.3344711538461542
23536,WALL ART VILLAGE SHOW ,1,Hàng giá khá bán đều,"Kệ giữa dãy theo chủ đề (bếp, quà tặng, trang trí nhà), tầm tay; xoay vòng theo mùa.",3442.13,85,6.794705882352942
23388,WOODLAND MINI BACKPACK,1,Hàng giá khá bán đều,"Kệ giữa dãy theo chủ đề (bếp, quà tặng, trang trí nhà), tầm tay; xoay vòng theo mùa.",3432.09,154,4.634285714285714
23065,LARGE DECO JEWELLERY STAND,1,Hàng giá khá bán đều,"Kệ giữa dãy theo chủ đề (bếp, quà tặng, trang trí nhà), tầm tay; xoay vòng theo mùa.",3427.44,99,12.976161616161617
21039,RED SPOTTY SHOPPING BAG,1,Hàng giá khá bán đều,"Kệ giữa dãy theo chủ đề (bếp, quà tặng, trang trí nhà), tầm tay; xoay vòng theo mùa.",3423.6499999999996,228,2.9853070175438594
23156,SET OF 5 MINI GROCERY MAGNETS,1,Hàng giá khá bán đều,"Kệ giữa dãy theo chủ đề (bếp, quà tặng, trang trí nhà), tầm tay; xoay vòng theo mùa.",3423.29,205,2.261497584541063
23014,GLASS APOTHECARY BOTTLE ELIXIR,1,Hàng giá khá bán đều,"Kệ giữa dãy theo chủ đề (bếp, quà tặng, trang trí nhà), tầm tay; xoay vòng theo mùa.",3419.5800000000004,209,4.863838862559241
21191,LARGE WHITE HONEYCOMB PAPER BELL  ,1,Hàng giá khá bán đều,"Kệ giữa dãy theo chủ đề (bếp, quà tặng, trang trí nhà), tầm tay; xoay vòng theo mùa.",3408.61,201,2.8894554455445545
21364,PEACE SMALL WOOD LETTERS,1,Hàng giá khá bán đều,"Kệ giữa dãy theo chủ đề (bếp, quà tặng, trang trí nhà), tầm tay; xoay vòng theo mùa.",3407.7200000000003,167,7.620658682634731
37501,TEA TIME TEA SET IN GIFT BOX,1,Hàng giá khá bán đều,"Kệ giữa dãy theo chủ đề (bếp, quà tặng, trang trí nhà), tầm tay; xoay vòng theo mùa.",3401.15,177,7.300000000000001
22459,CAST IRON HOOK GARDEN TROWEL,1,Hàng giá khá bán đều,"Kệ giữa dãy theo chủ đề (bếp, quà tặng, trang trí nhà), tầm tay; xoay vòng theo mùa.",3389.74,172,2.887586206896551
44230,SQUARE MIRROR CURTAIN,1,Hàng giá khá bán đều,"Kệ giữa dãy theo chủ đề (bếp, quà tặng, trang trí nhà), tầm tay; xoay vòng theo mùa.",3381.6200000000003,53,9.157547169811322
22428,ENAMEL FIRE BUCKET CREAM,1,Hàng giá khá bán đều,"Kệ giữa dãy theo chủ đề (bếp, quà tặng, trang trí nhà), tầm tay; xoay vòng theo mùa.",3379.67,191,7.964375
21327,SKULLS WRITING SET ,1,Hàng giá khá bán đều,"Kệ giữa dãy theo chủ đề (bếp, quà tặng, trang trí nhà), tầm tay; xoay vòng theo mùa.",3378.5099999999998,495,2.00214
22862,LOVE HEART NAPKIN BOX ,1,Hàng giá khá bán đều,"Kệ giữa dãy theo chủ đề (bếp, quà tặng, trang trí nhà), tầm tay; xoay vòng theo mùa.",3373.22,221,4.877876106194691
22822,CREAM WALL PLANTER HEART SHAPED,1,Hàng giá khá bán đều,"Kệ giữa dãy theo chủ đề (bếp, quà tặng, trang trí nhà), tầm tay; xoay vòng theo mùa.",3367.35,183,6.362445652173913
22223,CAKE PLATE LOVEBIRD PINK,1,Hàng giá khá bán đều,"Kệ giữa dãy theo chủ đề (bếp, quà tặng, trang trí nhà), tầm tay; xoay vòng theo mùa.",3359.6600000000003,175,5.410338983050847
22452,MEASURING TAPE BABUSHKA PINK,1,Hàng giá khá bán đều,"Kệ giữa dãy theo chủ đề (bếp, quà tặng, trang trí nhà), tầm tay; xoay vòng theo mùa.",3358.1000000000004,255,2.6929961089494165
23239,SET OF 4 KNICK KNACK TINS POPPIES,1,Hàng giá khá bán đều,"Kệ giữa dãy theo chủ đề (bếp, quà tặng, trang trí nhà), tầm tay; xoay vòng theo mùa.",3353.84,178,4.393646408839779
15058B,PINK POLKADOT GARDEN PARASOL,1,Hàng giá khá bán đều,"Kệ giữa dãy theo chủ đề (bếp, quà tặng, trang trí nhà), tầm tay; xoay vòng theo mùa.",3327.67,156,9.684999999999999
84813,SET OF 4 DIAMOND NAPKIN RINGS,1,Hàng giá khá bán đều,"Kệ giữa dãy theo chủ đề (bếp, quà tặng, trang trí nhà), tầm tay; xoay vòng theo mùa.",3300.7599999999998,99,11.604747474747473
22183,CAKE STAND VICTORIAN FILIGREE MED,1,Hàng giá khá bán đều,"Kệ giữa dãy theo chủ đề (bếp, quà tặng, trang trí nhà), tầm tay; xoay vòng theo mùa.",3297.25,209,6.313157894736842
20702,PINK PADDED MOBILE,1,Hàng giá khá bán đều,"Kệ giữa dãy theo chủ đề (bếp, quà tặng, trang trí nhà), tầm tay; xoay vòng theo mùa.",3296.7,245,4.303225806451613
22122,SET OF 2 FANCY FONT TEA TOWELS,1,Hàng giá khá bán đều,"Kệ giữa dãy theo chủ đề (bếp, quà tặng, trang trí nhà), tầm tay; xoay vòng theo mùa.",3290.0800000000004,191,3.4707142857142856
22281,EASTER TREE YELLOW BIRDS,1,Hàng giá khá bán đều,"Kệ giữa dãy theo chủ đề (bếp, quà tặng, trang trí nhà), tầm tay; xoay vòng theo mùa.",3285.86,149,8.12261744966443
84031B,CHARLIE LOLA BLUE HOT WATER BOTTLE ,1,Hàng giá khá bán đều,"Kệ giữa dãy theo chủ đề (bếp, quà tặng, trang trí nhà), tầm tay; xoay vòng theo mùa.",3279.66,271,4.744311594202899
22762,CUPBOARD 3 DRAWER MA CAMPAGNE,1,Hàng giá khá bán đều,"Kệ giữa dãy theo chủ đề (bếp, quà tặng, trang trí nhà), tầm tay; xoay vòng theo mùa.",3276.62,133,17.33932330827068
22967,SET 3 SONG BIRD PAPER EGGS ASSORTED,1,Hàng giá khá bán đều,"Kệ giữa dãy theo chủ đề (bếp, quà tặng, trang trí nhà), tầm tay; xoay vòng theo mùa.",3271.4100000000003,138,3.0120289855072464
22794,SWEETHEART WIRE MAGAZINE RACK,1,Hàng giá khá bán đều,"Kệ giữa dãy theo chủ đề (bếp, quà tặng, trang trí nhà), tầm tay; xoay vòng theo mùa.",3271.35,209,8.881196172248805
21467,CHERRY CROCHET FOOD COVER,1,Hàng giá khá bán đều,"Kệ giữa dãy theo chủ đề (bếp, quà tặng, trang trí nhà), tầm tay; xoay vòng theo mùa.",3263.75,254,4.033984375
23395,BELLE JARDINIERE CUSHION COVER,1,Hàng giá khá bán đều,"Kệ giữa dãy theo chủ đề (bếp, quà tặng, trang trí nhà), tầm tay; xoay vòng theo mùa.",3257.08,210,4.915592417061611
23053,RECYCLED ACAPULCO MAT PINK,1,Hàng giá khá bán đều,"Kệ giữa dãy theo chủ đề (bếp, quà tặng, trang trí nhà), tầm tay; xoay vòng theo mùa.",3254.32,164,9.819390243902438
21477,STRING OF 20 ROSE LIGHTS,1,Hàng giá khá bán đều,"Kệ giữa dãy theo chủ đề (bếp, quà tặng, trang trí nhà), tầm tay; xoay vòng theo mùa.",3248.94,45,14.872666666666666
23051,RECYCLED ACAPULCO MAT BLUE,1,Hàng giá khá bán đều,"Kệ giữa dãy theo chủ đề (bếp, quà tặng, trang trí nhà), tầm tay; xoay vòng theo mùa.",3223.49,162,9.636790123456791
22972,CHILDREN'S SPACEBOY MUG,1,Hàng giá khá bán đều,"Kệ giữa dãy theo chủ đề (bếp, quà tặng, trang trí nhà), tầm tay; xoay vòng theo mùa.",3219.74,243,1.988688524590164
21473,SWEETHEART CREAM STEEL TABLE RECT,1,Hàng giá khá bán đều,"Kệ giữa dãy theo chủ đề (bếp, quà tặng, trang trí nhà), tầm tay; xoay vòng theo mùa.",3212.16,90,20.839
22194,BLACK DINER WALL CLOCK,1,Hàng giá khá bán đều,"Kệ giữa dãy theo chủ đề (bếp, quà tặng, trang trí nhà), tầm tay; xoay vòng theo mùa.",3212.1,160,9.188625
84837,WHITE SWEETHEARTS CABINET 4 DRAWERS,1,Hàng giá khá bán đều,"Kệ giữa dãy theo chủ đề (bếp, quà tặng, trang trí nhà), tầm tay; xoay vòng theo mùa.",3210.04,143,13.428888888888888
79323GR,GREEN CHERRY LIGHTS,1,Hàng giá khá bán đều,"Kệ giữa dãy theo chủ đề (bếp, quà tặng, trang trí nhà), tầm tay; xoay vòng theo mùa.",3209.36,83,7.097469879518073
23393,HOME SWEET HOME CUSHION COVER ,1,Hàng giá khá bán đều,"Kệ giữa dãy theo chủ đề (bếp, quà tặng, trang trí nhà), tầm tay; xoay vòng theo mùa.",3207.91,229,4.481428571428571
21333,CLASSIC WHITE FRAME,1,Hàng giá khá bán đều,"Kệ giữa dãy theo chủ đề (bếp, quà tặng, trang trí nhà), tầm tay; xoay vòng theo mùa.",3192.09,222,3.225765765765766
21111,"SWISS ROLL TOWEL, CHOCOLATE  SPOTS",1,Hàng giá khá bán đều,"Kệ giữa dãy theo chủ đề (bếp, quà tặng, trang trí nhà), tầm tay; xoay vòng theo mùa.",3187.1600000000003,214,3.501898148148148
21628,TRIANGULAR POUFFE VINTAGE ,1,Hàng giá khá bán đều,"Kệ giữa dãy theo chủ đề (bếp, quà tặng, trang trí nhà), tầm tay; xoay vòng theo mùa.",3185.2799999999997,87,22.65022988505747
22503,CABIN BAG VINTAGE PAISLEY,1,Hàng giá khá bán đều,"Kệ giữa dãy theo chủ đề (bếp, quà tặng, trang trí nhà), tầm tay; xoay vòng theo mùa.",3178.02,54,25.080925925925925
23342,MINT DINER WALL CLOCK,1,Hàng giá khá bán đều,"Kệ giữa dãy theo chủ đề (bếp, quà tặng, trang trí nhà), tầm tay; xoay vòng theo mùa.",3176.41,163,8.833496932515336
21557,SET OF 6 FUNKY BEAKERS,1,Hàng giá khá bán đều,"Kệ giữa dãy theo chủ đề (bếp, quà tặng, trang trí nhà), tầm tay; xoay vòng theo mùa.",3169.3900000000003,302,4.149375
22863,SOAP DISH BROCANTE,1,Hàng giá khá bán đều,"Kệ giữa dãy theo chủ đề (bếp, quà tặng, trang trí nhà), tầm tay; xoay vòng theo mùa.",3166.61,169,3.2187058823529417
84944,SET OF 6 KASHMIR FOLKART BAUBLES,1,Hàng giá khá bán đều,"Kệ giữa dãy theo chủ đề (bếp, quà tặng, trang trí nhà), tầm tay; xoay vòng theo mùa.",3153.88,194,3.8585204081632654
15058A,BLUE POLKADOT GARDEN PARASOL,1,Hàng giá khá bán đều,"Kệ giữa dãy theo chủ đề (bếp, quà tặng, trang trí nhà), tầm tay; xoay vòng theo mùa.",3153.73,148,8.550536912751678
23323,WHITE WICKER STAR ,1,Hàng giá khá bán đều,"Kệ giữa dãy theo chủ đề (bếp, quà tặng, trang trí nhà), tầm tay; xoay vòng theo mùa.",3146.78,294,2.251291390728477
22313,OFFICE MUG WARMER PINK,1,Hàng giá khá bán đều,"Kệ giữa dãy theo chủ đề (bếp, quà tặng, trang trí nhà), tầm tay; xoay vòng theo mùa.",3146.07,137,4.273453237410072
22325,MOBILE VINTAGE HEARTS ,1,Hàng giá khá bán đều,"Kệ giữa dãy theo chủ đề (bếp, quà tặng, trang trí nhà), tầm tay; xoay vòng theo mùa.",3139.9900000000002,224,5.006
21820,GLITTER HEART GARLAND WITH BELLS ,1,Hàng giá khá bán đều,"Kệ giữa dãy theo chủ đề (bếp, quà tặng, trang trí nhà), tầm tay; xoay vòng theo mùa.",3132.39,180,4.692065217391304
21352,EUCALYPTUS & PINECONE  WREATH,1,Hàng giá khá bán đều,"Kệ giữa dãy theo chủ đề (bếp, quà tặng, trang trí nhà), tầm tay; xoay vòng theo mùa.",3110.28,158,5.293647798742139
22891,TEA FOR ONE POLKADOT,1,Hàng giá khá bán đều,"Kệ giữa dãy theo chủ đề (bếp, quà tặng, trang trí nhà), tầm tay; xoay vòng theo mùa.",3103.7,230,5.596608695652174
22177,5 HOOK BLACKBOARD ORGANISER ,1,Hàng giá khá bán đều,"Kệ giữa dãy theo chủ đề (bếp, quà tặng, trang trí nhà), tầm tay; xoay vòng theo mùa.",3101.46,125,11.89312
79072,TEATIME CAKE TIN WITH HANDLE,1,Hàng giá khá bán đều,"Kệ giữa dãy theo chủ đề (bếp, quà tặng, trang trí nhà), tầm tay; xoay vòng theo mùa.",3083.2,107,12.714485981308412
84279B,CHERRY BLOSSOM DECORATIVE FLASK,1,Hàng giá khá bán đều,"Kệ giữa dãy theo chủ đề (bếp, quà tặng, trang trí nhà), tầm tay; xoay vòng theo mùa.",3076.92,215,4.296511627906977
21765,HANGING METAL BIRD BATH,1,Hàng giá khá bán đều,"Kệ giữa dãy theo chủ đề (bếp, quà tặng, trang trí nhà), tầm tay; xoay vòng theo mùa.",3076.39,143,9.029794520547947
22372,AIRLINE BAG VINTAGE WORLD CHAMPION ,1,Hàng giá khá bán đều,"Kệ giữa dãy theo chủ đề (bếp, quà tặng, trang trí nhà), tầm tay; xoay vòng theo mùa.",3073.43,287,5.338298611111111
84912B,GREEN ROSE WASHBAG,1,Hàng giá khá bán đều,"Kệ giữa dãy theo chủ đề (bếp, quà tặng, trang trí nhà), tầm tay; xoay vòng theo mùa.",3072.64,259,3.5072030651340995
22473,TV DINNER TRAY VINTAGE PAISLEY,1,Hàng giá khá bán đều,"Kệ giữa dãy theo chủ đề (bếp, quà tặng, trang trí nhà), tầm tay; xoay vòng theo mùa.",3070.92,209,5.201387559808612
21408,SPOTTY PINK DUCK DOORSTOP,1,Hàng giá khá bán đều,"Kệ giữa dãy theo chủ đề (bếp, quà tặng, trang trí nhà), tầm tay; xoay vòng theo mùa.",3045.31,240,5.908458333333333
23461,SWEETHEART BIRD HOUSE,1,Hàng giá khá bán đều,"Kệ giữa dãy theo chủ đề (bếp, quà tặng, trang trí nhà), tầm tay; xoay vòng theo mùa.",3041.21,94,4.551500000000001
23329,DECORATIVE WICKER HEART LARGE,1,Hàng giá khá bán đều,"Kệ giữa dãy theo chủ đề (bếp, quà tặng, trang trí nhà), tầm tay; xoay vòng theo mùa.",3038.1899999999996,233,1.7691199999999998
15044C,PURPLE PAPER PARASOL,1,Hàng giá khá bán đều,"Kệ giữa dãy theo chủ đề (bếp, quà tặng, trang trí nhà), tầm tay; xoay vòng theo mùa.",3027.26,231,3.820387931034483
23390,DOLLY GIRL MINI BACKPACK,1,Hàng giá khá bán đều,"Kệ giữa dãy theo chủ đề (bếp, quà tặng, trang trí nhà), tầm tay; xoay vòng theo mùa.",3025.59,163,4.389759036144579
23242,TREASURE TIN BUFFALO BILL ,1,Hàng giá khá bán đều,"Kệ giữa dãy theo chủ đề (bếp, quà tặng, trang trí nhà), tầm tay; xoay vòng theo mùa.",3024.63,214,2.2825345622119815
21626,VINTAGE UNION JACK PENNANT,1,Hàng giá khá bán đều,"Kệ giữa dãy theo chủ đề (bếp, quà tặng, trang trí nhà), tầm tay; xoay vòng theo mùa.",3017.0699999999997,204,2.3283009708737863
84912A,PINK ROSE WASHBAG,1,Hàng giá khá bán đều,"Kệ giữa dãy theo chủ đề (bếp, quà tặng, trang trí nhà), tầm tay; xoay vòng theo mùa.",3012.0,232,3.6381115879828325
22925,BLUE GIANT GARDEN THERMOMETER,1,Hàng giá khá bán đều,"Kệ giữa dãy theo chủ đề (bếp, quà tặng, trang trí nhà), tầm tay; xoay vòng theo mùa.",2989.52,191,6.48421875
22375,AIRLINE BAG VINTAGE JET SET BROWN,1,Hàng giá khá bán đều,"Kệ giữa dãy theo chủ đề (bếp, quà tặng, trang trí nhà), tầm tay; xoay vòng theo mùa.",2969.29,284,5.488701754385965
22519,CHILDS GARDEN BRUSH PINK,1,Hàng giá khá bán đều,"Kệ giữa dãy theo chủ đề (bếp, quà tặng, trang trí nhà), tầm tay; xoay vòng theo mùa.",2968.7700000000004,258,2.477846153846154
22905,CALENDAR IN SEASON DESIGN,1,Hàng giá khá bán đều,"Kệ giữa dãy theo chủ đề (bếp, quà tặng, trang trí nhà), tầm tay; xoay vòng theo mùa.",2957.17,194,2.9630769230769234
22664,TOY TIDY DOLLY GIRL DESIGN,1,Hàng giá khá bán đều,"Kệ giữa dãy theo chủ đề (bếp, quà tặng, trang trí nhà), tầm tay; xoay vòng theo mùa.",2954.19,266,2.761428571428571
22927,GREEN GIANT GARDEN THERMOMETER,1,Hàng giá khá bán đều,"Kệ giữa dãy theo chủ đề (bếp, quà tặng, trang trí nhà), tầm tay; xoay vòng theo mùa.",2948.57,162,6.695493827160495
22277,COSMETIC BAG VINTAGE ROSE PAISLEY,1,Hàng giá khá bán đều,"Kệ giữa dãy theo chủ đề (bếp, quà tặng, trang trí nhà), tầm tay; xoay vòng theo mùa.",2927.4900000000002,250,2.475277777777778
22990,COTTON APRON PANTRY DESIGN,1,Hàng giá khá bán đều,"Kệ giữa dãy theo chủ đề (bếp, quà tặng, trang trí nhà), tầm tay; xoay vòng theo mùa.",2917.4300000000003,164,5.315301204819277
22518,CHILDS GARDEN BRUSH BLUE,1,Hàng giá khá bán đều,"Kệ giữa dãy theo chủ đề (bếp, quà tặng, trang trí nhà), tầm tay; xoay vòng theo mùa.",2899.8,266,2.545430711610487
22897,OVEN MITT APPLES DESIGN,1,Hàng giá khá bán đều,"Kệ giữa dãy theo chủ đề (bếp, quà tặng, trang trí nhà), tầm tay; xoay vòng theo mùa.",2894.75,298,1.7584615384615383
22184,CAKE STAND VICTORIAN FILIGREE LARGE,1,Hàng giá khá bán đều,"Kệ giữa dãy theo chủ đề (bếp, quà tặng, trang trí nhà), tầm tay; xoay vòng theo mùa.",2887.07,146,9.19986301369863
22955,36 FOIL STAR CAKE CASES ,1,Hàng giá khá bán đều,"Kệ giữa dãy theo chủ đề (bếp, quà tặng, trang trí nhà), tầm tay; xoay vòng theo mùa.",2885.26,185,2.2595312499999998
22811,SET OF 6 T-LIGHTS CACTI ,1,Hàng giá khá bán đều,"Kệ giữa dãy theo chủ đề (bếp, quà tặng, trang trí nhà), tầm tay; xoay vòng theo mùa.",2884.13,140,4.010921985815602
21709,FOLDING UMBRELLA CHOCOLATE POLKADOT,1,Hàng giá khá bán đều,"Kệ giữa dãy theo chủ đề (bếp, quà tặng, trang trí nhà), tầm tay; xoay vòng theo mùa.",2876.7200000000003,117,5.148717948717948
85114C,RED ENCHANTED FOREST PLACEMAT,1,Hàng giá khá bán đều,"Kệ giữa dãy theo chủ đề (bếp, quà tặng, trang trí nhà), tầm tay; xoay vòng theo mùa.",2875.7,203,2.246730769230769
21465,PINK FLOWER CROCHET FOOD COVER,1,Hàng giá khá bán đều,"Kệ giữa dãy theo chủ đề (bếp, quà tặng, trang trí nhà), tầm tay; xoay vòng theo mùa.",2875.6400000000003,187,4.030588235294117
20752,BLUE POLKADOT WASHING UP GLOVES,1,Hàng giá khá bán đều,"Kệ giữa dãy theo chủ đề (bếp, quà tặng, trang trí nhà), tầm tay; xoay vòng theo mùa.",2868.2000000000003,358,2.377765363128492
21821,GLITTER STAR GARLAND WITH BELLS ,1,Hàng giá khá bán đều,"Kệ giữa dãy theo chủ đề (bếp, quà tặng, trang trí nhà), tầm tay; xoay vòng theo mùa.",2866.6,153,4.836602564102564
85132B,CHARLIE AND LOLA TABLE TINS,1,Hàng giá khá bán đều,"Kệ giữa dãy theo chủ đề (bếp, quà tặng, trang trí nhà), tầm tay; xoay vòng theo mùa.",2863.37,133,5.291654135338345
21424,WOODLAND STORAGE BOX LARGE ,1,Hàng giá khá bán đều,"Kệ giữa dãy theo chủ đề (bếp, quà tặng, trang trí nhà), tầm tay; xoay vòng theo mùa.",2861.64,142,4.811619718309859
23427,STOOL HOME SWEET HOME ,1,Hàng giá khá bán đều,"Kệ giữa dãy theo chủ đề (bếp, quà tặng, trang trí nhà), tầm tay; xoay vòng theo mùa.",2860.58,114,12.967478260869566
22930,BAKING MOULD HEART MILK CHOCOLATE,1,Hàng giá khá bán đều,"Kệ giữa dãy theo chủ đề (bếp, quà tặng, trang trí nhà), tầm tay; xoay vòng theo mùa.",2846.8,189,3.073350785340314
21324,HANGING MEDINA LANTERN SMALL,1,Hàng giá khá bán đều,"Kệ giữa dãy theo chủ đề (bếp, quà tặng, trang trí nhà), tầm tay; xoay vòng theo mùa.",2845.71,175,3.7048022598870056
21688,SILVER PLATE CANDLE BOWL SMALL,1,Hàng giá khá bán đều,"Kệ giữa dãy theo chủ đề (bếp, quà tặng, trang trí nhà), tầm tay; xoay vòng theo mùa.",2845.6500000000005,142,3.6079577464788737
23196,VINTAGE LEAF MAGNETIC NOTEPAD,1,Hàng giá khá bán đều,"Kệ giữa dãy theo chủ đề (bếp, quà tặng, trang trí nhà), tầm tay; xoay vòng theo mùa.",2842.24,298,1.7964473684210527
22671,FRENCH LAUNDRY SIGN BLUE METAL,1,Hàng giá khá bán đều,"Kệ giữa dãy theo chủ đề (bếp, quà tặng, trang trí nhà), tầm tay; xoay vòng theo mùa.",2811.3399999999997,246,2.044412955465587
35001W,HAND OPEN SHAPE DECO.WHITE,1,Hàng giá khá bán đều,"Kệ giữa dãy theo chủ đề (bếp, quà tặng, trang trí nhà), tầm tay; xoay vòng theo mùa.",2806.69,190,4.085520833333334
22450,SILK PURSE BABUSHKA BLUE,1,Hàng giá khá bán đều,"Kệ giữa dãy theo chủ đề (bếp, quà tặng, trang trí nhà), tầm tay; xoay vòng theo mùa.",2798.28,180,3.5129347826086956
84909A,PINK PAISLEY QUILT ,1,Hàng giá khá bán đều,"Kệ giữa dãy theo chủ đề (bếp, quà tặng, trang trí nhà), tầm tay; xoay vòng theo mùa.",2797.55,30,17.176666666666666
22974,CHILDRENS DOLLY GIRL MUG,1,Hàng giá khá bán đều,"Kệ giữa dãy theo chủ đề (bếp, quà tặng, trang trí nhà), tầm tay; xoay vòng theo mùa.",2795.8099999999995,211,2.039433962264151
22696,WICKER WREATH LARGE,1,Hàng giá khá bán đều,"Kệ giữa dãy theo chủ đề (bếp, quà tặng, trang trí nhà), tầm tay; xoay vòng theo mùa.",2790.83,288,2.258406779661017
21360,JOY LARGE WOOD LETTERS,1,Hàng giá khá bán đều,"Kệ giữa dãy theo chủ đề (bếp, quà tặng, trang trí nhà), tầm tay; xoay vòng theo mùa.",2790.41,100,10.0931
84519A,TOMATO CHARLIE+LOLA COASTER SET,1,Hàng giá khá bán đều,"Kệ giữa dãy theo chủ đề (bếp, quà tặng, trang trí nhà), tầm tay; xoay vòng theo mùa.",2788.4500000000003,203,2.9695566502463056
21796,SET OF 3 RED STRIPE BASKETS,1,Hàng giá khá bán đều,"Kệ giữa dãy theo chủ đề (bếp, quà tặng, trang trí nhà), tầm tay; xoay vòng theo mùa.",2782.19,67,12.662089552238806
21728,METAL MEDINA LANTERN ,1,Hàng giá khá bán đều,"Kệ giữa dãy theo chủ đề (bếp, quà tặng, trang trí nhà), tầm tay; xoay vòng theo mùa.",2773.11,40,13.710249999999998
21188,3D HEARTS  HONEYCOMB PAPER GARLAND,1,Hàng giá khá bán đều,"Kệ giữa dãy theo chủ đề (bếp, quà tặng, trang trí nhà), tầm tay; xoay vòng theo mùa.",2771.34,128,3.576212121212121
21682,LARGE MEDINA STAMPED METAL BOWL ,1,Hàng giá khá bán đều,"Kệ giữa dãy theo chủ đề (bếp, quà tặng, trang trí nhà), tầm tay; xoay vòng theo mùa.",2767.59,152,5.280526315789474
23190,BUNDLE OF 3 SCHOOL EXERCISE BOOKS  ,1,Hàng giá khá bán đều,"Kệ giữa dãy theo chủ đề (bếp, quà tặng, trang trí nhà), tầm tay; xoay vòng theo mùa.",2761.8999999999996,202,1.7966009852216749
22081,RIBBON REEL FLORA + FAUNA ,1,Hàng giá khá bán đều,"Kệ giữa dãy theo chủ đề (bếp, quà tặng, trang trí nhà), tầm tay; xoay vòng theo mùa.",2761.04,302,2.1825986842105265
21683,MEDIUM MEDINA STAMPED METAL BOWL ,1,Hàng giá khá bán đều,"Kệ giữa dãy theo chủ đề (bếp, quà tặng, trang trí nhà), tầm tay; xoay vòng theo mùa.",2757.4700000000003,152,3.308627450980392
15058C,ICE CREAM DESIGN GARDEN PARASOL,1,Hàng giá khá bán đều,"Kệ giữa dãy theo chủ đề (bếp, quà tặng, trang trí nhà), tầm tay; xoay vòng theo mùa.",2753.72,122,9.667049180327869
22145,CHRISTMAS CRAFT HEART STOCKING ,1,Hàng giá khá bán đều,"Kệ giữa dãy theo chủ đề (bếp, quà tặng, trang trí nhà), tầm tay; xoay vòng theo mùa.",2752.6600000000003,197,2.3686069651741297
84795C,OCEAN STRIPE HAMMOCK ,1,Hàng giá khá bán đều,"Kệ giữa dãy theo chủ đề (bếp, quà tặng, trang trí nhà), tầm tay; xoay vòng theo mùa.",2752.59,131,9.477954545454544
23147,SINGLE ANTIQUE ROSE HOOK IVORY,1,Hàng giá khá bán đều,"Kệ giữa dãy theo chủ đề (bếp, quà tặng, trang trí nhà), tầm tay; xoay vòng theo mùa.",2752.2,261,1.5256226415094338
23396,LE JARDIN BOTANIQUE CUSHION COVER,1,Hàng giá khá bán đều,"Kệ giữa dãy theo chủ đề (bếp, quà tặng, trang trí nhà), tầm tay; xoay vòng theo mùa.",2750.5299999999997,196,4.802587064676617
22525,CHILDRENS GARDEN GLOVES PINK,1,Hàng giá khá bán đều,"Kệ giữa dãy theo chủ đề (bếp, quà tặng, trang trí nhà), tầm tay; xoay vòng theo mùa.",2748.79,328,1.6535258358662615
23266,SET OF 3 WOODEN STOCKING DECORATION,1,Hàng giá khá bán đều,"Kệ giữa dãy theo chủ đề (bếp, quà tặng, trang trí nhà), tầm tay; xoay vòng theo mùa.",2743.82,319,1.454005934718101
23341,PINK DINER WALL CLOCK,1,Hàng giá khá bán đều,"Kệ giữa dãy theo chủ đề (bếp, quà tặng, trang trí nhà), tầm tay; xoay vòng theo mùa.",2741.35,121,9.943057851239669
22914,BLUE COAT RACK PARIS FASHION,1,Hàng giá khá bán đều,"Kệ giữa dãy theo chủ đề (bếp, quà tặng, trang trí nhà), tầm tay; xoay vòng theo mùa.",2720.6600000000003,170,5.446140350877193
47503J,SET/3 FLORAL GARDEN TOOLS IN BAG,1,Hàng giá khá bán đều,"Kệ giữa dãy theo chủ đề (bếp, quà tặng, trang trí nhà), tầm tay; xoay vòng theo mùa.",2719.38,75,10.9716
23164,REGENCY CAKE SLICE,1,Hàng giá khá bán đều,"Kệ giữa dãy theo chủ đề (bếp, quà tặng, trang trí nhà), tầm tay; xoay vòng theo mùa.",2718.65,92,5.579673913043479
22650,CERAMIC PIRATE CHEST MONEY BANK,1,Hàng giá khá bán đều,"Kệ giữa dãy theo chủ đề (bếp, quà tặng, trang trí nhà), tầm tay; xoay vòng theo mùa.",2717.8799999999997,282,1.8469473684210527
21808,"CHRISTMAS GARLAND STARS,TREES",1,Hàng giá khá bán đều,"Kệ giữa dãy theo chủ đề (bếp, quà tặng, trang trí nhà), tầm tay; xoay vòng theo mùa.",2715.53,144,3.6015753424657535
22524,CHILDRENS GARDEN GLOVES BLUE,1,Hàng giá khá bán đều,"Kệ giữa dãy theo chủ đề (bếp, quà tặng, trang trí nhà), tầm tay; xoay vòng theo mùa.",2713.23,293,1.5784067796610168
85035C,ROSE 3 WICK MORRIS BOX CANDLE,1,Hàng giá khá bán đều,"Kệ giữa dãy theo chủ đề (bếp, quà tặng, trang trí nhà), tầm tay; xoay vòng theo mùa.",2710.79,199,3.2551707317073166
23407,SET OF 2 TRAYS HOME SWEET HOME,1,Hàng giá khá bán đều,"Kệ giữa dãy theo chủ đề (bếp, quà tặng, trang trí nhà), tầm tay; xoay vòng theo mùa.",2709.43,133,10.68142857142857
23489,VINTAGE BELLS GARLAND,1,Hàng giá khá bán đều,"Kệ giữa dãy theo chủ đề (bếp, quà tặng, trang trí nhà), tầm tay; xoay vòng theo mùa.",2709.23,159,3.221454545454545
21744,SNOWFLAKE PORTABLE TABLE LIGHT ,1,Hàng giá khá bán đều,"Kệ giữa dãy theo chủ đề (bếp, quà tặng, trang trí nhà), tầm tay; xoay vòng theo mùa.",2697.1600000000003,217,3.179144144144144
84795B,SUNSET CHECK HAMMOCK,1,Hàng giá khá bán đều,"Kệ giữa dãy theo chủ đề (bếp, quà tặng, trang trí nhà), tầm tay; xoay vòng theo mùa.",2696.81,113,10.129115044247786
23264,SET OF 3 WOODEN SLEIGH DECORATIONS,1,Hàng giá khá bán đều,"Kệ giữa dãy theo chủ đề (bếp, quà tặng, trang trí nhà), tầm tay; xoay vòng theo mùa.",2690.81,299,1.496592356687898
22495,SET OF 2 ROUND TINS CAMEMBERT ,1,Hàng giá khá bán đều,"Kệ giữa dãy theo chủ đề (bếp, quà tặng, trang trí nhà), tầm tay; xoay vòng theo mùa.",2682.32,237,3.4214644351464436
21923,RED/CREAM STRIPE FRINGE HAMMOCK,1,Hàng giá khá bán đều,"Kệ giữa dãy theo chủ đề (bếp, quà tặng, trang trí nhà), tầm tay; xoay vòng theo mùa.",2662.64,119,8.58436974789916
21693,SMALL HAMMERED SILVER CANDLEPOT ,1,Hàng giá khá bán đều,"Kệ giữa dãy theo chủ đề (bếp, quà tặng, trang trí nhà), tầm tay; xoay vòng theo mùa.",2648.6200000000003,120,3.3857500000000003
22500,SET OF 2 TINS JARDIN DE PROVENCE,1,Hàng giá khá bán đều,"Kệ giữa dãy theo chủ đề (bếp, quà tặng, trang trí nhà), tầm tay; xoay vòng theo mùa.",2647.31,198,5.186834170854271
21742,LARGE ROUND WICKER PLATTER ,1,Hàng giá khá bán đều,"Kệ giữa dãy theo chủ đề (bếp, quà tặng, trang trí nhà), tầm tay; xoay vòng theo mùa.",2647.28,193,6.052820512820513
23146,TRIPLE HOOK ANTIQUE IVORY ROSE,1,Hàng giá khá bán đều,"Kệ giữa dãy theo chủ đề (bếp, quà tặng, trang trí nhà), tầm tay; xoay vòng theo mùa.",2645.26,227,3.5144155844155844
21897,POTTING SHED CANDLE CITRONELLA,1,Hàng giá khá bán đều,"Kệ giữa dãy theo chủ đề (bếp, quà tặng, trang trí nhà), tầm tay; xoay vòng theo mùa.",2641.36,106,3.107037037037037
22270,HAPPY EASTER HANGING DECORATION,1,Hàng giá khá bán đều,"Kệ giữa dãy theo chủ đề (bếp, quà tặng, trang trí nhà), tầm tay; xoay vòng theo mùa.",2638.67,153,4.247405063291139
22376,AIRLINE BAG VINTAGE JET SET WHITE,1,Hàng giá khá bán đều,"Kệ giữa dãy theo chủ đề (bếp, quà tặng, trang trí nhà), tầm tay; xoay vòng theo mùa.",2632.18,246,5.216546184738956
84849D,HOT BATHS SOAP HOLDER,1,Hàng giá khá bán đều,"Kệ giữa dãy theo chủ đề (bếp, quà tặng, trang trí nhà), tầm tay; xoay vòng theo mùa.",2618.27,260,1.8957088122605363
85034B,3 WHITE CHOC MORRIS BOXED CANDLES,1,Hàng giá khá bán đều,"Kệ giữa dãy theo chủ đề (bếp, quà tặng, trang trí nhà), tầm tay; xoay vòng theo mùa.",2614.93,153,3.3276774193548384
72800E,4 IVORY DINNER CANDLES SILVER FLOCK,1,Hàng giá khá bán đều,"Kệ giữa dãy theo chủ đề (bếp, quà tặng, trang trí nhà), tầm tay; xoay vòng theo mùa.",2613.82,286,2.49421768707483
47585A,PINK FAIRY CAKE CUSHION COVER,1,Hàng giá khá bán đều,"Kệ giữa dãy theo chủ đề (bếp, quà tặng, trang trí nhà), tầm tay; xoay vòng theo mùa.",2612.88,148,4.460067567567568
23054,RECYCLED ACAPULCO MAT LAVENDER,1,Hàng giá khá bán đều,"Kệ giữa dãy theo chủ đề (bếp, quà tặng, trang trí nhà), tầm tay; xoay vòng theo mùa.",2604.93,130,9.533076923076923
85034C,3 ROSE MORRIS BOXED CANDLES,1,Hàng giá khá bán đều,"Kệ giữa dãy theo chủ đề (bếp, quà tặng, trang trí nhà), tầm tay; xoay vòng theo mùa.",2604.15,197,2.908627450980392
72799E,IVORY PILLAR CANDLE SILVER FLOCK,1,Hàng giá khá bán đều,"Kệ giữa dãy theo chủ đề (bếp, quà tặng, trang trí nhà), tầm tay; xoay vòng theo mùa.",2600.6400000000003,178,2.9414525139664804
37502,TEA TIME MUG IN GIFT BOX,1,Hàng giá khá bán đều,"Kệ giữa dãy theo chủ đề (bếp, quà tặng, trang trí nhà), tầm tay; xoay vòng theo mùa.",2599.79,171,3.311387283236994
22190,LOCAL CAFE MUG,1,Hàng giá khá bán đều,"Kệ giữa dãy theo chủ đề (bếp, quà tặng, trang trí nhà), tầm tay; xoay vòng theo mùa.",2591.67,242,2.361469387755102
90062,CARNIVAL BRACELET,1,Hàng giá khá bán đều,"Kệ giữa dãy theo chủ đề (bếp, quà tặng, trang trí nhà), tầm tay; xoay vòng theo mùa.",2591.42,109,12.660181818181817
85035B,CHOCOLATE 3 WICK MORRIS BOX CANDLE,1,Hàng giá khá bán đều,"Kệ giữa dãy theo chủ đề (bếp, quà tặng, trang trí nhà), tầm tay; xoay vòng theo mùa.",2590.11,137,4.09094890510949
22933,BAKING MOULD EASTER EGG MILK CHOC,1,Hàng giá khá bán đều,"Kệ giữa dãy theo chủ đề (bếp, quà tặng, trang trí nhà), tầm tay; xoay vòng theo mùa.",2585.92,122,3.48869918699187
82597,BOMBS AWAY METAL SIGN,1,Hàng giá khá bán đều,"Kệ giữa dãy theo chủ đề (bếp, quà tặng, trang trí nhà), tầm tay; xoay vòng theo mùa.",2569.6600000000003,215,2.577926267281106
22471,TV DINNER TRAY AIR HOSTESS ,1,Hàng giá khá bán đều,"Kệ giữa dãy theo chủ đề (bếp, quà tặng, trang trí nhà), tầm tay; xoay vòng theo mùa.",2568.76,176,5.779318181818182
22937,BAKING MOULD CHOCOLATE CUPCAKES,1,Hàng giá khá bán đều,"Kệ giữa dãy theo chủ đề (bếp, quà tặng, trang trí nhà), tầm tay; xoay vòng theo mùa.",2563.24,160,2.9215853658536584
21288,STRIPEY CHOCOLATE NESTING BOXES,1,Hàng giá khá bán đều,"Kệ giữa dãy theo chủ đề (bếp, quà tặng, trang trí nhà), tầm tay; xoay vòng theo mùa.",2557.4700000000003,224,3.34125
22735,RIBBON REEL SOCKS AND MITTENS,1,Hàng giá khá bán đều,"Kệ giữa dãy theo chủ đề (bếp, quà tặng, trang trí nhà), tầm tay; xoay vòng theo mùa.",2541.38,231,2.3392340425531915
21898,POTTING SHED ROSE CANDLE,1,Hàng giá khá bán đều,"Kệ giữa dãy theo chủ đề (bếp, quà tặng, trang trí nhà), tầm tay; xoay vòng theo mùa.",2538.81,113,3.0016239316239317
22342,HOME GARLAND PAINTED ZINC ,1,Hàng giá khá bán đều,"Kệ giữa dãy theo chủ đề (bếp, quà tặng, trang trí nhà), tầm tay; xoay vòng theo mùa.",2521.2499999999995,230,2.0389565217391303
22415,WHITE TISSUE REAM,1,Hàng giá khá bán đều,"Kệ giữa dãy theo chủ đề (bếp, quà tặng, trang trí nhà), tầm tay; xoay vòng theo mùa.",2520.15,204,7.95
21792,CLASSIC FRENCH STYLE BASKET GREEN ,1,Hàng giá khá bán đều,"Kệ giữa dãy theo chủ đề (bếp, quà tặng, trang trí nhà), tầm tay; xoay vòng theo mùa.",2517.88,141,5.968297872340425
21431,GREEN GINGHAM FLOWER JEWELLERY BOX,1,Hàng giá khá bán đều,"Kệ giữa dãy theo chủ đề (bếp, quà tặng, trang trí nhà), tầm tay; xoay vòng theo mùa.",2511.3599999999997,278,1.9398924731182796
23424,GINGHAM RECIPE BOOK BOX,1,Hàng giá khá bán đều,"Kệ giữa dãy theo chủ đề (bếp, quà tặng, trang trí nhà), tầm tay; xoay vòng theo mùa.",2509.62,135,6.186740740740741
21323,HANGING MEDINA LANTERN LARGE,1,Hàng giá khá bán đều,"Kệ giữa dãy theo chủ đề (bếp, quà tặng, trang trí nhà), tầm tay; xoay vòng theo mùa.",2506.89,80,5.57325
23316,RED REFECTORY CLOCK ,1,Hàng giá khá bán đều,"Kệ giữa dãy theo chủ đề (bếp, quà tặng, trang trí nhà), tầm tay; xoay vòng theo mùa.",2501.64,110,11.109454545454545
82567,"AIRLINE LOUNGE,METAL SIGN",1,Hàng giá khá bán đều,"Kệ giữa dãy theo chủ đề (bếp, quà tặng, trang trí nhà), tầm tay; xoay vòng theo mùa.",2498.98,489,2.17200408997955
85054,FRENCH ENAMEL POT W LID,1,Hàng giá khá bán đều,"Kệ giữa dãy theo chủ đề (bếp, quà tặng, trang trí nhà), tầm tay; xoay vòng theo mùa.",2495.0200000000004,204,3.4911538461538467
84509B,SET OF 4 FAIRY CAKE PLACEMATS,1,Hàng giá khá bán đều,"Kệ giữa dãy theo chủ đề (bếp, quà tặng, trang trí nhà), tầm tay; xoay vòng theo mùa.",2489.9700000000003,200,4.326188118811881
21924,BLUE/CREAM STRIPE FRINGE HAMMOCK,1,Hàng giá khá bán đều,"Kệ giữa dãy theo chủ đề (bếp, quà tặng, trang trí nhà), tầm tay; xoay vòng theo mùa.",2486.6600000000003,123,8.614596774193549
22742,MAKE YOUR OWN PLAYTIME CARD KIT,1,Hàng giá khá bán đều,"Kệ giữa dãy theo chủ đề (bếp, quà tặng, trang trí nhà), tầm tay; xoay vòng theo mùa.",2475.3,180,3.091758241758242
22829,SWEETHEART WIRE WALL TIDY,1,Hàng giá khá bán đều,"Kệ giữa dãy theo chủ đề (bếp, quà tặng, trang trí nhà), tầm tay; xoay vòng theo mùa.",2468.5699999999997,118,10.993559322033898
22852,DOG BOWL VINTAGE CREAM,1,Hàng giá khá bán đều,"Kệ giữa dãy theo chủ đề (bếp, quà tặng, trang trí nhà), tầm tay; xoay vòng theo mùa.",2467.11,160,4.54825
22676,FRENCH BLUE METAL DOOR SIGN 1,1,Hàng giá khá bán đều,"Kệ giữa dãy theo chủ đề (bếp, quà tặng, trang trí nhà), tầm tay; xoay vòng theo mùa.",2464.98,305,1.5949185667752444
23352,ROLL WRAP 50'S RED CHRISTMAS ,1,Hàng giá khá bán đều,"Kệ giữa dãy theo chủ đề (bếp, quà tặng, trang trí nhà), tầm tay; xoay vòng theo mùa.",2459.2,212,1.511643192488263
21616,4 PEAR BOTANICAL DINNER CANDLES,1,Hàng giá khá bán đều,"Kệ giữa dãy theo chủ đề (bếp, quà tặng, trang trí nhà), tầm tay; xoay vòng theo mùa.",2458.58,191,2.465969387755102
22911,PAPER CHAIN KIT LONDON,1,Hàng giá khá bán đều,"Kệ giữa dãy theo chủ đề (bếp, quà tặng, trang trí nhà), tầm tay; xoay vòng theo mùa.",2454.3500000000004,164,3.219818181818182
84840,SWEETHEART CARRY-ALL BASKET,1,Hàng giá khá bán đều,"Kệ giữa dãy theo chủ đề (bếp, quà tặng, trang trí nhà), tầm tay; xoay vòng theo mùa.",2430.82,140,9.002642857142858
22021,BLUE FELT EASTER EGG BASKET,1,Hàng giá khá bán đều,"Kệ giữa dãy theo chủ đề (bếp, quà tặng, trang trí nhà), tầm tay; xoay vòng theo mùa.",2430.31,233,1.7891176470588235
22448,PIN CUSHION BABUSHKA RED,1,Hàng giá khá bán đều,"Kệ giữa dãy theo chủ đề (bếp, quà tặng, trang trí nhà), tầm tay; xoay vòng theo mùa.",2426.73,121,3.6891803278688524
21462,"NURSERY A,B,C PAINTED LETTERS",1,Hàng giá khá bán đều,"Kệ giữa dãy theo chủ đề (bếp, quà tặng, trang trí nhà), tầm tay; xoay vòng theo mùa.",2425.41,171,6.878888888888889
23406,HOME SWEET HOME KEY HOLDER,1,Hàng giá khá bán đều,"Kệ giữa dãy theo chủ đề (bếp, quà tặng, trang trí nhà), tầm tay; xoay vòng theo mùa.",2422.6600000000003,111,7.10990990990991
21274,EMBOSSED HEART 3 DRAWER SHELF,1,Hàng giá khá bán đều,"Kệ giữa dãy theo chủ đề (bếp, quà tặng, trang trí nhà), tầm tay; xoay vòng theo mùa.",2420.69,105,14.656037735849056
21106,CREAM SLICE FLANNEL CHOCOLATE SPOT ,1,Hàng giá khá bán đều,"Kệ giữa dãy theo chủ đề (bếp, quà tặng, trang trí nhà), tầm tay; xoay vòng theo mùa.",2419.6800000000003,169,3.7038823529411764
22789,T-LIGHT HOLDER SWEETHEART HANGING,1,Hàng giá khá bán đều,"Kệ giữa dãy theo chủ đề (bếp, quà tặng, trang trí nhà), tầm tay; xoay vòng theo mùa.",2419.54,196,2.1268000000000002
22362,GLASS JAR PEACOCK BATH SALTS,1,Hàng giá khá bán đều,"Kệ giữa dãy theo chủ đề (bếp, quà tặng, trang trí nhà), tầm tay; xoay vòng theo mùa.",2410.53,253,3.8228853754940713
23400,SHELF WITH 4 HOOKS HOME SWEET HOME,1,Hàng giá khá bán đều,"Kệ giữa dãy theo chủ đề (bếp, quà tặng, trang trí nhà), tầm tay; xoay vòng theo mùa.",2409.34,107,6.854074074074074
85036A,GARDENIA 1 WICK MORRIS BOXED CANDLE,1,Hàng giá khá bán đều,"Kệ giữa dãy theo chủ đề (bếp, quà tặng, trang trí nhà), tầm tay; xoay vòng theo mùa.",2405.79,166,4.154302325581395
23265,SET OF 3 WOODEN TREE DECORATIONS,1,Hàng giá khá bán đều,"Kệ giữa dãy theo chủ đề (bếp, quà tặng, trang trí nhà), tầm tay; xoay vòng theo mùa.",2404.79,293,1.4839016393442621
85059,FRENCH ENAMEL WATER BASIN,1,Hàng giá khá bán đều,"Kệ giữa dãy theo chủ đề (bếp, quà tặng, trang trí nhà), tầm tay; xoay vòng theo mùa.",2399.89,211,4.293896713615023
85034A,3 GARDENIA MORRIS BOXED CANDLES,1,Hàng giá khá bán đều,"Kệ giữa dãy theo chủ đề (bếp, quà tặng, trang trí nhà), tầm tay; xoay vòng theo mùa.",2389.69,138,3.9872413793103445
84818,DANISH ROSE PHOTO FRAME,1,Hàng giá khá bán đều,"Kệ giữa dãy theo chủ đề (bếp, quà tặng, trang trí nhà), tầm tay; xoay vòng theo mùa.",2382.25,214,2.0407943925233645
47570,ENGLISH ROSE TABLE CLOTH,1,Hàng giá khá bán đều,"Kệ giữa dãy theo chủ đề (bếp, quà tặng, trang trí nhà), tầm tay; xoay vòng theo mùa.",2373.01,78,12.235696202531646
85035A,GARDENIA 3 WICK MORRIS BOXED CANDLE,1,Hàng giá khá bán đều,"Kệ giữa dãy theo chủ đề (bếp, quà tặng, trang trí nhà), tầm tay; xoay vòng theo mùa.",2370.31,181,4.389675675675676
23048,SET OF 10 LANTERNS FAIRY LIGHT STAR,1,Hàng giá khá bán đều,"Kệ giữa dãy theo chủ đề (bếp, quà tặng, trang trí nhà), tầm tay; xoay vòng theo mùa.",2368.37,99,4.6737254901960785
21262,WHITE GOOSE FEATHER CHRISTMAS TREE ,1,Hàng giá khá bán đều,"Kệ giữa dãy theo chủ đề (bếp, quà tặng, trang trí nhà), tầm tay; xoay vòng theo mùa.",2366.0200000000004,132,6.068484848484848
21468,BUTTERFLY CROCHET FOOD COVER,1,Hàng giá khá bán đều,"Kệ giữa dãy theo chủ đề (bếp, quà tặng, trang trí nhà), tầm tay; xoay vòng theo mùa.",2361.39,142,4.018827586206896
23401,RUSTIC MIRROR WITH LACE HEART,1,Hàng giá khá bán đều,"Kệ giữa dãy theo chủ đề (bếp, quà tặng, trang trí nhà), tầm tay; xoay vòng theo mùa.",2354.87,83,7.090361445783133
23412,HEART MIRROR ANTIQUE WHITE,1,Hàng giá khá bán đều,"Kệ giữa dãy theo chủ đề (bếp, quà tặng, trang trí nhà), tầm tay; xoay vòng theo mùa.",2354.8,76,7.724415584415584
21437,24 HANGING EASTER EGGS FLORAL TUB,1,Hàng giá khá bán đều,"Kệ giữa dãy theo chủ đề (bếp, quà tặng, trang trí nhà), tầm tay; xoay vòng theo mùa.",2350.92,109,3.9735964912280703
22642,SET OF 4 NAPKIN CHARMS STARS   ,1,Hàng giá khá bán đều,"Kệ giữa dãy theo chủ đề (bếp, quà tặng, trang trí nhà), tầm tay; xoay vòng theo mùa.",2348.47,141,2.5832876712328763
84459B,YELLOW METAL CHICKEN HEART ,1,Hàng giá khá bán đều,"Kệ giữa dãy theo chủ đề (bếp, quà tặng, trang trí nhà), tầm tay; xoay vòng theo mùa.",2341.77,213,2.115852534562212
21708,FOLDING UMBRELLA CREAM POLKADOT,1,Hàng giá khá bán đều,"Kệ giữa dãy theo chủ đề (bếp, quà tặng, trang trí nhà), tầm tay; xoay vòng theo mùa.",2336.48,129,4.722538461538462
22306,SILVER MUG BONE CHINA TREE OF LIFE,1,Hàng giá khá bán đều,"Kệ giữa dãy theo chủ đề (bếp, quà tặng, trang trí nhà), tầm tay; xoay vòng theo mùa.",2316.2,163,2.025333333333333
22973,CHILDREN'S CIRCUS PARADE MUG,1,Hàng giá khá bán đều,"Kệ giữa dãy theo chủ đề (bếp, quà tặng, trang trí nhà), tầm tay; xoay vòng theo mùa.",2314.33,155,2.0173076923076922
21615,4 LAVENDER BOTANICAL DINNER CANDLES,1,Hàng giá khá bán đều,"Kệ giữa dãy theo chủ đề (bếp, quà tặng, trang trí nhà), tầm tay; xoay vòng theo mùa.",2308.67,169,2.350348837209302
23029,DRAWER KNOB CRACKLE GLAZE GREEN,1,Hàng giá khá bán đều,"Kệ giữa dãy theo chủ đề (bếp, quà tặng, trang trí nhà), tầm tay; xoay vòng theo mùa.",2303.9199999999996,156,1.8366666666666664
23197,SKETCHBOOK MAGNETIC SHOPPING LIST,1,Hàng giá khá bán đều,"Kệ giữa dãy theo chủ đề (bếp, quà tặng, trang trí nhà), tầm tay; xoay vòng theo mùa.",2303.5,249,1.95224
22363,GLASS JAR MARMALADE ,1,Hàng giá khá bán đều,"Kệ giữa dãy theo chủ đề (bếp, quà tặng, trang trí nhà), tầm tay; xoay vòng theo mùa.",2303.39,169,3.641860465116279
21947,SET OF 6 HEART CHOPSTICKS,1,Hàng giá khá bán đều,"Kệ giữa dãy theo chủ đề (bếp, quà tặng, trang trí nhà), tầm tay; xoay vòng theo mùa.",2302.81,298,1.7194078947368419
21482,MUSHROOM BLUE HOT WATER BOTTLE,1,Hàng giá khá bán đều,"Kệ giữa dãy theo chủ đề (bếp, quà tặng, trang trí nhà), tầm tay; xoay vòng theo mùa.",2296.76,184,3.6295135135135137
21741,COSY SLIPPER SHOES LARGE GREEN,1,Hàng giá khá bán đều,"Kệ giữa dãy theo chủ đề (bếp, quà tặng, trang trí nhà), tầm tay; xoay vòng theo mùa.",2293.7500000000005,190,3.830260416666667
22246,"GARLAND, MAGIC GARDEN 1.8M",1,Hàng giá khá bán đều,"Kệ giữa dãy theo chủ đề (bếp, quà tặng, trang trí nhà), tầm tay; xoay vòng theo mùa.",2287.95,188,2.6984656084656082
23330,DECORATIVE WICKER HEART MEDIUM,1,Hàng giá khá bán đều,"Kệ giữa dãy theo chủ đề (bếp, quà tặng, trang trí nhà), tầm tay; xoay vòng theo mùa.",2286.97,216,1.3630044843049327
21464,DISCO BALL ROTATOR BATTERY OPERATED,1,Hàng giá khá bán đều,"Kệ giữa dãy theo chủ đề (bếp, quà tặng, trang trí nhà), tầm tay; xoay vòng theo mùa.",2286.75,217,4.2453917050691246
22831,WHITE BROCANTE SOAP DISH,1,Hàng giá khá bán đều,"Kệ giữa dãy theo chủ đề (bếp, quà tặng, trang trí nhà), tầm tay; xoay vòng theo mùa.",2286.28,138,3.337714285714286
85014C,BLUE/BROWN DOTS RUFFLED UMBRELLA,1,Hàng giá khá bán đều,"Kệ giữa dãy theo chủ đề (bếp, quà tặng, trang trí nhà), tầm tay; xoay vòng theo mùa.",2270.73,72,6.527916666666666
23252,VINTAGE RED ENAMEL TRIM JUG ,1,Hàng giá khá bán đều,"Kệ giữa dãy theo chủ đề (bếp, quà tặng, trang trí nhà), tầm tay; xoay vòng theo mùa.",2261.61,138,4.0390579710144925
35001G,HAND OPEN SHAPE GOLD,1,Hàng giá khá bán đều,"Kệ giữa dãy theo chủ đề (bếp, quà tặng, trang trí nhà), tầm tay; xoay vòng theo mùa.",2259.47,103,4.204857142857143
23128,FELTCRAFT BOY JEAN-PAUL KIT,1,Hàng giá khá bán đều,"Kệ giữa dãy theo chủ đề (bếp, quà tặng, trang trí nhà), tầm tay; xoay vòng theo mùa.",2258.6600000000003,139,5.266906474820144
20658,RED SPOTTY LUGGAGE TAG,1,Hàng giá khá bán đều,"Kệ giữa dãy theo chủ đề (bếp, quà tặng, trang trí nhà), tầm tay; xoay vòng theo mùa.",2251.36,353,1.6826256983240224
21696,SMALL SILVER TRELLIS CANDLEPOT,1,Hàng giá khá bán đều,"Kệ giữa dãy theo chủ đề (bếp, quà tặng, trang trí nhà), tầm tay; xoay vòng theo mùa.",2251.1400000000003,107,3.2544859813084113
21804,WHITE CHRISTMAS GARLAND STARS TREES,1,Hàng giá khá bán đều,"Kệ giữa dãy theo chủ đề (bếp, quà tặng, trang trí nhà), tầm tay; xoay vòng theo mùa.",2240.9900000000002,137,3.843380281690141
85045,GREEN CHRISTMAS TREE STRING 20LIGHT,1,Hàng giá khá bán đều,"Kệ giữa dãy theo chủ đề (bếp, quà tặng, trang trí nhà), tầm tay; xoay vòng theo mùa.",2239.34,83,5.623176470588236
23093,SMALL PARISIENNE HEART PHOTO FRAME ,1,Hàng giá khá bán đều,"Kệ giữa dãy theo chủ đề (bếp, quà tặng, trang trí nhà), tầm tay; xoay vòng theo mùa.",2239.2400000000002,142,2.7882394366197185
20931,BLUE POT PLANT CANDLE ,1,Hàng giá khá bán đều,"Kệ giữa dãy theo chủ đề (bếp, quà tặng, trang trí nhà), tầm tay; xoay vòng theo mùa.",2238.07,157,4.795632911392405
22163,HEART STRING MEMO HOLDER HANGING,1,Hàng giá khá bán đều,"Kệ giữa dãy theo chủ đề (bếp, quà tặng, trang trí nhà), tầm tay; xoay vòng theo mùa.",2235.1200000000003,197,2.3265841584158418
21710,FOLDING UMBRELLA PINKWHITE POLKADOT,1,Hàng giá khá bán đều,"Kệ giữa dãy theo chủ đề (bếp, quà tặng, trang trí nhà), tầm tay; xoay vòng theo mùa.",2235.0099999999998,110,4.934234234234235
21681,GIANT MEDINA STAMPED METAL BOWL ,1,Hàng giá khá bán đều,"Kệ giữa dãy theo chủ đề (bếp, quà tặng, trang trí nhà), tầm tay; xoay vòng theo mùa.",2234.81,79,10.156375
23079,TOADSTOOL BEDSIDE LIGHT ,1,Hàng giá khá bán đều,"Kệ giữa dãy theo chủ đề (bếp, quà tặng, trang trí nhà), tầm tay; xoay vòng theo mùa.",2225.45,106,8.936915887850466
21638,ASSORTED TUTTI FRUTTI NOTEBOOK,1,Hàng giá khá bán đều,"Kệ giữa dãy theo chủ đề (bếp, quà tặng, trang trí nhà), tầm tay; xoay vòng theo mùa.",2220.94,142,2.437448275862069
21476,STEEL SWEETHEART ROUND TABLE CREAM,1,Hàng giá khá bán đều,"Kệ giữa dãy theo chủ đề (bếp, quà tặng, trang trí nhà), tầm tay; xoay vòng theo mùa.",2219.5099999999998,85,16.436
22453,MEASURING TAPE BABUSHKA BLUE,1,Hàng giá khá bán đều,"Kệ giữa dãy theo chủ đề (bếp, quà tặng, trang trí nhà), tầm tay; xoay vòng theo mùa.",2212.92,144,2.8793793103448273
22785,SQUARECUSHION COVER PINK UNION FLAG,1,Hàng giá khá bán đều,"Kệ giữa dãy theo chủ đề (bếp, quà tặng, trang trí nhà), tầm tay; xoay vòng theo mùa.",2207.11,122,7.328934426229508
21620,SET OF 4 ROSE BOTANICAL CANDLES,1,Hàng giá khá bán đều,"Kệ giữa dãy theo chủ đề (bếp, quà tặng, trang trí nhà), tầm tay; xoay vòng theo mùa.",2206.73,222,2.531762114537445
22853,CAT BOWL VINTAGE CREAM,1,Hàng giá khá bán đều,"Kệ giữa dãy theo chủ đề (bếp, quà tặng, trang trí nhà), tầm tay; xoay vòng theo mùa.",2205.57,146,3.593561643835616
23403,LETTER HOLDER HOME SWEET HOME,1,Hàng giá khá bán đều,"Kệ giữa dãy theo chủ đề (bếp, quà tặng, trang trí nhà), tầm tay; xoay vòng theo mùa.",2204.11,134,4.374
22514,CHILDS GARDEN SPADE BLUE,1,Hàng giá khá bán đều,"Kệ giữa dãy theo chủ đề (bếp, quà tặng, trang trí nhà), tầm tay; xoay vòng theo mùa.",2202.92,233,2.351802575107296
85039B,S/4 IVORY MINI ROSE CANDLE IN BOWL,1,Hàng giá khá bán đều,"Kệ giữa dãy theo chủ đề (bếp, quà tặng, trang trí nhà), tầm tay; xoay vòng theo mùa.",2191.96,267,1.669256505576208
23020,GLASS  SONGBIRD STORAGE JAR,1,Hàng giá khá bán đều,"Kệ giữa dãy theo chủ đề (bếp, quà tặng, trang trí nhà), tầm tay; xoay vòng theo mùa.",2191.84,76,12.99592105263158
20770,ABSTRACT CIRCLE JOURNAL ,1,Hàng giá khá bán đều,"Kệ giữa dãy theo chủ đề (bếp, quà tặng, trang trí nhà), tầm tay; xoay vòng theo mùa.",2190.59,201,2.4737623762376235
21611,SET OF 12 LILY BOTANICAL T-LIGHTS,1,Hàng giá khá bán đều,"Kệ giữa dãy theo chủ đề (bếp, quà tặng, trang trí nhà), tầm tay; xoay vòng theo mùa.",2182.19,148,3.1227814569536427
22069,BROWN  PIRATE TREASURE CHEST ,1,Hàng giá khá bán đều,"Kệ giữa dãy theo chủ đề (bếp, quà tặng, trang trí nhà), tầm tay; xoay vòng theo mùa.",2164.6299999999997,267,2.9639405204460965
22182,CAKE STAND VICTORIAN FILIGREE SMALL,1,Hàng giá khá bán đều,"Kệ giữa dãy theo chủ đề (bếp, quà tặng, trang trí nhà), tầm tay; xoay vòng theo mùa.",2156.45,172,4.562325581395349
85103,SILVER T-LIGHT SETTING,1,Hàng giá khá bán đều,"Kệ giữa dãy theo chủ đề (bếp, quà tặng, trang trí nhà), tầm tay; xoay vòng theo mùa.",2153.43,87,7.735057471264368
23031,DRAWER KNOB CRACKLE GLAZE PINK,1,Hàng giá khá bán đều,"Kệ giữa dãy theo chủ đề (bếp, quà tặng, trang trí nhà), tầm tay; xoay vòng theo mùa.",2152.2999999999997,155,1.827290322580645
22677,FRENCH BLUE METAL DOOR SIGN 2,1,Hàng giá khá bán đều,"Kệ giữa dãy theo chủ đề (bếp, quà tặng, trang trí nhà), tầm tay; xoay vòng theo mùa.",2143.03,280,1.6429893238434163
23066,SMALL DECO JEWELLERY STAND,1,Hàng giá khá bán đều,"Kệ giữa dãy theo chủ đề (bếp, quà tặng, trang trí nhà), tầm tay; xoay vòng theo mùa.",2137.81,85,8.921294117647058
21617,4 LILY  BOTANICAL DINNER CANDLES,1,Hàng giá khá bán đều,"Kệ giữa dãy theo chủ đề (bếp, quà tặng, trang trí nhà), tầm tay; xoay vòng theo mùa.",2135.01,169,2.94546511627907
20764,ABSTRACT CIRCLES SKETCHBOOK ,1,Hàng giá khá bán đều,"Kệ giữa dãy theo chủ đề (bếp, quà tặng, trang trí nhà), tầm tay; xoay vòng theo mùa.",2134.76,193,4.1788659793814436
22515,CHILDS GARDEN SPADE PINK,1,Hàng giá khá bán đều,"Kệ giữa dãy theo chủ đề (bếp, quà tặng, trang trí nhà), tầm tay; xoay vòng theo mùa.",2129.7400000000002,208,2.451238095238095
21643,ASSORTED TUTTI FRUTTI MIRROR,1,Hàng giá khá bán đều,"Kệ giữa dãy theo chủ đề (bếp, quà tặng, trang trí nhà), tầm tay; xoay vòng theo mùa.",2127.94,204,1.8602941176470589
21195,PINK  HONEYCOMB PAPER BALL ,1,Hàng giá khá bán đều,"Kệ giữa dãy theo chủ đề (bếp, quà tặng, trang trí nhà), tầm tay; xoay vòng theo mùa.",2122.66,150,2.97841059602649
21359,RELAX LARGE WOOD LETTERS,1,Hàng giá khá bán đều,"Kệ giữa dãy theo chủ đề (bếp, quà tặng, trang trí nhà), tầm tay; xoay vòng theo mùa.",2116.48,73,14.575066666666665
23046,PAPER LANTERN 9 POINT DELUXE STAR,1,Hàng giá khá bán đều,"Kệ giữa dãy theo chủ đề (bếp, quà tặng, trang trí nhà), tầm tay; xoay vòng theo mùa.",2111.4900000000002,36,6.809444444444445
22913,RED COAT RACK PARIS FASHION,1,Hàng giá khá bán đều,"Kệ giữa dãy theo chủ đề (bếp, quà tặng, trang trí nhà), tầm tay; xoay vòng theo mùa.",2107.85,122,5.491229508196722
22279,POCKET BAG BLUE PAISLEY RED SPOT,1,Hàng giá khá bán đều,"Kệ giữa dãy theo chủ đề (bếp, quà tặng, trang trí nhà), tầm tay; xoay vòng theo mùa.",2104.62,214,1.625299539170507
84676,BATH DUCK WATERING CAN,1,Hàng giá khá bán đều,"Kệ giữa dãy theo chủ đề (bếp, quà tặng, trang trí nhà), tầm tay; xoay vòng theo mùa.",2102.46,110,3.1355454545454546
23315,IVORY REFECTORY CLOCK,1,Hàng giá khá bán đều,"Kệ giữa dãy theo chủ đề (bếp, quà tặng, trang trí nhà), tầm tay; xoay vòng theo mùa.",2094.24,86,10.776511627906977
22859,EASTER TIN BUNNY BOUQUET,1,Hàng giá khá bán đều,"Kệ giữa dãy theo chủ đề (bếp, quà tặng, trang trí nhà), tầm tay; xoay vòng theo mùa.",2085.75,165,1.93251497005988
21865,PINK UNION JACK  PASSPORT COVER ,1,Hàng giá khá bán đều,"Kệ giữa dãy theo chủ đề (bếp, quà tặng, trang trí nhà), tầm tay; xoay vòng theo mùa.",2085.6400000000003,297,2.605766666666667
22308,TEA COSY BLUE STRIPE,1,Hàng giá khá bán đều,"Kệ giữa dãy theo chủ đề (bếp, quà tặng, trang trí nhà), tầm tay; xoay vòng theo mùa.",2085.0499999999997,214,3.9256074766355136
79323S, SILVER CHERRY LIGHTS,1,Hàng giá khá bán đều,"Kệ giữa dãy theo chủ đề (bếp, quà tặng, trang trí nhà), tầm tay; xoay vòng theo mùa.",2084.32,56,7.9071428571428575
23152,IVORY SWEETHEART WIRE LETTER RACK ,1,Hàng giá khá bán đều,"Kệ giữa dãy theo chủ đề (bếp, quà tặng, trang trí nhà), tầm tay; xoay vòng theo mùa.",2080.65,159,3.9519374999999997
84854,GIRLY PINK TOOL SET,1,Hàng giá khá bán đều,"Kệ giữa dãy theo chủ đề (bếp, quà tặng, trang trí nhà), tầm tay; xoay vòng theo mùa.",2079.4700000000003,110,6.568198198198199
84797B,BLUE SAVANNAH PICNIC HAMPER FOR 4,1,Hàng giá khá bán đều,"Kệ giữa dãy theo chủ đề (bếp, quà tặng, trang trí nhà), tầm tay; xoay vòng theo mùa.",2077.82,52,10.76923076923077
22695,WICKER WREATH SMALL,1,Hàng giá khá bán đều,"Kệ giữa dãy theo chủ đề (bếp, quà tặng, trang trí nhà), tầm tay; xoay vòng theo mùa.",2070.15,225,1.709304347826087
21619,4 VANILLA BOTANICAL CANDLES,1,Hàng giá khá bán đều,"Kệ giữa dãy theo chủ đề (bếp, quà tặng, trang trí nhà), tầm tay; xoay vòng theo mùa.",2069.02,212,2.4028169014084506
22935,BAKING MOULD ROSE MILK CHOCOLATE,1,Hàng giá khá bán đều,"Kệ giữa dãy theo chủ đề (bếp, quà tặng, trang trí nhà), tầm tay; xoay vòng theo mùa.",2066.82,65,3.8047692307692307
84509G,SET OF 4 FAIRY CAKE PLACEMATS ,1,Hàng giá khá bán đều,"Kệ giữa dãy theo chủ đề (bếp, quà tặng, trang trí nhà), tầm tay; xoay vòng theo mùa.",2060.37,161,3.819254658385093
84459A,PINK METAL CHICKEN HEART ,1,Hàng giá khá bán đều,"Kệ giữa dãy theo chủ đề (bếp, quà tặng, trang trí nhà), tầm tay; xoay vòng theo mùa.",2041.69,201,2.3394117647058823
22928,YELLOW GIANT GARDEN THERMOMETER,1,Hàng giá khá bán đều,"Kệ giữa dãy theo chủ đề (bếp, quà tặng, trang trí nhà), tầm tay; xoay vòng theo mùa.",2041.3500000000001,118,7.738050847457627
22201,FRYING PAN BLUE POLKADOT,1,Hàng giá khá bán đều,"Kệ giữa dãy theo chủ đề (bếp, quà tặng, trang trí nhà), tầm tay; xoay vòng theo mùa.",2034.4,166,4.553674698795181
22832,BROCANTE SHELF WITH HOOKS,1,Hàng giá khá bán đều,"Kệ giữa dãy theo chủ đề (bếp, quà tặng, trang trí nhà), tầm tay; xoay vòng theo mùa.",2033.15,85,11.564117647058824
23490,T-LIGHT HOLDER HANGING LOVE BIRD,1,Hàng giá khá bán đều,"Kệ giữa dãy theo chủ đề (bếp, quà tặng, trang trí nhà), tầm tay; xoay vòng theo mùa.",2032.77,101,3.961287128712871
21348,PINK SPOTS CHOCOLATE NESTING BOXES ,1,Hàng giá khá bán đều,"Kệ giữa dãy theo chủ đề (bếp, quà tặng, trang trí nhà), tầm tay; xoay vòng theo mùa.",2030.8400000000001,133,3.147611940298508
47591C,BLUE FAIRY CAKE CHILD'S APRON,1,Hàng giá khá bán đều,"Kệ giữa dãy theo chủ đề (bếp, quà tặng, trang trí nhà), tầm tay; xoay vòng theo mùa.",2029.27,162,2.130679012345679
21612,SET 12 WILDFLOWER BOTANICAL T-LIGHT,1,Hàng giá khá bán đều,"Kệ giữa dãy theo chủ đề (bếp, quà tặng, trang trí nhà), tầm tay; xoay vòng theo mùa.",2025.7700000000002,113,3.2462280701754387
22211,WOOD STAMP SET FLOWERS,1,Hàng giá khá bán đều,"Kệ giữa dãy theo chủ đề (bếp, quà tặng, trang trí nhà), tầm tay; xoay vòng theo mùa.",2022.35,291,1.5166329966329966
22799,SWEETHEART WIRE FRUIT BOWL,1,Hàng giá khá bán đều,"Kệ giữa dãy theo chủ đề (bếp, quà tặng, trang trí nhà), tầm tay; xoay vòng theo mùa.",2020.84,108,8.828148148148149
21356,TOAST ITS - FAIRY FLOWER,1,Hàng giá khá bán đều,"Kệ giữa dãy theo chủ đề (bếp, quà tặng, trang trí nhà), tầm tay; xoay vòng theo mùa.",2014.1599999999999,349,1.497909604519774
37476,CONDIMENT TRAY 4 BOWLS AND 4 SPOONS,1,Hàng giá khá bán đều,"Kệ giữa dãy theo chủ đề (bếp, quà tặng, trang trí nhà), tầm tay; xoay vòng theo mùa.",2010.6000000000001,77,11.156538461538462
23358,HOT STUFF HOT WATER BOTTLE,1,Hàng giá khá bán đều,"Kệ giữa dãy theo chủ đề (bếp, quà tặng, trang trí nhà), tầm tay; xoay vòng theo mùa.",2008.38,89,4.198539325842697
79323G,GOLD  CHERRY LIGHTS,1,Hàng giá khá bán đều,"Kệ giữa dãy theo chủ đề (bếp, quà tặng, trang trí nhà), tầm tay; xoay vòng theo mùa.",2007.88,61,7.712295081967213
23274,STAR T-LIGHT HOLDER WILLIE WINKIE,1,Hàng giá khá bán đều,"Kệ giữa dãy theo chủ đề (bếp, quà tặng, trang trí nhà), tầm tay; xoay vòng theo mùa.",2004.9999999999998,119,2.0156666666666667
20686,DOLLY MIXTURE CHILDREN'S UMBRELLA,1,Hàng giá khá bán đều,"Kệ giữa dãy theo chủ đề (bếp, quà tặng, trang trí nhà), tầm tay; xoay vòng theo mùa.",2002.84,186,3.713978494623656
22496,SET OF 2 ROUND TINS DUTCH CHEESE,1,Hàng giá khá bán đều,"Kệ giữa dãy theo chủ đề (bếp, quà tặng, trang trí nhà), tầm tay; xoay vòng theo mùa.",1996.0900000000001,193,3.1207216494845365
20703,BLUE PADDED SOFT MOBILE,1,Hàng giá khá bán đều,"Kệ giữa dãy theo chủ đề (bếp, quà tặng, trang trí nhà), tầm tay; xoay vòng theo mùa.",1993.47,169,4.2601775147928995
22405,MONEY BOX POCKET MONEY DESIGN,1,Hàng giá khá bán đều,"Kệ giữa dãy theo chủ đề (bếp, quà tặng, trang trí nhà), tầm tay; xoay vòng theo mùa.",1993.38,217,1.3497737556561087
22719,GUMBALL MONOCHROME COAT RACK,1,Hàng giá khá bán đều,"Kệ giữa dãy theo chủ đề (bếp, quà tặng, trang trí nhà), tầm tay; xoay vòng theo mùa.",1987.83,235,1.880924369747899
22559,SEASIDE FLYING DISC,1,Hàng giá khá bán đều,"Kệ giữa dãy theo chủ đề (bếp, quà tặng, trang trí nhà), tầm tay; xoay vòng theo mùa.",1986.8700000000001,202,1.5008823529411766
23357,HOT WATER BOTTLE SEX BOMB,1,Hàng giá khá bán đều,"Kệ giữa dãy theo chủ đề (bếp, quà tặng, trang trí nhà), tầm tay; xoay vòng theo mùa.",1982.0500000000002,102,5.005242718446602
22068,BLACK PIRATE TREASURE CHEST,1,Hàng giá khá bán đều,"Kệ giữa dãy theo chủ đề (bếp, quà tặng, trang trí nhà), tầm tay; xoay vòng theo mùa.",1979.82,276,2.2503597122302157
22204,MILK PAN BLUE POLKADOT,1,Hàng giá khá bán đều,"Kệ giữa dãy theo chủ đề (bếp, quà tặng, trang trí nhà), tầm tay; xoay vòng theo mùa.",1974.29,169,4.206882352941176
79160,HEART SHAPE WIRELESS DOORBELL,1,Hàng giá khá bán đều,"Kệ giữa dãy theo chủ đề (bếp, quà tặng, trang trí nhà), tầm tay; xoay vòng theo mùa.",1973.0700000000002,210,2.515767441860465
21657,MILK BOTTLE WITH GLASS STOPPER ,1,Hàng giá khá bán đều,"Kệ giữa dãy theo chủ đề (bếp, quà tặng, trang trí nhà), tầm tay; xoay vòng theo mùa.",1967.38,118,8.511949152542373
23068,ALUMINIUM STAMPED HEART,1,Hàng giá khá bán đều,"Kệ giữa dãy theo chủ đề (bếp, quà tặng, trang trí nhà), tầm tay; xoay vòng theo mùa.",1966.93,136,2.5855072463768116
22931,BAKING MOULD HEART WHITE CHOCOLATE,1,Hàng giá khá bán đều,"Kệ giữa dãy theo chủ đề (bếp, quà tặng, trang trí nhà), tầm tay; xoay vòng theo mùa.",1963.3,129,2.8299999999999996
21629,SQUARE FLOOR CUSHION VINTAGE RED,1,Hàng giá khá bán đều,"Kệ giữa dãy theo chủ đề (bếp, quà tặng, trang trí nhà), tầm tay; xoay vòng theo mùa.",1961.37,105,11.973333333333334
23075,PARLOUR CERAMIC WALL HOOK,1,Hàng giá khá bán đều,"Kệ giữa dãy theo chủ đề (bếp, quà tặng, trang trí nhà), tầm tay; xoay vòng theo mùa.",1960.3000000000002,80,4.248500000000001
20846,ZINC HEART LATTICE T-LIGHT HOLDER,1,Hàng giá khá bán đều,"Kệ giữa dãy theo chủ đề (bếp, quà tặng, trang trí nhà), tầm tay; xoay vòng theo mùa.",1956.81,169,1.5538728323699422
21695,SMALL SILVER FLOWER CANDLE POT,1,Hàng giá khá bán đều,"Kệ giữa dãy theo chủ đề (bếp, quà tặng, trang trí nhà), tầm tay; xoay vòng theo mùa.",1952.1800000000003,102,3.627549019607843
23235,STORAGE TIN VINTAGE LEAF,1,Hàng giá khá bán đều,"Kệ giữa dãy theo chủ đề (bếp, quà tặng, trang trí nhà), tầm tay; xoay vòng theo mùa.",1950.66,105,2.9825714285714287
46775D,SUNSET COLOUR CHUNKY KNITTED THROW,1,Hàng giá khá bán đều,"Kệ giữa dãy theo chủ đề (bếp, quà tặng, trang trí nhà), tầm tay; xoay vòng theo mùa.",1938.1899999999998,95,12.674
22802,FAUX FUR CHOCOLATE THROW,1,Hàng giá khá bán đều,"Kệ giữa dãy theo chủ đề (bếp, quà tặng, trang trí nhà), tầm tay; xoay vòng theo mùa.",1933.59,62,18.994032258064514
21991,BOHEMIAN COLLAGE STATIONERY SET,1,Hàng giá khá bán đều,"Kệ giữa dãy theo chủ đề (bếp, quà tặng, trang trí nhà), tầm tay; xoay vòng theo mùa.",1927.54,289,2.241917808219178
20716,PARTY FOOD SHOPPER BAG,1,Hàng giá khá bán đều,"Kệ giữa dãy theo chủ đề (bếp, quà tặng, trang trí nhà), tầm tay; xoay vòng theo mùa.",1925.04,246,1.4443373493975904
23094,LE GRAND TRAY CHIC SET,1,Hàng giá khá bán đều,"Kệ giữa dãy theo chủ đề (bếp, quà tặng, trang trí nhà), tầm tay; xoay vòng theo mùa.",1924.92,79,12.815443037974683
21043,APRON MODERN VINTAGE COTTON,1,Hàng giá khá bán đều,"Kệ giữa dãy theo chủ đề (bếp, quà tặng, trang trí nhà), tầm tay; xoay vòng theo mùa.",1921.03,141,4.285602836879432
84581,DOG TOY WITH PINK CROCHET SKIRT,1,Hàng giá khá bán đều,"Kệ giữa dãy theo chủ đề (bếp, quà tặng, trang trí nhà), tầm tay; xoay vòng theo mùa.",1920.02,234,3.8482627118644066
22438,BALLOON ART MAKE YOUR OWN FLOWERS,1,Hàng giá khá bán đều,"Kệ giữa dãy theo chủ đề (bếp, quà tặng, trang trí nhà), tầm tay; xoay vòng theo mùa.",1913.22,170,1.9240112994350282
85232A,SET/3 POLKA DOT STACKING TINS,1,Hàng giá khá bán đều,"Kệ giữa dãy theo chủ đề (bếp, quà tặng, trang trí nhà), tầm tay; xoay vòng theo mùa.",1910.22,140,5.490921985815603
20684,STRAWBERRY DREAM CHILDS UMBRELLA,1,Hàng giá khá bán đều,"Kệ giữa dãy theo chủ đề (bếp, quà tặng, trang trí nhà), tầm tay; xoay vòng theo mùa.",1910.06,176,3.5827683615819206
21692,SILVER LATTICE VANILLA CANDLE POT,1,Hàng giá khá bán đều,"Kệ giữa dãy theo chủ đề (bếp, quà tặng, trang trí nhà), tầm tay; xoay vòng theo mùa.",1906.62,111,4.022333333333333
84763,ZINC FINISH 15CM PLANTER POTS,1,Hàng giá khá bán đều,"Kệ giữa dãy theo chủ đề (bếp, quà tặng, trang trí nhà), tầm tay; xoay vòng theo mùa.",1903.0,170,1.4076608187134503
21773,DECORATIVE ROSE BATHROOM BOTTLE,1,Hàng giá khá bán đều,"Kệ giữa dãy theo chủ đề (bếp, quà tặng, trang trí nhà), tầm tay; xoay vòng theo mùa.",1899.4,308,1.9163870967741934
21647,ASSORTED TUTTI FRUTTI LARGE PURSE,1,Hàng giá khá bán đều,"Kệ giữa dãy theo chủ đề (bếp, quà tặng, trang trí nhà), tầm tay; xoay vòng theo mùa.",1899.2800000000002,144,2.5659459459459457
22210,WOOD STAMP SET BEST WISHES,1,Hàng giá khá bán đều,"Kệ giữa dãy theo chủ đề (bếp, quà tặng, trang trí nhà), tầm tay; xoay vòng theo mùa.",1898.4199999999998,287,1.3789491525423727
23491,VINTAGE JINGLE BELLS HEART,1,Hàng giá khá bán đều,"Kệ giữa dãy theo chủ đề (bếp, quà tặng, trang trí nhà), tầm tay; xoay vòng theo mùa.",1897.76,78,8.462151898734177
84519B,CARROT CHARLIE+LOLA COASTER SET,1,Hàng giá khá bán đều,"Kệ giữa dãy theo chủ đề (bếp, quà tặng, trang trí nhà), tầm tay; xoay vòng theo mùa.",1895.3700000000001,214,2.900372093023256
22513,DOORSTOP FOOTBALL DESIGN,1,Hàng giá khá bán đều,"Kệ giữa dãy theo chủ đề (bếp, quà tặng, trang trí nhà), tầm tay; xoay vòng theo mùa.",1894.7,170,4.337426900584796
21659,GLASS CAKE STAND,1,Hàng giá khá bán đều,"Kệ giữa dãy theo chủ đề (bếp, quà tặng, trang trí nhà), tầm tay; xoay vòng theo mùa.",1891.7,66,17.163636363636364
21581,SKULLS  DESIGN  COTTON TOTE BAG,1,Hàng giá khá bán đều,"Kệ giữa dãy theo chủ đề (bếp, quà tặng, trang trí nhà), tầm tay; xoay vòng theo mùa.",1890.74,203,2.6458333333333335
23394,POSTE FRANCE CUSHION COVER,1,Hàng giá khá bán đều,"Kệ giữa dãy theo chủ đề (bếp, quà tặng, trang trí nhà), tầm tay; xoay vòng theo mùa.",1877.65,150,4.954210526315789
22858,EASTER TIN KEEPSAKE,1,Hàng giá khá bán đều,"Kệ giữa dãy theo chủ đề (bếp, quà tặng, trang trí nhà), tầm tay; xoay vòng theo mùa.",1877.34,139,1.9493571428571426
22678,FRENCH BLUE METAL DOOR SIGN 3,1,Hàng giá khá bán đều,"Kệ giữa dãy theo chủ đề (bếp, quà tặng, trang trí nhà), tầm tay; xoay vòng theo mùa.",1875.53,248,1.6131451612903225
85039A,SET/4 RED MINI ROSE CANDLE IN BOWL,1,Hàng giá khá bán đều,"Kệ giữa dãy theo chủ đề (bếp, quà tặng, trang trí nhà), tầm tay; xoay vòng theo mùa.",1873.82,295,1.8868813559322033
21687,SILVER PLATE CANDLE BOWL LARGE,1,Hàng giá khá bán đều,"Kệ giữa dãy theo chủ đề (bếp, quà tặng, trang trí nhà), tầm tay; xoay vòng theo mùa.",1871.23,101,4.647358490566038
21613,S/12 VANILLA  BOTANICAL T-LIGHTS,1,Hàng giá khá bán đều,"Kệ giữa dãy theo chủ đề (bếp, quà tặng, trang trí nhà), tầm tay; xoay vòng theo mùa.",1861.4500000000003,145,3.078445945945946
21841,BABY MOUSE RED GINGHAM DRESS,1,Hàng giá khá bán đều,"Kệ giữa dãy theo chủ đề (bếp, quà tặng, trang trí nhà), tầm tay; xoay vòng theo mùa.",1857.47,132,4.4216417910447765
22686,FRENCH BLUE METAL DOOR SIGN No,1,Hàng giá khá bán đều,"Kệ giữa dãy theo chủ đề (bếp, quà tặng, trang trí nhà), tầm tay; xoay vòng theo mùa.",1857.39,221,1.8236199095022623
85164B,BLACK BAROQUE CUCKOO CLOCK,1,Hàng giá khá bán đều,"Kệ giữa dãy theo chủ đề (bếp, quà tặng, trang trí nhà), tầm tay; xoay vòng theo mùa.",1851.22,66,16.973484848484848
20772,GARDEN PATH JOURNAL,1,Hàng giá khá bán đều,"Kệ giữa dãy theo chủ đề (bếp, quà tặng, trang trí nhà), tầm tay; xoay vòng theo mùa.",1848.73,161,2.5111111111111106
21547,CERAMIC BIRDHOUSE CRESTED TIT SMALL,1,Hàng giá khá bán đều,"Kệ giữa dãy theo chủ đề (bếp, quà tặng, trang trí nhà), tầm tay; xoay vòng theo mùa.",1848.4700000000003,119,3.5872727272727274
85185B,PINK HORSE SOCK PUPPET,1,Hàng giá khá bán đều,"Kệ giữa dãy theo chủ đề (bếp, quà tặng, trang trí nhà), tầm tay; xoay vòng theo mùa.",1843.4600000000003,182,3.4710215053763442
21894,POTTING SHED SEED ENVELOPES,1,Hàng giá khá bán đều,"Kệ giữa dãy theo chủ đề (bếp, quà tặng, trang trí nhà), tầm tay; xoay vòng theo mùa.",1836.14,247,1.7396787148594377
21357,TOAST ITS - DINOSAUR,1,Hàng giá khá bán đều,"Kệ giữa dãy theo chủ đề (bếp, quà tặng, trang trí nhà), tầm tay; xoay vòng theo mùa.",1827.76,211,1.5208796296296296
22317,FIVE CATS HANGING DECORATION,1,Hàng giá khá bán đều,"Kệ giữa dãy theo chủ đề (bếp, quà tặng, trang trí nhà), tầm tay; xoay vòng theo mùa.",1827.64,167,3.675357142857143
85173,SET/6 FROG PRINCE T-LIGHT CANDLES,1,Hàng giá khá bán đều,"Kệ giữa dãy theo chủ đề (bếp, quà tặng, trang trí nhà), tầm tay; xoay vòng theo mùa.",1826.07,150,2.905894039735099
21618,4 WILDFLOWER BOTANICAL CANDLES,1,Hàng giá khá bán đều,"Kệ giữa dãy theo chủ đề (bếp, quà tặng, trang trí nhà), tầm tay; xoay vòng theo mùa.",1823.74,139,2.9126027397260277
22680,FRENCH BLUE METAL DOOR SIGN 5,1,Hàng giá khá bán đều,"Kệ giữa dãy theo chủ đề (bếp, quà tặng, trang trí nhà), tầm tay; xoay vòng theo mùa.",1820.45,230,1.589094827586207
84327A,PINK JUMPER LARRY THE LAMB,1,Hàng giá khá bán đều,"Kệ giữa dãy theo chủ đề (bếp, quà tặng, trang trí nhà), tầm tay; xoay vòng theo mùa.",1820.2700000000002,123,2.0976422764227642
21391,FRENCH LAVENDER SCENT HEART,1,Hàng giá khá bán đều,"Kệ giữa dãy theo chủ đề (bếp, quà tặng, trang trí nhà), tầm tay; xoay vòng theo mùa.",1811.89,175,1.8737078651685393
22307,GOLD MUG BONE CHINA TREE OF LIFE,1,Hàng giá khá bán đều,"Kệ giữa dãy theo chủ đề (bếp, quà tặng, trang trí nhà), tầm tay; xoay vòng theo mùa.",1804.11,118,2.3484873949579828
22770,MIRROR CORNICE,1,Hàng giá khá bán đều,"Kệ giữa dãy theo chủ đề (bếp, quà tặng, trang trí nhà), tầm tay; xoay vòng theo mùa.",1799.62,71,16.329718309859153
79302M,"ART LIGHTS,FUNK MONKEY",1,Hàng giá khá bán đều,"Kệ giữa dãy theo chủ đề (bếp, quà tặng, trang trí nhà), tầm tay; xoay vòng theo mùa.",1797.95,111,3.778482142857143
22324,BLUE POLKADOT KIDS BAG,1,Hàng giá khá bán đều,"Kệ giữa dãy theo chủ đề (bếp, quà tặng, trang trí nhà), tầm tay; xoay vòng theo mùa.",1797.06,152,3.3223529411764705
21529,RETRO SPOT CERAMIC TOASTRACK,1,Hàng giá khá bán đều,"Kệ giữa dãy theo chủ đề (bếp, quà tặng, trang trí nhà), tầm tay; xoay vòng theo mùa.",1790.44,152,4.022302631578947
23317,BLUE REFECTORY CLOCK ,1,Hàng giá khá bán đều,"Kệ giữa dãy theo chủ đề (bếp, quà tặng, trang trí nhà), tầm tay; xoay vòng theo mùa.",1777.46,82,11.226951219512195
21548,CERAMIC BIRDHOUSE FINCH BLUE ROOF,1,Hàng giá khá bán đều,"Kệ giữa dãy theo chủ đề (bếp, quà tặng, trang trí nhà), tầm tay; xoay vòng theo mùa.",1776.1200000000001,107,3.7270370370370376
22209,WOOD STAMP SET HAPPY BIRTHDAY,1,Hàng giá khá bán đều,"Kệ giữa dãy theo chủ đề (bếp, quà tặng, trang trí nhà), tầm tay; xoay vòng theo mùa.",1753.9399999999998,257,1.4162934362934363
22446,PIN CUSHION BABUSHKA PINK,1,Hàng giá khá bán đều,"Kệ giữa dãy theo chủ đề (bếp, quà tặng, trang trí nhà), tầm tay; xoay vòng theo mùa.",1751.93,186,3.052328042328042
21205,MULTICOLOUR 3D BALLS GARLAND,1,Hàng giá khá bán đều,"Kệ giữa dãy theo chủ đề (bếp, quà tặng, trang trí nhà), tầm tay; xoay vòng theo mùa.",1746.97,144,2.9221476510067115
23399,HOME SWEET HOME HANGING HEART,1,Hàng giá khá bán đều,"Kệ giữa dãy theo chủ đề (bếp, quà tặng, trang trí nhà), tầm tay; xoay vòng theo mùa.",1745.55,225,1.1070085470085471
21000,ROSE DU SUD COSMETICS BAG,1,Hàng giá khá bán đều,"Kệ giữa dãy theo chủ đề (bếp, quà tặng, trang trí nhà), tầm tay; xoay vòng theo mùa.",1744.98,94,3.76
20767,BLUE PAISLEY JOURNAL ,1,Hàng giá khá bán đều,"Kệ giữa dãy theo chủ đề (bếp, quà tặng, trang trí nhà), tầm tay; xoay vòng theo mùa.",1741.61,179,2.6804469273743012
23096,PETIT TRAY CHIC,1,Hàng giá khá bán đều,"Kệ giữa dãy theo chủ đề (bếp, quà tặng, trang trí nhà), tầm tay; xoay vòng theo mùa.",1736.6899999999998,146,2.027808219178082
21662,VINTAGE GLASS COFFEE CADDY,1,Hàng giá khá bán đều,"Kệ giữa dãy theo chủ đề (bếp, quà tặng, trang trí nhà), tầm tay; xoay vòng theo mùa.",1735.0500000000002,106,7.421028037383177
23244,ROUND STORAGE TIN VINTAGE LEAF,1,Hàng giá khá bán đều,"Kệ giữa dãy theo chủ đề (bếp, quà tặng, trang trí nhà), tầm tay; xoay vòng theo mùa.",1733.9799999999998,112,2.089642857142857
23181,BULL DOG BOTTLE TOP WALL CLOCK,1,Hàng giá khá bán đều,"Kệ giữa dãy theo chủ đề (bếp, quà tặng, trang trí nhà), tầm tay; xoay vòng theo mùa.",1733.57,82,9.421463414634145
84843,WHITE SOAP RACK WITH 2 BOTTLES,1,Hàng giá khá bán đều,"Kệ giữa dãy theo chủ đề (bếp, quà tặng, trang trí nhà), tầm tay; xoay vòng theo mùa.",1731.06,110,7.07972972972973
47591B,SCOTTIES CHILDRENS APRON,1,Hàng giá khá bán đều,"Kệ giữa dãy theo chủ đề (bếp, quà tặng, trang trí nhà), tầm tay; xoay vòng theo mùa.",1729.6499999999999,285,1.704965034965035
21927,BLUE/CREAM STRIPE CUSHION COVER ,1,Hàng giá khá bán đều,"Kệ giữa dãy theo chủ đề (bếp, quà tặng, trang trí nhà), tầm tay; xoay vòng theo mùa.",1728.24,192,1.6878238341968912
21895,POTTING SHED SOW 'N' GROW SET,1,Hàng giá khá bán đều,"Kệ giữa dãy theo chủ đề (bếp, quà tặng, trang trí nhà), tầm tay; xoay vòng theo mùa.",1718.63,85,4.853139534883721
21275,ZINC TOP  2 DOOR WOODEN SHELF ,1,Hàng giá khá bán đều,"Kệ giữa dãy theo chủ đề (bếp, quà tặng, trang trí nhà), tầm tay; xoay vòng theo mùa.",1714.48,55,14.021454545454544
85127,SMALL SQUARE CUT GLASS CANDLESTICK,1,Hàng giá khá bán đều,"Kệ giữa dãy theo chủ đề (bếp, quà tặng, trang trí nhà), tầm tay; xoay vòng theo mùa.",1710.67,81,6.974634146341464
35809A,ENAMEL PINK TEA CONTAINER,1,Hàng giá khá bán đều,"Kệ giữa dãy theo chủ đề (bếp, quà tặng, trang trí nhà), tầm tay; xoay vòng theo mùa.",1708.32,187,2.5698404255319147
22934,BAKING MOULD EASTER EGG WHITE CHOC,1,Hàng giá khá bán đều,"Kệ giữa dãy theo chủ đề (bếp, quà tặng, trang trí nhà), tầm tay; xoay vòng theo mùa.",1707.47,78,3.2253846153846157
23073,GEORGIAN TRINKET BOX,1,Hàng giá khá bán đều,"Kệ giữa dãy theo chủ đề (bếp, quà tặng, trang trí nhà), tầm tay; xoay vòng theo mùa.",1706.5,61,12.411475409836067
20990,SPRING FLOWER CHOPSTICKS SET/5,1,Hàng giá khá bán đều,"Kệ giữa dãy theo chủ đề (bếp, quà tặng, trang trí nhà), tầm tay; xoay vòng theo mùa.",1706.1399999999999,103,2.2476415094339623
22516,CHILDS GARDEN RAKE BLUE,1,Hàng giá khá bán đều,"Kệ giữa dãy theo chủ đề (bếp, quà tặng, trang trí nhà), tầm tay; xoay vòng theo mùa.",1700.6000000000001,162,2.4978048780487803
22123,PING MICROWAVE APRON,1,Hàng giá khá bán đều,"Kệ giữa dãy theo chủ đề (bếp, quà tặng, trang trí nhà), tầm tay; xoay vòng theo mùa.",1700.1399999999999,166,3.7334730538922156
21189,WHITE HONEYCOMB PAPER GARLAND ,1,Hàng giá khá bán đều,"Kệ giữa dãy theo chủ đề (bếp, quà tặng, trang trí nhà), tầm tay; xoay vòng theo mùa.",1698.8799999999999,123,2.4475000000000002
84795A,PASTEL STRIPE HAMMOCK ,1,Hàng giá khá bán đều,"Kệ giữa dãy theo chủ đề (bếp, quà tặng, trang trí nhà), tầm tay; xoay vòng theo mùa.",1696.02,70,9.646056338028169
22679,FRENCH BLUE METAL DOOR SIGN 4,1,Hàng giá khá bán đều,"Kệ giữa dãy theo chủ đề (bếp, quà tặng, trang trí nhà), tầm tay; xoay vòng theo mùa.",1695.68,230,1.6347826086956523
23214,JINGLE BELL HEART ANTIQUE GOLD,1,Hàng giá khá bán đều,"Kệ giữa dãy theo chủ đề (bếp, quà tặng, trang trí nhà), tầm tay; xoay vòng theo mùa.",1695.04,103,2.3925961538461538
21576,LETS GO SHOPPING COTTON TOTE BAG,1,Hàng giá khá bán đều,"Kệ giữa dãy theo chủ đề (bếp, quà tặng, trang trí nhà), tầm tay; xoay vòng theo mùa.",1686.19,205,2.513381642512077
70007,HI TEC ALPINE HAND WARMER,1,Hàng giá khá bán đều,"Kệ giữa dãy theo chủ đề (bếp, quà tặng, trang trí nhà), tầm tay; xoay vòng theo mùa.",1684.58,205,2.123381642512077
21251,DINOSAUR HEIGHT CHART STICKER SET,1,Hàng giá khá bán đều,"Kệ giữa dãy theo chủ đề (bếp, quà tặng, trang trí nhà), tầm tay; xoay vòng theo mùa.",1683.93,132,3.519545454545455
22323,PINK POLKADOT KIDS BAG,1,Hàng giá khá bán đều,"Kệ giữa dãy theo chủ đề (bếp, quà tặng, trang trí nhà), tầm tay; xoay vòng theo mùa.",1683.31,116,3.1910256410256412
22975,SPACEBOY CHILDRENS EGG CUP,1,Hàng giá khá bán đều,"Kệ giữa dãy theo chủ đề (bếp, quà tặng, trang trí nhà), tầm tay; xoay vòng theo mùa.",1679.66,193,1.5469743589743588
72817,SET OF 2 CHRISTMAS DECOUPAGE CANDLE,1,Hàng giá khá bán đều,"Kệ giữa dãy theo chủ đề (bếp, quà tặng, trang trí nhà), tầm tay; xoay vòng theo mùa.",1671.28,214,1.2844907407407407
21446,12 RED ROSE PEG PLACE SETTINGS,1,Hàng giá khá bán đều,"Kệ giữa dãy theo chủ đề (bếp, quà tặng, trang trí nhà), tầm tay; xoay vòng theo mùa.",1669.83,232,1.4849166666666667
22673,FRENCH GARDEN SIGN BLUE METAL,1,Hàng giá khá bán đều,"Kệ giữa dãy theo chủ đề (bếp, quà tặng, trang trí nhà), tầm tay; xoay vòng theo mùa.",1667.5,195,1.4474999999999998
22410,MONEY BOX HOUSEKEEPING DESIGN,1,Hàng giá khá bán đều,"Kệ giữa dãy theo chủ đề (bếp, quà tặng, trang trí nhà), tầm tay; xoay vòng theo mùa.",1667.46,198,1.393080808080808
21382,SET/4 SPRING FLOWER DECORATION,1,Hàng giá khá bán đều,"Kệ giữa dãy theo chủ đề (bếp, quà tặng, trang trí nhà), tầm tay; xoay vòng theo mùa.",1665.66,152,2.2237254901960783
21633,SUNFLOWER DECORATIVE PARASOL,1,Hàng giá khá bán đều,"Kệ giữa dãy theo chủ đề (bếp, quà tặng, trang trí nhà), tầm tay; xoay vòng theo mùa.",1663.11,72,13.04888888888889
23273,HEART T-LIGHT HOLDER WILLIE WINKIE,1,Hàng giá khá bán đều,"Kệ giữa dãy theo chủ đề (bếp, quà tặng, trang trí nhà), tầm tay; xoay vòng theo mùa.",1649.0499999999997,112,1.8786725663716815
21332,MOROCCAN BEATEN METAL MIRROR,1,Hàng giá khá bán đều,"Kệ giữa dãy theo chủ đề (bếp, quà tặng, trang trí nhà), tầm tay; xoay vòng theo mùa.",1644.17,50,11.9834
21645,ASSORTED TUTTI FRUTTI ROUND BOX,1,Hàng giá khá bán đều,"Kệ giữa dãy theo chủ đề (bếp, quà tặng, trang trí nhà), tầm tay; xoay vòng theo mùa.",1642.6499999999999,133,1.844148148148148
21448,12 DAISY PEGS IN WOOD BOX,1,Hàng giá khá bán đều,"Kệ giữa dãy theo chủ đề (bếp, quà tặng, trang trí nhà), tầm tay; xoay vòng theo mùa.",1640.1699999999998,211,1.8780465116279068
21545,CERAMIC BIRDHOUSE BUTTERFLY SMALL,1,Hàng giá khá bán đều,"Kệ giữa dãy theo chủ đề (bếp, quà tặng, trang trí nhà), tầm tay; xoay vòng theo mùa.",1640.1200000000001,82,3.555542168674699
85180A,RED HEARTS LIGHT CHAIN ,1,Hàng giá khá bán đều,"Kệ giữa dãy theo chủ đề (bếp, quà tặng, trang trí nhà), tầm tay; xoay vòng theo mùa.",1636.42,99,3.9513
23348,CHILDRENS TOY COOKING UTENSIL SET,1,Hàng giá khá bán đều,"Kệ giữa dãy theo chủ đề (bếp, quà tặng, trang trí nhà), tầm tay; xoay vòng theo mùa.",1633.81,168,2.5796470588235296
35241,ENAMEL BLUE RIM BISCUIT BIN,1,Hàng giá khá bán đều,"Kệ giữa dãy theo chủ đề (bếp, quà tặng, trang trí nhà), tầm tay; xoay vòng theo mùa.",1631.42,130,6.062538461538462
21283,NATURAL BARK CANDLE SMALL,1,Hàng giá khá bán đều,"Kệ giữa dãy theo chủ đề (bếp, quà tặng, trang trí nhà), tầm tay; xoay vòng theo mùa.",1629.2,81,3.6758536585365857
85036C,ROSE 1 WICK MORRIS BOXED CANDLE,1,Hàng giá khá bán đều,"Kệ giữa dãy theo chủ đề (bếp, quà tặng, trang trí nhà), tầm tay; xoay vòng theo mùa.",1629.02,128,3.032748091603054
23391, I LOVE LONDON MINI BACKPACK,1,Hàng giá khá bán đều,"Kệ giữa dãy theo chủ đề (bếp, quà tặng, trang trí nhà), tầm tay; xoay vòng theo mùa.",1628.17,87,4.611363636363636
48195,DOOR MAT GREEN PAISLEY ,1,Hàng giá khá bán đều,"Kệ giữa dãy theo chủ đề (bếp, quà tặng, trang trí nhà), tầm tay; xoay vòng theo mùa.",1627.99,87,8.18344827586207
21793,CLASSIC FRENCH STYLE BASKET BROWN,1,Hàng giá khá bán đều,"Kệ giữa dãy theo chủ đề (bếp, quà tặng, trang trí nhà), tầm tay; xoay vòng theo mùa.",1627.3600000000001,102,5.173203883495146
21286,RETROSPOT CANDLE  LARGE,1,Hàng giá khá bán đều,"Kệ giữa dãy theo chủ đề (bếp, quà tặng, trang trí nhà), tầm tay; xoay vòng theo mùa.",1623.01,101,2.9126732673267326
21837,CROSS STITCH ALPHABET CUSHION COVER,1,Hàng giá khá bán đều,"Kệ giữa dãy theo chủ đề (bếp, quà tặng, trang trí nhà), tầm tay; xoay vòng theo mùa.",1622.64,91,7.640989010989012
84919,BLUE CUSHION COVER WITH FLOWER,1,Hàng giá khá bán đều,"Kệ giữa dãy theo chủ đề (bếp, quà tặng, trang trí nhà), tầm tay; xoay vòng theo mùa.",1619.84,43,6.965581395348837
21157,RED SPOTTY WASHBAG,1,Hàng giá khá bán đều,"Kệ giữa dãy theo chủ đề (bếp, quà tặng, trang trí nhà), tầm tay; xoay vòng theo mùa.",1616.95,176,2.8962146892655367
21656,RIDGED GLASS POSY VASE ,1,Hàng giá khá bán đều,"Kệ giữa dãy theo chủ đề (bếp, quà tặng, trang trí nhà), tầm tay; xoay vòng theo mùa.",1614.54,140,2.0507142857142853
35810A,ENAMEL PINK COFFEE CONTAINER,1,Hàng giá khá bán đều,"Kệ giữa dãy theo chủ đề (bếp, quà tặng, trang trí nhà), tầm tay; xoay vòng theo mùa.",1604.74,171,2.3456976744186044
82615,PINK MARSHMALLOW SCARF KNITTING KIT,1,Hàng giá khá bán đều,"Kệ giữa dãy theo chủ đề (bếp, quà tặng, trang trí nhà), tầm tay; xoay vòng theo mùa.",1603.97,90,3.277444444444445
20802,SMALL GLASS SUNDAE DISH CLEAR,1,Hàng giá khá bán đều,"Kệ giữa dãy theo chủ đề (bếp, quà tặng, trang trí nhà), tầm tay; xoay vòng theo mùa.",1596.81,116,2.104051724137931
21694,SMALL REGAL  SILVER CANDLEPOT ,1,Hàng giá khá bán đều,"Kệ giữa dãy theo chủ đề (bếp, quà tặng, trang trí nhà), tầm tay; xoay vòng theo mùa.",1593.16,70,3.2754285714285714
84509C,SET OF 4 POLKADOT PLACEMATS ,1,Hàng giá khá bán đều,"Kệ giữa dãy theo chủ đề (bếp, quà tặng, trang trí nhà), tầm tay; xoay vòng theo mùa.",1591.22,140,5.383714285714286
22106,MIRROR MOSAIC HURRICANE LAMP ,1,Hàng giá khá bán đều,"Kệ giữa dãy theo chủ đề (bếp, quà tặng, trang trí nhà), tầm tay; xoay vòng theo mùa.",1589.98,79,5.470759493670886
22517,CHILDS GARDEN RAKE PINK,1,Hàng giá khá bán đều,"Kệ giữa dãy theo chủ đề (bếp, quà tặng, trang trí nhà), tầm tay; xoay vòng theo mùa.",1589.41,152,2.3930263157894736
21675,BUTTERFLIES STICKERS,1,Hàng giá khá bán đều,"Kệ giữa dãy theo chủ đề (bếp, quà tặng, trang trí nhà), tầm tay; xoay vòng theo mùa.",1576.84,268,1.0479553903345724
21631,HIPPY CHIC DECORATIVE PARASOL,1,Hàng giá khá bán đều,"Kệ giữa dãy theo chủ đề (bếp, quà tặng, trang trí nhà), tầm tay; xoay vòng theo mùa.",1571.75,54,10.77962962962963
79323B,BLACK CHERRY LIGHTS,1,Hàng giá khá bán đều,"Kệ giữa dãy theo chủ đề (bếp, quà tặng, trang trí nhà), tầm tay; xoay vòng theo mùa.",1565.7,58,7.727241379310345
21550,CERAMIC BIRDHOUSE CRESTED TIT LARGE,1,Hàng giá khá bán đều,"Kệ giữa dãy theo chủ đề (bếp, quà tặng, trang trí nhà), tầm tay; xoay vòng theo mùa.",1565.51,64,6.715223880597015
21867,PINK UNION JACK  LUGGAGE TAG,1,Hàng giá khá bán đều,"Kệ giữa dãy theo chủ đề (bếp, quà tặng, trang trí nhà), tầm tay; xoay vòng theo mùa.",1562.87,288,1.5381727574750832
21925,UNION STRIPE CUSHION COVER ,1,Hàng giá khá bán đều,"Kệ giữa dãy theo chủ đề (bếp, quà tặng, trang trí nhà), tầm tay; xoay vòng theo mùa.",1562.33,167,1.5775147928994084
21579,LOLITA  DESIGN  COTTON TOTE BAG,1,Hàng giá khá bán đều,"Kệ giữa dãy theo chủ đề (bếp, quà tặng, trang trí nhà), tầm tay; xoay vòng theo mùa.",1560.85,136,2.5860583941605837
21972,SET OF 36 DINOSAUR PAPER DOILIES,1,Hàng giá khá bán đều,"Kệ giữa dãy theo chủ đề (bếp, quà tặng, trang trí nhà), tầm tay; xoay vòng theo mùa.",1560.82,171,1.644502923976608
22681,FRENCH BLUE METAL DOOR SIGN 6,1,Hàng giá khá bán đều,"Kệ giữa dãy theo chủ đề (bếp, quà tặng, trang trí nhà), tầm tay; xoay vòng theo mùa.",1559.52,189,1.6158854166666667
84789,ENCHANTED BIRD PLANT CAGE,1,Hàng giá khá bán đều,"Kệ giữa dãy theo chủ đề (bếp, quà tặng, trang trí nhà), tầm tay; xoay vòng theo mùa.",1558.39,124,4.017177419354839
23524,WALL ART HORSE & PONY ,1,Hàng giá khá bán đều,"Kệ giữa dãy theo chủ đề (bếp, quà tặng, trang trí nhà), tầm tay; xoay vòng theo mùa.",1557.63,63,4.323968253968254
21711,FOLDING UMBRELLA WHITE/RED POLKADOT,1,Hàng giá khá bán đều,"Kệ giữa dãy theo chủ đề (bếp, quà tặng, trang trí nhà), tầm tay; xoay vòng theo mùa.",1555.66,71,5.229154929577465
72803A,ROSE SCENT CANDLE JEWELLED DRAWER,1,Hàng giá khá bán đều,"Kệ giữa dãy theo chủ đề (bếp, quà tặng, trang trí nhà), tầm tay; xoay vòng theo mùa.",1553.5,97,4.382680412371134
22786,CUSHION COVER PINK UNION JACK,1,Hàng giá khá bán đều,"Kệ giữa dãy theo chủ đề (bếp, quà tặng, trang trí nhà), tầm tay; xoay vòng theo mùa.",1549.1000000000001,92,7.11
20766,GARDEN PATH SKETCHBOOK,1,Hàng giá khá bán đều,"Kệ giữa dãy theo chủ đề (bếp, quà tặng, trang trí nhà), tầm tay; xoay vòng theo mùa.",1548.47,155,3.951910828025478
85036B,CHOCOLATE 1 WICK MORRIS BOX CANDLE,1,Hàng giá khá bán đều,"Kệ giữa dãy theo chủ đề (bếp, quà tặng, trang trí nhà), tầm tay; xoay vòng theo mùa.",1547.1,89,3.1952808988764043
22982,PANTRY PASTRY BRUSH,1,Hàng giá khá bán đều,"Kệ giữa dãy theo chủ đề (bếp, quà tặng, trang trí nhà), tầm tay; xoay vòng theo mùa.",1543.77,212,1.6372169811320754
21610,SET 12 PEAR BOTANICAL T-LIGHTS,1,Hàng giá khá bán đều,"Kệ giữa dãy theo chủ đề (bếp, quà tặng, trang trí nhà), tầm tay; xoay vòng theo mùa.",1543.67,97,3.043571428571429
84795D,SEASIDE STRIPE HAMMOCK,1,Hàng giá khá bán đều,"Kệ giữa dãy theo chủ đề (bếp, quà tặng, trang trí nhà), tầm tay; xoay vòng theo mùa.",1538.79,83,8.78421686746988
20768,GREEN FERN JOURNAL ,1,Hàng giá khá bán đều,"Kệ giữa dãy theo chủ đề (bếp, quà tặng, trang trí nhà), tầm tay; xoay vòng theo mùa.",1534.19,149,2.557046979865772
20986,BLUE CALCULATOR RULER,1,Hàng giá khá bán đều,"Kệ giữa dãy theo chủ đề (bếp, quà tặng, trang trí nhà), tầm tay; xoay vòng theo mùa.",1530.95,204,1.554354066985646
22322,BIRD DECORATION GREEN POLKADOT,1,Hàng giá khá bán đều,"Kệ giữa dãy theo chủ đề (bếp, quà tặng, trang trí nhà), tầm tay; xoay vòng theo mùa.",1528.2099999999998,272,1.2288970588235293
21282,NATURAL BARK CANDLE LARGE,1,Hàng giá khá bán đều,"Kệ giữa dãy theo chủ đề (bếp, quà tặng, trang trí nhà), tầm tay; xoay vòng theo mùa.",1522.28,69,4.772028985507246
22682,FRENCH BLUE METAL DOOR SIGN 7,1,Hàng giá khá bán đều,"Kệ giữa dãy theo chủ đề (bếp, quà tặng, trang trí nhà), tầm tay; xoay vòng theo mùa.",1521.86,182,1.533879781420765
85159B,"WHITE TEA,COFFEE,SUGAR JARS",1,Hàng giá khá bán đều,"Kệ giữa dãy theo chủ đề (bếp, quà tặng, trang trí nhà), tầm tay; xoay vòng theo mùa.",1516.5,89,5.035730337078652
21661,VINTAGE GLASS TEA CADDY,1,Hàng giá khá bán đều,"Kệ giữa dãy theo chủ đề (bếp, quà tặng, trang trí nhà), tầm tay; xoay vòng theo mùa.",1511.3100000000002,98,7.073838383838384
22340,NOEL GARLAND PAINTED ZINC ,1,Hàng giá khá bán đều,"Kệ giữa dãy theo chủ đề (bếp, quà tặng, trang trí nhà), tầm tay; xoay vòng theo mùa.",1511.05,184,1.242391304347826
23528,WALL ART SPACEBOY,1,Hàng giá khá bán đều,"Kệ giữa dãy theo chủ đề (bếp, quà tặng, trang trí nhà), tầm tay; xoay vòng theo mùa.",1504.49,50,4.7792
22683,FRENCH BLUE METAL DOOR SIGN 8,1,Hàng giá khá bán đều,"Kệ giữa dãy theo chủ đề (bếp, quà tặng, trang trí nhà), tầm tay; xoay vòng theo mùa.",1501.66,190,1.5911979166666665
21199,PINK  HEART CONFETTI IN TUBE,1,Hàng giá khá bán đều,"Kệ giữa dãy theo chủ đề (bếp, quà tặng, trang trí nhà), tầm tay; xoay vòng theo mùa.",1495.6999999999998,149,1.8689999999999998
84856L,LARGE TAHITI BEACH BAG,1,Hàng giá khá bán đều,"Kệ giữa dãy theo chủ đề (bếp, quà tặng, trang trí nhà), tầm tay; xoay vòng theo mùa.",1492.28,81,7.748271604938272
21051,RIBBONS PURSE ,1,Hàng giá khá bán đều,"Kệ giữa dãy theo chủ đề (bếp, quà tặng, trang trí nhà), tầm tay; xoay vòng theo mùa.",1486.16,127,2.1744615384615384
21849,SILVER DIAMANTE PEN IN GIFT BOX,1,Hàng giá khá bán đều,"Kệ giữa dãy theo chủ đề (bếp, quà tặng, trang trí nhà), tầm tay; xoay vòng theo mùa.",1483.51,134,3.7198529411764705
84510B,SET OF 4 FAIRY CAKES COASTERS ,1,Hàng giá khá bán đều,"Kệ giữa dãy theo chủ đề (bếp, quà tặng, trang trí nhà), tầm tay; xoay vòng theo mùa.",1483.2,148,1.6762745098039213
23559,WOODLAND BUNNIES LOLLY MAKERS,1,Hàng giá khá bán đều,"Kệ giữa dãy theo chủ đề (bếp, quà tặng, trang trí nhà), tầm tay; xoay vòng theo mùa.",1482.41,124,2.8688709677419357
85125,SMALL ROUND CUT GLASS CANDLESTICK,1,Hàng giá khá bán đều,"Kệ giữa dãy theo chủ đề (bếp, quà tặng, trang trí nhà), tầm tay; xoay vòng theo mùa.",1479.51,62,5.313709677419355
23392,SPACEBOY ROCKET LOLLY MAKERS,1,Hàng giá khá bán đều,"Kệ giữa dãy theo chủ đề (bếp, quà tặng, trang trí nhà), tầm tay; xoay vòng theo mùa.",1475.03,113,2.7042982456140354
21851,LILAC DIAMANTE PEN IN GIFT BOX,1,Hàng giá khá bán đều,"Kệ giữa dãy theo chủ đề (bếp, quà tặng, trang trí nhà), tầm tay; xoay vòng theo mùa.",1473.56,149,3.9557718120805365
22912,YELLOW COAT RACK PARIS FASHION,1,Hàng giá khá bán đều,"Kệ giữa dãy theo chủ đề (bếp, quà tặng, trang trí nhà), tầm tay; xoay vòng theo mùa.",1471.0900000000001,108,5.261192660550459
84659A,WHITE TRAVEL ALARM CLOCK,1,Hàng giá khá bán đều,"Kệ giữa dãy theo chủ đề (bếp, quà tặng, trang trí nhà), tầm tay; xoay vòng theo mùa.",1469.51,224,2.5639555555555553
22976,CIRCUS PARADE CHILDRENS EGG CUP ,1,Hàng giá khá bán đều,"Kệ giữa dãy theo chủ đề (bếp, quà tặng, trang trí nhà), tầm tay; xoay vòng theo mùa.",1465.26,149,1.5033999999999998
21644,ASSORTED TUTTI FRUTTI HEART BOX,1,Hàng giá khá bán đều,"Kệ giữa dãy theo chủ đề (bếp, quà tặng, trang trí nhà), tầm tay; xoay vòng theo mùa.",1461.47,137,1.4383916083916084
23470,CARD HOLDER LOVE BIRD LARGE ,1,Hàng giá khá bán đều,"Kệ giữa dãy theo chủ đề (bếp, quà tặng, trang trí nhà), tầm tay; xoay vòng theo mùa.",1460.5,84,6.810714285714286
22393,PAPERWEIGHT VINTAGE COLLAGE,1,Hàng giá khá bán đều,"Kệ giữa dãy theo chủ đề (bếp, quà tặng, trang trí nhà), tầm tay; xoay vòng theo mùa.",1459.37,120,2.8713333333333333
21410,COUNTRY COTTAGE  DOORSTOP GREEN,1,Hàng giá khá bán đều,"Kệ giữa dãy theo chủ đề (bếp, quà tặng, trang trí nhà), tầm tay; xoay vòng theo mùa.",1458.28,150,5.5142
85098B,BLUE FLYING SINGING CANARY,1,Hàng giá khá bán đều,"Kệ giữa dãy theo chủ đề (bếp, quà tặng, trang trí nhà), tầm tay; xoay vòng theo mùa.",1456.94,114,4.695043478260869
22228,BUNNY WOODEN PAINTED WITH BIRD ,1,Hàng giá khá bán đều,"Kệ giữa dãy theo chủ đề (bếp, quà tặng, trang trí nhà), tầm tay; xoay vòng theo mùa.",1456.6,275,1.0154676258992805
21065,BOOM BOX SPEAKER GIRLS,1,Hàng giá khá bán đều,"Kệ giữa dãy theo chủ đề (bếp, quà tặng, trang trí nhà), tầm tay; xoay vòng theo mùa.",1455.36,118,4.923114754098361
84637,KITCHEN FLOWER POTS WALL PLAQUE,1,Hàng giá khá bán đều,"Kệ giữa dãy theo chủ đề (bếp, quà tặng, trang trí nhà), tầm tay; xoay vòng theo mùa.",1454.49,114,5.804122807017544
21317,GLASS SPHERE CANDLE STAND MEDIUM,1,Hàng giá khá bán đều,"Kệ giữa dãy theo chủ đề (bếp, quà tặng, trang trí nhà), tầm tay; xoay vòng theo mùa.",1453.4,74,5.967763157894737
21739,COSY SLIPPER SHOES SMALL GREEN,1,Hàng giá khá bán đều,"Kệ giữa dãy theo chủ đề (bếp, quà tặng, trang trí nhà), tầm tay; xoay vòng theo mùa.",1451.8500000000001,177,3.0525280898876406
85136C,RED SHARK HELICOPTER,1,Hàng giá khá bán đều,"Kệ giữa dãy theo chủ đề (bếp, quà tặng, trang trí nhà), tầm tay; xoay vòng theo mùa.",1451.69,122,8.129180327868852
35637A,IVORY STRING CURTAIN WITH POLE ,1,Hàng giá khá bán đều,"Kệ giữa dãy theo chủ đề (bếp, quà tặng, trang trí nhà), tầm tay; xoay vòng theo mùa.",1445.05,53,6.165849056603774
85055,FRENCH ENAMEL UTENSIL HOLDER,1,Hàng giá khá bán đều,"Kệ giữa dãy theo chủ đề (bếp, quà tặng, trang trí nhà), tầm tay; xoay vòng theo mùa.",1442.94,107,4.6967592592592595
84313C,ORANGE TV TRAY TABLE ,1,Hàng giá khá bán đều,"Kệ giữa dãy theo chủ đề (bếp, quà tặng, trang trí nhà), tầm tay; xoay vòng theo mùa.",1442.3899999999999,73,5.152739726027397
22249,DECORATION WHITE CHICK MAGIC GARDEN,1,Hàng giá khá bán đều,"Kệ giữa dãy theo chủ đề (bếp, quà tặng, trang trí nhà), tầm tay; xoay vòng theo mùa.",1434.6599999999999,243,1.0390725806451613
23527,WALL ART ANIMALS AND NATURE ,1,Hàng giá khá bán đều,"Kệ giữa dãy theo chủ đề (bếp, quà tặng, trang trí nhà), tầm tay; xoay vòng theo mùa.",1428.56,48,3.998125
35965,FOLKART HEART NAPKIN RINGS,1,Hàng giá khá bán đều,"Kệ giữa dãy theo chủ đề (bếp, quà tặng, trang trí nhà), tầm tay; xoay vòng theo mùa.",1423.63,174,3.2986781609195406
20761,BLUE PAISLEY SKETCHBOOK,1,Hàng giá khá bán đều,"Kệ giữa dãy theo chủ đề (bếp, quà tặng, trang trí nhà), tầm tay; xoay vòng theo mùa.",1422.46,146,4.008979591836735
20801,LARGE PINK GLASS SUNDAE DISH,1,Hàng giá khá bán đều,"Kệ giữa dãy theo chủ đề (bếp, quà tặng, trang trí nhà), tầm tay; xoay vòng theo mùa.",1422.0,111,2.2076521739130435
35004G,SET OF 3 GOLD FLYING DUCKS,1,Hàng giá khá bán đều,"Kệ giữa dãy theo chủ đề (bếp, quà tặng, trang trí nhà), tầm tay; xoay vòng theo mùa.",1419.51,76,6.24974025974026
21358,TOAST ITS - HAPPY BIRTHDAY,1,Hàng giá khá bán đều,"Kệ giữa dãy theo chủ đề (bếp, quà tặng, trang trí nhà), tầm tay; xoay vòng theo mùa.",1398.71,222,1.2818918918918918
21828,EIGHT PIECE SNAKE  SET,1,Hàng giá khá bán đều,"Kệ giữa dãy theo chủ đề (bếp, quà tặng, trang trí nhà), tầm tay; xoay vòng theo mùa.",1396.6200000000001,180,1.4790163934426228
22685,FRENCH BLUE METAL DOOR SIGN 0,1,Hàng giá khá bán đều,"Kệ giữa dãy theo chủ đề (bếp, quà tặng, trang trí nhà), tầm tay; xoay vòng theo mùa.",1395.84,160,1.4646583850931678
23040,PAPER LANTERN 9 POINT SNOW STAR ,1,Hàng giá khá bán đều,"Kệ giữa dãy theo chủ đề (bếp, quà tặng, trang trí nhà), tầm tay; xoay vòng theo mùa.",1394.03,41,6.278372093023257
22756,LARGE YELLOW BABUSHKA NOTEBOOK ,1,Hàng giá khá bán đều,"Kệ giữa dãy theo chủ đề (bếp, quà tặng, trang trí nhà), tầm tay; xoay vòng theo mùa.",1393.45,215,1.4032870370370372
85169A,IVORY LOVE BIRD CANDLE,1,Hàng giá khá bán đều,"Kệ giữa dãy theo chủ đề (bếp, quà tặng, trang trí nhà), tầm tay; xoay vòng theo mùa.",1385.82,151,1.3951612903225807
22250,DECORATION  BUTTERFLY  MAGIC GARDEN,1,Hàng giá khá bán đều,"Kệ giữa dãy theo chủ đề (bếp, quà tặng, trang trí nhà), tầm tay; xoay vòng theo mùa.",1382.96,257,1.1350950570342204
84396,6 HOOK JEWELLERY STAND BLACK DRESS,1,Hàng giá khá bán đều,"Kệ giữa dãy theo chủ đề (bếp, quà tặng, trang trí nhà), tầm tay; xoay vòng theo mùa.",1380.52,49,5.774400000000001
23414,ZINC BOX SIGN HOME,1,Hàng giá khá bán đều,"Kệ giữa dãy theo chủ đề (bếp, quà tặng, trang trí nhà), tầm tay; xoay vòng theo mùa.",1378.75,64,10.073749999999999
84562A,PINK/WHITE RIBBED MELAMINE JUG,1,Hàng giá khá bán đều,"Kệ giữa dãy theo chủ đề (bếp, quà tặng, trang trí nhà), tầm tay; xoay vòng theo mùa.",1378.26,78,9.355443037974684
90200D,PINK SWEETHEART BRACELET,1,Hàng giá khá bán đều,"Kệ giữa dãy theo chủ đề (bếp, quà tặng, trang trí nhà), tầm tay; xoay vòng theo mùa.",1372.26,150,4.221866666666666
20704,MR ROBOT SOFT TOY,1,Hàng giá khá bán đều,"Kệ giữa dãy theo chủ đề (bếp, quà tặng, trang trí nhà), tầm tay; xoay vòng theo mùa.",1371.42,80,6.370875
20866,BLUE ROSE FABRIC MIRROR,1,Hàng giá khá bán đều,"Kệ giữa dãy theo chủ đề (bếp, quà tặng, trang trí nhà), tầm tay; xoay vòng theo mùa.",1368.91,191,1.4857591623036648
84819,DANISH ROSE ROUND SEWING BOX,1,Hàng giá khá bán đều,"Kệ giữa dãy theo chủ đề (bếp, quà tặng, trang trí nhà), tầm tay; xoay vòng theo mùa.",1368.26,95,2.969368421052631
35599D,PINK AND WHITE CHRISTMAS TREE 120CM,1,Hàng giá khá bán đều,"Kệ giữa dãy theo chủ đề (bếp, quà tặng, trang trí nhà), tầm tay; xoay vòng theo mùa.",1366.48,103,4.735631067961165
84685,BEACH HUT KEY CABINET,1,Hàng giá khá bán đều,"Kệ giữa dãy theo chủ đề (bếp, quà tặng, trang trí nhà), tầm tay; xoay vòng theo mùa.",1366.17,125,5.732
84665,SQUARE CHERRY BLOSSOM CABINET,1,Hàng giá khá bán đều,"Kệ giữa dãy theo chủ đề (bếp, quà tặng, trang trí nhà), tầm tay; xoay vòng theo mùa.",1364.7,47,6.375531914893617
21285,RETROSPOT CANDLE  MEDIUM,1,Hàng giá khá bán đều,"Kệ giữa dãy theo chủ đề (bếp, quà tặng, trang trí nhà), tầm tay; xoay vòng theo mùa.",1362.6200000000001,99,2.315858585858586
21530,DAIRY MAID TOASTRACK,1,Hàng giá khá bán đều,"Kệ giữa dãy theo chủ đề (bếp, quà tặng, trang trí nhà), tầm tay; xoay vòng theo mùa.",1361.5600000000002,162,2.2781818181818183
22269,EGG CUP NATURAL CHICKEN,1,Hàng giá khá bán đều,"Kệ giữa dãy theo chủ đề (bếp, quà tặng, trang trí nhà), tầm tay; xoay vòng theo mùa.",1357.7,204,1.2078155339805825
23469,CARD HOLDER LOVE BIRD SMALL,1,Hàng giá khá bán đều,"Kệ giữa dãy theo chủ đề (bếp, quà tặng, trang trí nhà), tầm tay; xoay vòng theo mùa.",1355.24,72,4.643611111111111
35962,12 ASS ZINC CHRISTMAS DECORATIONS,1,Hàng giá khá bán đều,"Kệ giữa dãy theo chủ đề (bếp, quà tặng, trang trí nhà), tầm tay; xoay vòng theo mùa.",1351.7800000000002,92,2.8220833333333335
21059,PARTY INVITES DINOSAURS,1,Hàng giá khá bán đều,"Kệ giữa dãy theo chủ đề (bếp, quà tặng, trang trí nhà), tầm tay; xoay vòng theo mùa.",1348.56,221,0.9007692307692308
20762,GREEN FERN SKETCHBOOK ,1,Hàng giá khá bán đều,"Kệ giữa dãy theo chủ đề (bếp, quà tặng, trang trí nhà), tầm tay; xoay vòng theo mùa.",1343.79,136,3.836102941176471
21822,GLITTER CHRISTMAS TREE WITH BELLS,1,Hàng giá khá bán đều,"Kệ giữa dãy theo chủ đề (bếp, quà tặng, trang trí nhà), tầm tay; xoay vòng theo mùa.",1343.7,142,1.58013698630137
22684,FRENCH BLUE METAL DOOR SIGN 9,1,Hàng giá khá bán đều,"Kệ giữa dãy theo chủ đề (bếp, quà tặng, trang trí nhà), tầm tay; xoay vòng theo mùa.",1342.44,162,1.593878787878788
21190,PINK HEARTS PAPER GARLAND,1,Hàng giá khá bán đều,"Kệ giữa dãy theo chủ đề (bếp, quà tặng, trang trí nhà), tầm tay; xoay vòng theo mùa.",1337.59,111,1.9798260869565216
20780,BLACK EAR MUFF HEADPHONES,1,Hàng giá khá bán đều,"Kệ giữa dãy theo chủ đề (bếp, quà tặng, trang trí nhà), tầm tay; xoay vòng theo mùa.",1333.96,98,6.895445544554456
23061,VINTAGE EMBOSSED HEART,1,Hàng giá khá bán đều,"Kệ giữa dãy theo chủ đề (bếp, quà tặng, trang trí nhà), tầm tay; xoay vòng theo mùa.",1332.68,117,1.5377777777777777
21580,RABBIT  DESIGN  COTTON TOTE BAG,1,Hàng giá khá bán đều,"Kệ giữa dãy theo chủ đề (bếp, quà tặng, trang trí nhà), tầm tay; xoay vòng theo mùa.",1329.6299999999999,172,2.855639534883721
21775,DECORATIVE FLORE BATHROOM BOTTLE,1,Hàng giá khá bán đều,"Kệ giữa dãy theo chủ đề (bếp, quà tặng, trang trí nhà), tầm tay; xoay vòng theo mùa.",1326.29,277,2.009496402877698
21926,RED/CREAM STRIPE CUSHION COVER ,1,Hàng giá khá bán đều,"Kệ giữa dãy theo chủ đề (bếp, quà tặng, trang trí nhà), tầm tay; xoay vòng theo mùa.",1325.27,147,1.5961224489795918
21738,COSY SLIPPER SHOES SMALL  RED ,1,Hàng giá khá bán đều,"Kệ giữa dãy theo chủ đề (bếp, quà tặng, trang trí nhà), tầm tay; xoay vòng theo mùa.",1322.63,131,3.5006617647058826
22701,PINK DOG BOWL,1,Hàng giá khá bán đều,"Kệ giữa dãy theo chủ đề (bếp, quà tặng, trang trí nhà), tầm tay; xoay vòng theo mùa.",1320.5700000000002,158,2.842075471698113
22232,JIGSAW TOADSTOOLS 3 PIECE,1,Hàng giá khá bán đều,"Kệ giữa dãy theo chủ đề (bếp, quà tặng, trang trí nhà), tầm tay; xoay vòng theo mùa.",1318.99,158,1.5601898734177215
85135C,RED DRAGONFLY HELICOPTER,1,Hàng giá khá bán đều,"Kệ giữa dãy theo chủ đề (bếp, quà tặng, trang trí nhà), tầm tay; xoay vòng theo mùa.",1317.92,111,8.16232142857143
22977,DOLLY GIRL CHILDRENS EGG CUP,1,Hàng giá khá bán đều,"Kệ giữa dãy theo chủ đề (bếp, quà tặng, trang trí nhà), tầm tay; xoay vòng theo mùa.",1313.86,140,1.4704964539007093
84688,BEACH HUT DESIGN BLACKBOARD,1,Hàng giá khá bán đều,"Kệ giữa dãy theo chủ đề (bếp, quà tặng, trang trí nhà), tầm tay; xoay vòng theo mùa.",1313.52,81,5.835432098765432
23405,HOME SWEET HOME 2 DRAWER CABINET,1,Hàng giá khá bán đều,"Kệ giữa dãy theo chủ đề (bếp, quà tặng, trang trí nhà), tầm tay; xoay vòng theo mùa.",1311.48,70,5.985492957746479
22481,BLACK TEA TOWEL CLASSIC DESIGN,1,Hàng giá khá bán đều,"Kệ giữa dãy theo chủ đề (bếp, quà tặng, trang trí nhà), tầm tay; xoay vòng theo mùa.",1309.81,219,1.1607142857142858
20893,HANGING BAUBLE T-LIGHT HOLDER SMALL,1,Hàng giá khá bán đều,"Kệ giữa dãy theo chủ đề (bếp, quà tặng, trang trí nhà), tầm tay; xoay vòng theo mùa.",1308.5900000000001,76,2.886455696202532
20798,CLEAR MILKSHAKE GLASS,1,Hàng giá khá bán đều,"Kệ giữa dãy theo chủ đề (bếp, quà tặng, trang trí nhà), tầm tay; xoay vòng theo mùa.",1308.15,83,3.106117647058823
21219,SET/4 BADGES BALLOON GIRL,1,Hàng giá khá bán đều,"Kệ giữa dãy theo chủ đề (bếp, quà tặng, trang trí nhà), tầm tay; xoay vòng theo mùa.",1303.27,176,1.5539325842696627
21248,DOOR HANGER  MUM + DADS ROOM,1,Hàng giá khá bán đều,"Kệ giữa dãy theo chủ đề (bếp, quà tặng, trang trí nhà), tầm tay; xoay vòng theo mùa.",1299.55,158,1.6889240506329115
85170D,SET/6 PINK BIRD T-LIGHT CANDLES,1,Hàng giá khá bán đều,"Kệ giữa dãy theo chủ đề (bếp, quà tặng, trang trí nhà), tầm tay; xoay vòng theo mùa.",1296.36,151,2.8456953642384106
85231G,ORANGE SCENTED SET/9 T-LIGHTS,1,Hàng giá khá bán đều,"Kệ giữa dãy theo chủ đề (bếp, quà tặng, trang trí nhà), tầm tay; xoay vòng theo mùa.",1291.09,259,1.002851711026616
84569D,PACK 6 HEART/ICE-CREAM PATCHES,1,Hàng giá khá bán đều,"Kệ giữa dãy theo chủ đề (bếp, quà tặng, trang trí nhà), tầm tay; xoay vòng theo mùa.",1287.54,179,1.4511049723756906
85141,JARDIN ETCHED GLASS FRUITBOWL,1,Hàng giá khá bán đều,"Kệ giữa dãy theo chủ đề (bếp, quà tặng, trang trí nhà), tầm tay; xoay vòng theo mùa.",1286.44,71,8.083424657534247
85025C,PINK HEART SHAPE PHOTO FRAME,1,Hàng giá khá bán đều,"Kệ giữa dãy theo chủ đề (bếp, quà tặng, trang trí nhà), tầm tay; xoay vòng theo mùa.",1285.9099999999999,125,2.0527777777777776
84559A,3D SHEET OF DOG STICKERS,1,Hàng giá khá bán đều,"Kệ giữa dãy theo chủ đề (bếp, quà tặng, trang trí nhà), tầm tay; xoay vòng theo mùa.",1285.87,270,1.1574169741697415
82613D,METAL SIGN CUPCAKE SINGLE HOOK,1,Hàng giá khá bán đều,"Kệ giữa dãy theo chủ đề (bếp, quà tặng, trang trí nhà), tầm tay; xoay vòng theo mùa.",1281.86,271,1.688450184501845
22214,CANDLE PLATE LACE WHITE,1,Hàng giá khá bán đều,"Kệ giữa dãy theo chủ đề (bếp, quà tặng, trang trí nhà), tầm tay; xoay vòng theo mùa.",1279.79,92,2.7232608695652174
21425,SKULLS STORAGE BOX LARGE,1,Hàng giá khá bán đều,"Kệ giữa dãy theo chủ đề (bếp, quà tặng, trang trí nhà), tầm tay; xoay vòng theo mùa.",1274.93,95,4.1706315789473685
23072,MARIE ANTOINETTE TRINKET BOX SILVER,1,Hàng giá khá bán đều,"Kệ giữa dãy theo chủ đề (bếp, quà tặng, trang trí nhà), tầm tay; xoay vòng theo mùa.",1273.76,30,13.725333333333333
35648,VINTAGE BEAD PINK PURSE ,1,Hàng giá khá bán đều,"Kệ giữa dãy theo chủ đề (bếp, quà tặng, trang trí nhà), tầm tay; xoay vòng theo mùa.",1270.93,143,1.7656849315068495
21689,SILVER VANILLA  FLOWER CANDLE POT,1,Hàng giá khá bán đều,"Kệ giữa dãy theo chủ đề (bếp, quà tặng, trang trí nhà), tầm tay; xoay vòng theo mùa.",1268.12,60,4.104516129032258
20765,CHRYSANTHEMUM SKETCHBOOK ,1,Hàng giá khá bán đều,"Kệ giữa dãy theo chủ đề (bếp, quà tặng, trang trí nhà), tầm tay; xoay vòng theo mùa.",1265.06,146,3.9039455782312924
21063,PARTY INVITES JAZZ HEARTS,1,Hàng giá khá bán đều,"Kệ giữa dãy theo chủ đề (bếp, quà tặng, trang trí nhà), tầm tay; xoay vòng theo mùa.",1256.27,238,0.9412605042016806
23511,EMBROIDERED RIBBON REEL EMILY ,1,Hàng giá khá bán đều,"Kệ giữa dãy theo chủ đề (bếp, quà tặng, trang trí nhà), tầm tay; xoay vòng theo mùa.",1252.01,98,2.3309090909090906
85159A,"BLACK TEA,COFFEE,SUGAR JARS",1,Hàng giá khá bán đều,"Kệ giữa dãy theo chủ đề (bếp, quà tặng, trang trí nhà), tầm tay; xoay vòng theo mùa.",1248.98,82,6.344390243902439
22280,POCKET BAG PINK PAISELY BROWN SPOT,1,Hàng giá khá bán đều,"Kệ giữa dãy theo chủ đề (bếp, quà tặng, trang trí nhà), tầm tay; xoay vòng theo mùa.",1248.74,158,1.5551234567901235
22062,CERAMIC BOWL WITH LOVE HEART DESIGN,1,Hàng giá khá bán đều,"Kệ giữa dãy theo chủ đề (bếp, quà tặng, trang trí nhà), tầm tay; xoay vòng theo mùa.",1248.15,126,2.398106060606061
22389,PAPERWEIGHT SAVE THE PLANET,1,Hàng giá khá bán đều,"Kệ giữa dãy theo chủ đề (bếp, quà tặng, trang trí nhà), tầm tay; xoay vòng theo mùa.",1245.52,92,2.5418478260869564
22808,SET OF 6 T-LIGHTS EASTER CHICKS,1,Hàng giá khá bán đều,"Kệ giữa dãy theo chủ đề (bếp, quà tặng, trang trí nhà), tầm tay; xoay vòng theo mùa.",1243.88,83,3.5695180722891573
79066K,RETRO MOD TRAY,1,Hàng giá khá bán đều,"Kệ giữa dãy theo chủ đề (bếp, quà tặng, trang trí nhà), tầm tay; xoay vòng theo mùa.",1242.96,256,1.1179377431906614
23067,HANGING ENGRAVED METAL HEART,1,Hàng giá khá bán đều,"Kệ giữa dãy theo chủ đề (bếp, quà tặng, trang trí nhà), tầm tay; xoay vòng theo mùa.",1236.66,78,4.351951219512196
84910A,PINK PAISLEY CUSHION COVER ,1,Hàng giá khá bán đều,"Kệ giữa dãy theo chủ đề (bếp, quà tặng, trang trí nhà), tầm tay; xoay vòng theo mùa.",1230.39,53,6.489433962264151
23539,WALL ART LOVES' SECRET ,1,Hàng giá khá bán đều,"Kệ giữa dãy theo chủ đề (bếp, quà tặng, trang trí nhà), tầm tay; xoay vòng theo mùa.",1227.95,41,6.594047619047619
85135B,BLUE DRAGONFLY HELICOPTER,1,Hàng giá khá bán đều,"Kệ giữa dãy theo chủ đề (bếp, quà tặng, trang trí nhà), tầm tay; xoay vòng theo mùa.",1226.51,115,8.113275862068965
21253,SET OF PICTURE FRAME  STICKERS,1,Hàng giá khá bán đều,"Kệ giữa dãy theo chủ đề (bếp, quà tặng, trang trí nhà), tầm tay; xoay vòng theo mùa.",1225.17,122,4.6036065573770495
84660C,PINK STITCHED WALL CLOCK,1,Hàng giá khá bán đều,"Kệ giữa dãy theo chủ đề (bếp, quà tặng, trang trí nhà), tầm tay; xoay vòng theo mùa.",1221.96,113,4.607256637168142
22233,JIGSAW RABBIT AND BIRDHOUSE,1,Hàng giá khá bán đều,"Kệ giữa dãy theo chủ đề (bếp, quà tặng, trang trí nhà), tầm tay; xoay vòng theo mùa.",1210.11,164,1.5111377245508981
84687,BEACH HUT SHELF W 3 DRAWERS,1,Hàng giá khá bán đều,"Kệ giữa dãy theo chủ đề (bếp, quà tặng, trang trí nhà), tầm tay; xoay vòng theo mùa.",1208.06,73,6.919315068493151
84596E,SMALL LICORICE DES PINK BOWL,1,Hàng giá khá bán đều,"Kệ giữa dãy theo chủ đề (bếp, quà tặng, trang trí nhà), tầm tay; xoay vòng theo mùa.",1205.61,218,1.3405909090909092
20771,CHRYSANTHEMUM  JOURNAL,1,Hàng giá khá bán đều,"Kệ giữa dãy theo chủ đề (bếp, quà tặng, trang trí nhà), tầm tay; xoay vòng theo mùa.",1201.6799999999998,140,2.5679285714285713
21904,HOUSE WRECKING METAL SIGN ,1,Hàng giá khá bán đều,"Kệ giữa dãy theo chủ đề (bếp, quà tặng, trang trí nhà), tầm tay; xoay vòng theo mùa.",1201.52,145,2.090205479452055
84658,WHITE STITCHED CUSHION COVER,1,Hàng giá khá bán đều,"Kệ giữa dãy theo chủ đề (bếp, quà tặng, trang trí nhà), tầm tay; xoay vòng theo mùa.",1199.66,64,6.96723076923077
85129D,BEADED CRYSTAL HEART PINK SMALL,1,Hàng giá khá bán đều,"Kệ giữa dãy theo chủ đề (bếp, quà tặng, trang trí nhà), tầm tay; xoay vòng theo mùa.",1193.56,168,1.8964285714285711
84625A,PINK NEW BAROQUECANDLESTICK CANDLE,1,Hàng giá khá bán đều,"Kệ giữa dãy theo chủ đề (bếp, quà tặng, trang trí nhà), tầm tay; xoay vòng theo mùa.",1193.0,81,2.842345679012346
84750A,PINK SMALL GLASS CAKE STAND,1,Hàng giá khá bán đều,"Kệ giữa dãy theo chủ đề (bếp, quà tặng, trang trí nhà), tầm tay; xoay vòng theo mùa.",1189.23,105,3.0715238095238093
20934,SET/3 POT PLANT CANDLES,1,Hàng giá khá bán đều,"Kệ giữa dãy theo chủ đề (bếp, quà tặng, trang trí nhà), tầm tay; xoay vòng theo mùa.",1185.07,74,7.268000000000001
23041,PAPER LANTERN 9 POINT SNOW STAR,1,Hàng giá khá bán đều,"Kệ giữa dãy theo chủ đề (bếp, quà tặng, trang trí nhà), tầm tay; xoay vòng theo mùa.",1178.48,54,4.61
85130A,BEADED PEARL HEART WHITE LARGE,1,Hàng giá khá bán đều,"Kệ giữa dãy theo chủ đề (bếp, quà tặng, trang trí nhà), tầm tay; xoay vòng theo mùa.",1176.29,86,1.8654545454545455
84674,FLYING PIG WATERING CAN,1,Hàng giá khá bán đều,"Kệ giữa dãy theo chủ đề (bếp, quà tặng, trang trí nhà), tầm tay; xoay vòng theo mùa.",1175.93,106,3.208691588785047
72819,CUPID DESIGN SCENTED CANDLES,1,Hàng giá khá bán đều,"Kệ giữa dãy theo chủ đề (bếp, quà tặng, trang trí nhà), tầm tay; xoay vòng theo mùa.",1174.01,92,2.9731914893617017
23418,LAVENDER TOILETTE BOTTLE,1,Hàng giá khá bán đều,"Kệ giữa dãy theo chủ đề (bếp, quà tặng, trang trí nhà), tầm tay; xoay vòng theo mùa.",1166.0,79,2.562025316455696
84313B,BLUE TV TRAY TABLE ,1,Hàng giá khá bán đều,"Kệ giữa dãy theo chủ đề (bếp, quà tặng, trang trí nhà), tầm tay; xoay vòng theo mùa.",1164.04,83,6.966024096385543
22806,SET OF 6 T-LIGHTS WEDDING CAKE ,1,Hàng giá khá bán đều,"Kệ giữa dãy theo chủ đề (bếp, quà tặng, trang trí nhà), tầm tay; xoay vòng theo mùa.",1149.02,57,3.376551724137931
23402,HOME SWEET HOME 3 PEG HANGER ,1,Hàng giá khá bán đều,"Kệ giữa dãy theo chủ đề (bếp, quà tặng, trang trí nhà), tầm tay; xoay vòng theo mùa.",1147.28,68,4.4525
21261,GREEN GOOSE FEATHER CHRISTMAS TREE ,1,Hàng giá khá bán đều,"Kệ giữa dãy theo chủ đề (bếp, quà tặng, trang trí nhà), tầm tay; xoay vòng theo mùa.",1146.1200000000001,77,6.386233766233766
20932,PINK POT PLANT CANDLE,1,Hàng giá khá bán đều,"Kệ giữa dãy theo chủ đề (bếp, quà tặng, trang trí nhà), tầm tay; xoay vòng theo mùa.",1143.97,81,4.717530864197531
84750B,BLACK SMALL GLASS CAKE STAND,1,Hàng giá khá bán đều,"Kệ giữa dãy theo chủ đề (bếp, quà tặng, trang trí nhà), tầm tay; xoay vòng theo mùa.",1142.02,78,2.445128205128205
21366,MIRRORED WALL ART PHOTO FRAMES,1,Hàng giá khá bán đều,"Kệ giữa dãy theo chủ đề (bếp, quà tặng, trang trí nhà), tầm tay; xoay vòng theo mùa.",1140.0,77,6.046153846153847
85124C,GREEN JUICY FRUIT PHOTO FRAME,1,Hàng giá khá bán đều,"Kệ giữa dãy theo chủ đề (bếp, quà tặng, trang trí nhà), tầm tay; xoay vòng theo mùa.",1139.07,123,3.05130081300813
21555,CERAMIC STRAWBERRY TRINKET TRAY,1,Hàng giá khá bán đều,"Kệ giữa dãy theo chủ đề (bếp, quà tặng, trang trí nhà), tầm tay; xoay vòng theo mùa.",1131.37,134,3.057462686567164
20622,VIPPASSPORT COVER ,1,Hàng giá khá bán đều,"Kệ giữa dãy theo chủ đề (bếp, quà tặng, trang trí nhà), tầm tay; xoay vòng theo mùa.",1127.59,128,2.634453125
85136A,YELLOW SHARK HELICOPTER,1,Hàng giá khá bán đều,"Kệ giữa dãy theo chủ đề (bếp, quà tặng, trang trí nhà), tầm tay; xoay vòng theo mùa.",1121.28,106,8.127196261682244
84559B,3D SHEET OF CAT STICKERS,1,Hàng giá khá bán đều,"Kệ giữa dãy theo chủ đề (bếp, quà tặng, trang trí nhà), tầm tay; xoay vòng theo mùa.",1119.09,220,1.1025225225225226
23411, TRELLIS COAT RACK,1,Hàng giá khá bán đều,"Kệ giữa dãy theo chủ đề (bếp, quà tặng, trang trí nhà), tầm tay; xoay vòng theo mùa.",1118.6100000000001,56,5.844035087719298
47504H,ENGLISH ROSE SPIRIT LEVEL ,1,Hàng giá khá bán đều,"Kệ giữa dãy theo chủ đề (bếp, quà tặng, trang trí nhà), tầm tay; xoay vòng theo mùa.",1113.07,140,2.128857142857143
20669,RED HEART LUGGAGE TAG,1,Hàng giá khá bán đều,"Kệ giữa dãy theo chủ đề (bếp, quà tặng, trang trí nhà), tầm tay; xoay vòng theo mùa.",1111.89,214,1.595590909090909
84678,CLASSICAL ROSE SMALL VASE,1,Hàng giá khá bán đều,"Kệ giữa dãy theo chủ đề (bếp, quà tặng, trang trí nhà), tầm tay; xoay vòng theo mùa.",1108.28,81,2.8865476190476187
84631,FRUIT TREE AND BIRDS WALL PLAQUE,1,Hàng giá khá bán đều,"Kệ giữa dãy theo chủ đề (bếp, quà tặng, trang trí nhà), tầm tay; xoay vòng theo mùa.",1106.16,50,9.515999999999998
22116,METAL SIGN HIS DINNER IS SERVED,1,Hàng giá khá bán đều,"Kệ giữa dãy theo chủ đề (bếp, quà tặng, trang trí nhà), tầm tay; xoay vòng theo mùa.",1103.88,198,1.8223737373737372
84638,SMALL KITCHEN FLOWER POTS PLAQUE,1,Hàng giá khá bán đều,"Kệ giữa dãy theo chủ đề (bếp, quà tặng, trang trí nhà), tầm tay; xoay vòng theo mùa.",1101.55,69,7.495652173913044
21131,GOLD STANDING GNOME,1,Hàng giá khá bán đều,"Kệ giữa dãy theo chủ đề (bếp, quà tặng, trang trí nhà), tầm tay; xoay vòng theo mùa.",1098.86,49,5.765599999999999
85124A,PINK JUICY FRUIT PHOTO FRAME,1,Hàng giá khá bán đều,"Kệ giữa dãy theo chủ đề (bếp, quà tặng, trang trí nhà), tầm tay; xoay vòng theo mùa.",1087.73,104,3.3649999999999998
84791,GINGHAM HEART DECORATION,1,Hàng giá khá bán đều,"Kệ giữa dãy theo chủ đề (bếp, quà tặng, trang trí nhà), tầm tay; xoay vòng theo mùa.",1086.13,106,3.791320754716981
21839,MUMMY MOUSE RED GINGHAM RIBBON,1,Hàng giá khá bán đều,"Kệ giữa dãy theo chủ đề (bếp, quà tặng, trang trí nhà), tầm tay; xoay vòng theo mùa.",1085.5900000000001,83,5.499036144578313
72815,3 WICK CHRISTMAS BRIAR CANDLE ,1,Hàng giá khá bán đều,"Kệ giữa dãy theo chủ đề (bếp, quà tặng, trang trí nhà), tầm tay; xoay vòng theo mùa.",1083.36,70,3.9998591549295774
20615,BLUE POLKADOT PASSPORT COVER,1,Hàng giá khá bán đều,"Kệ giữa dãy theo chủ đề (bếp, quà tặng, trang trí nhà), tầm tay; xoay vòng theo mùa.",1077.81,195,2.625306122448979
21850,BLUE  DIAMANTE PEN IN GIFT BOX,1,Hàng giá khá bán đều,"Kệ giữa dãy theo chủ đề (bếp, quà tặng, trang trí nhà), tầm tay; xoay vòng theo mùa.",1072.98,106,3.891981132075472
21758,VINTAGE SHELLS PRINT,1,Hàng giá khá bán đều,"Kệ giữa dãy theo chủ đề (bếp, quà tặng, trang trí nhà), tầm tay; xoay vòng theo mùa.",1069.76,79,9.013417721518987
21827,EIGHT PIECE CREEPY CRAWLIE SET,1,Hàng giá khá bán đều,"Kệ giữa dãy theo chủ đề (bếp, quà tặng, trang trí nhà), tầm tay; xoay vòng theo mùa.",1068.89,134,1.3648251748251747
84247E,PACK/12 XMAS FUN CARD,1,Hàng giá khá bán đều,"Kệ giữa dãy theo chủ đề (bếp, quà tặng, trang trí nhà), tầm tay; xoay vòng theo mùa.",1064.0500000000002,96,2.8541666666666665
22860,EASTER TIN CHICKS PINK DAISY,1,Hàng giá khá bán đều,"Kệ giữa dãy theo chủ đề (bếp, quà tặng, trang trí nhà), tầm tay; xoay vòng theo mùa.",1060.85,111,1.9756756756756755
21815,STAR  T-LIGHT HOLDER ,1,Hàng giá khá bán đều,"Kệ giữa dãy theo chủ đề (bếp, quà tặng, trang trí nhà), tầm tay; xoay vòng theo mùa.",1060.24,92,1.8554255319148936
85008,SET OF 3 CONEY ISLAND OVAL BOXES,1,Hàng giá khá bán đều,"Kệ giữa dãy theo chủ đề (bếp, quà tặng, trang trí nhà), tầm tay; xoay vòng theo mùa.",1058.72,99,5.2247
23516,EMBROIDERED RIBBON REEL SOPHIE  ,1,Hàng giá khá bán đều,"Kệ giữa dãy theo chủ đề (bếp, quà tặng, trang trí nhà), tầm tay; xoay vòng theo mùa.",1058.6,42,3.848181818181818
35651,VINTAGE BEAD PINK SCARF ,1,Hàng giá khá bán đều,"Kệ giữa dãy theo chủ đề (bếp, quà tặng, trang trí nhà), tầm tay; xoay vòng theo mùa.",1057.62,63,3.42234375
85179B,WHITE BITTY LIGHT CHAIN ,1,Hàng giá khá bán đều,"Kệ giữa dãy theo chủ đề (bếp, quà tặng, trang trí nhà), tầm tay; xoay vòng theo mùa.",1056.6,45,5.192666666666667
20783,HEART EAR MUFF HEADPHONES,1,Hàng giá khá bán đều,"Kệ giữa dãy theo chủ đề (bếp, quà tặng, trang trí nhà), tầm tay; xoay vòng theo mùa.",1051.4,55,7.64509090909091
84985A,SET OF 72 GREEN PAPER DOILIES,1,Hàng giá khá bán đều,"Kệ giữa dãy theo chủ đề (bếp, quà tặng, trang trí nhà), tầm tay; xoay vòng theo mùa.",1047.9299999999998,161,1.8265644171779143
85144,JARDIN ETCHED GLASS CHEESE DISH,1,Hàng giá khá bán đều,"Kệ giữa dãy theo chủ đề (bếp, quà tặng, trang trí nhà), tầm tay; xoay vòng theo mùa.",1046.85,70,5.311111111111111
22511,RETROSPOT BABUSHKA DOORSTOP,1,Hàng giá khá bán đều,"Kệ giữa dãy theo chủ đề (bếp, quà tặng, trang trí nhà), tầm tay; xoay vòng theo mùa.",1046.66,111,3.4247321428571427
23419,HOME SWEET HOME BOTTLE ,1,Hàng giá khá bán đều,"Kệ giữa dãy theo chủ đề (bếp, quà tặng, trang trí nhà), tầm tay; xoay vòng theo mùa.",1043.72,86,2.6725581395348836
35646,VINTAGE BEAD PINK EVENING BAG,1,Hàng giá khá bán đều,"Kệ giữa dãy theo chủ đề (bếp, quà tặng, trang trí nhà), tầm tay; xoay vòng theo mùa.",1043.44,104,2.324245283018868
20671,BLUE TEATIME PRINT BOWL ,1,Hàng giá khá bán đều,"Kệ giữa dãy theo chủ đề (bếp, quà tặng, trang trí nhà), tầm tay; xoay vòng theo mùa.",1038.72,143,1.5767832167832168
21725,SWEETIES  STICKERS,1,Hàng giá khá bán đều,"Kệ giữa dãy theo chủ đề (bếp, quà tặng, trang trí nhà), tầm tay; xoay vòng theo mùa.",1036.4299999999998,173,1.1497701149425288
21664,RIDGED GLASS STORAGE JAR CREAM LID,1,Hàng giá khá bán đều,"Kệ giữa dãy theo chủ đề (bếp, quà tặng, trang trí nhà), tầm tay; xoay vòng theo mùa.",1031.07,67,4.253970588235294
84686,BEACH HUT MIRROR,1,Hàng giá khá bán đều,"Kệ giữa dãy theo chủ đề (bếp, quà tặng, trang trí nhà), tầm tay; xoay vòng theo mùa.",1027.79,76,5.956842105263158
85104,SILVER GLASS T-LIGHT SET,1,Hàng giá khá bán đều,"Kệ giữa dãy theo chủ đề (bếp, quà tặng, trang trí nhà), tầm tay; xoay vòng theo mùa.",1024.49,56,3.1303389830508475
82616C,MIDNIGHT GLAMOUR SCARF KNITTING KIT,1,Hàng giá khá bán đều,"Kệ giữa dãy theo chủ đề (bếp, quà tặng, trang trí nhà), tầm tay; xoay vòng theo mùa.",1024.1,142,2.1964084507042254
21417,COCKLE SHELL DISH,1,Hàng giá khá bán đều,"Kệ giữa dãy theo chủ đề (bếp, quà tặng, trang trí nhà), tầm tay; xoay vòng theo mùa.",1023.9000000000001,118,3.0267796610169495
22247,BUNNY DECORATION MAGIC GARDEN,1,Hàng giá khá bán đều,"Kệ giữa dãy theo chủ đề (bếp, quà tặng, trang trí nhà), tầm tay; xoay vòng theo mùa.",1022.79,182,1.0458288770053477
85180B,PINK HEARTS LIGHT CHAIN ,1,Hàng giá khá bán đều,"Kệ giữa dãy theo chủ đề (bếp, quà tặng, trang trí nhà), tầm tay; xoay vòng theo mùa.",1022.1600000000001,67,4.16695652173913
23452,HEART MINI PORTRAIT FRAME,1,Hàng giá khá bán đều,"Kệ giữa dãy theo chủ đề (bếp, quà tặng, trang trí nhà), tầm tay; xoay vòng theo mùa.",1021.76,87,2.07183908045977
23153,ZINC SWEETHEART WIRE LETTER RACK,1,Hàng giá khá bán đều,"Kệ giữa dãy theo chủ đề (bếp, quà tặng, trang trí nhà), tầm tay; xoay vòng theo mùa.",1020.69,90,4.236666666666666
82613B,"METAL SIGN,CUPCAKE SINGLE HOOK",1,Hàng giá khá bán đều,"Kệ giữa dãy theo chủ đề (bếp, quà tặng, trang trí nhà), tầm tay; xoay vòng theo mùa.",1020.61,234,1.7606837606837606
20839,FRENCH PAISLEY CUSHION COVER ,1,Hàng giá khá bán đều,"Kệ giữa dãy theo chủ đề (bếp, quà tặng, trang trí nhà), tầm tay; xoay vòng theo mùa.",1018.11,118,2.5029661016949154
85031C,CURIOUS IMAGES SCRAP BOOK SET,1,Hàng giá khá bán đều,"Kệ giữa dãy theo chủ đề (bếp, quà tặng, trang trí nhà), tầm tay; xoay vòng theo mùa.",1017.48,106,3.508317757009346
21814,HEART T-LIGHT HOLDER ,1,Hàng giá khá bán đều,"Kệ giữa dãy theo chủ đề (bếp, quà tặng, trang trí nhà), tầm tay; xoay vòng theo mùa.",1016.53,95,1.8188888888888888
84596L,BISCUITS SMALL BOWL LIGHT BLUE,1,Hàng giá khá bán đều,"Kệ giữa dãy theo chủ đề (bếp, quà tặng, trang trí nhà), tầm tay; xoay vòng theo mùa.",1016.42,256,0.9714062499999999
84709B,PINK OVAL JEWELLED MIRROR,1,Hàng giá khá bán đều,"Kệ giữa dãy theo chủ đề (bếp, quà tặng, trang trí nhà), tầm tay; xoay vòng theo mùa.",1014.48,86,5.925287356321839
20619,TROPICAL PASSPORT COVER ,1,Hàng giá khá bán đều,"Kệ giữa dãy theo chủ đề (bếp, quà tặng, trang trí nhà), tầm tay; xoay vòng theo mùa.",1014.42,194,2.341494845360825
23107,WHITE HEARTS WIRE PLANT POT HOLDER,1,Hàng giá khá bán đều,"Kệ giữa dãy theo chủ đề (bếp, quà tặng, trang trí nhà), tầm tay; xoay vòng theo mùa.",1009.51,73,3.2009589041095894
47589,CONGRATULATIONS BUNTING,1,Hàng giá khá bán đều,"Kệ giữa dãy theo chủ đề (bếp, quà tặng, trang trí nhà), tầm tay; xoay vòng theo mùa.",1008.73,76,5.597792207792208
22643,SET OF 4 NAPKIN CHARMS LEAVES   ,1,Hàng giá khá bán đều,"Kệ giữa dãy theo chủ đề (bếp, quà tặng, trang trí nhà), tầm tay; xoay vòng theo mùa.",1006.2399999999999,96,2.395208333333333
47310M,SMALL POP BOX FUNKY MONKEY,1,Hàng giá khá bán đều,"Kệ giữa dãy theo chủ đề (bếp, quà tặng, trang trí nhà), tầm tay; xoay vòng theo mùa.",1004.94,172,1.6646820809248555
21836,GINGHAM OVEN GLOVE RED HEART ,1,Hàng giá khá bán đều,"Kệ giữa dãy theo chủ đề (bếp, quà tặng, trang trí nhà), tầm tay; xoay vòng theo mùa.",1003.89,100,4.3678217821782175
84907,PINK YELLOW PATCH CUSHION COVER,1,Hàng giá khá bán đều,"Kệ giữa dãy theo chủ đề (bếp, quà tặng, trang trí nhà), tầm tay; xoay vòng theo mùa.",999.17,36,6.622222222222223
21427,SKULLS STORAGE BOX SMALL,1,Hàng giá khá bán đều,"Kệ giữa dãy theo chủ đề (bếp, quà tặng, trang trí nhà), tầm tay; xoay vòng theo mùa.",999.0600000000001,119,3.0454166666666667
23533,WALL ART GARDEN HAVEN ,1,Hàng giá khá bán đều,"Kệ giữa dãy theo chủ đề (bếp, quà tặng, trang trí nhà), tầm tay; xoay vòng theo mùa.",998.64,36,6.166944444444445
21127,COLOURFUL FISHING GNOME,1,Hàng giá khá bán đều,"Kệ giữa dãy theo chủ đề (bếp, quà tặng, trang trí nhà), tầm tay; xoay vòng theo mùa.",998.0300000000001,48,7.336600000000001
21250,SET OF SKULL WALL STICKERS,1,Hàng giá khá bán đều,"Kệ giữa dãy theo chủ đề (bếp, quà tặng, trang trí nhà), tầm tay; xoay vòng theo mùa.",997.5500000000001,60,3.229
23517,EMBROIDERED RIBBON REEL REBECCA ,1,Hàng giá khá bán đều,"Kệ giữa dãy theo chủ đề (bếp, quà tặng, trang trí nhà), tầm tay; xoay vòng theo mùa.",996.38,63,3.4480952380952385
20705,MRS ROBOT SOFT TOY,1,Hàng giá khá bán đều,"Kệ giữa dãy theo chủ đề (bếp, quà tặng, trang trí nhà), tầm tay; xoay vòng theo mùa.",996.19,53,5.42622641509434
20782,CAMOUFLAGE EAR MUFF HEADPHONES,1,Hàng giá khá bán đều,"Kệ giữa dãy theo chủ đề (bếp, quà tặng, trang trí nhà), tầm tay; xoay vòng theo mùa.",995.48,87,6.8659770114942535
85170C,SET/6 EAU DE NIL BIRD T-LIGHTS,1,Hàng giá khá bán đều,"Kệ giữa dãy theo chủ đề (bếp, quà tặng, trang trí nhà), tầm tay; xoay vòng theo mùa.",993.03,107,2.799626168224299
20617,FIRST CLASS PASSPORT COVER ,1,Hàng giá khá bán đều,"Kệ giữa dãy theo chủ đề (bếp, quà tặng, trang trí nhà), tầm tay; xoay vòng theo mùa.",992.99,105,2.3980952380952383
21690,SILVER  CANDLEPOT JARDIN ,1,Hàng giá khá bán đều,"Kệ giữa dãy theo chủ đề (bếp, quà tặng, trang trí nhà), tầm tay; xoay vòng theo mùa.",990.84,82,3.9595454545454545
21721,CANDY SHOP  STICKER SHEET,1,Hàng giá khá bán đều,"Kệ giữa dãy theo chủ đề (bếp, quà tặng, trang trí nhà), tầm tay; xoay vòng theo mùa.",990.5,144,1.1454109589041095
85025B,EAU DE NILE HEART SHAPE PHOTO FRAME,1,Hàng giá khá bán đều,"Kệ giữa dãy theo chủ đề (bếp, quà tặng, trang trí nhà), tầm tay; xoay vòng theo mùa.",985.3999999999999,95,2.1439795918367346
35653,VINTAGE BEAD NOTEBOOK,1,Hàng giá khá bán đều,"Kệ giữa dãy theo chủ đề (bếp, quà tặng, trang trí nhà), tầm tay; xoay vòng theo mùa.",982.5300000000001,113,3.7116814159292035
20661,BLUE SPOTTY PURSE ,1,Hàng giá khá bán đều,"Kệ giữa dãy theo chủ đề (bếp, quà tặng, trang trí nhà), tầm tay; xoay vòng theo mùa.",980.0600000000001,123,3.006048387096774
22108,PING! MICROWAVE PLATE,1,Hàng giá khá bán đều,"Kệ giữa dãy theo chủ đề (bếp, quà tặng, trang trí nhà), tầm tay; xoay vòng theo mùa.",978.74,128,3.543515625
82616B,FRAPPUCINO SCARF KNITTING KIT,1,Hàng giá khá bán đều,"Kệ giữa dãy theo chủ đề (bếp, quà tặng, trang trí nhà), tầm tay; xoay vòng theo mùa.",977.5500000000001,126,2.211796875
23514,EMBROIDERED RIBBON REEL SALLY ,1,Hàng giá khá bán đều,"Kệ giữa dãy theo chủ đề (bếp, quà tặng, trang trí nhà), tầm tay; xoay vòng theo mùa.",977.39,74,2.349189189189189
35599B,BLACK CHRISTMAS TREE 120CM,1,Hàng giá khá bán đều,"Kệ giữa dãy theo chủ đề (bếp, quà tặng, trang trí nhà), tầm tay; xoay vòng theo mùa.",974.81,51,5.7886274509803926
71279,PINK GLASS CANDLEHOLDER,1,Hàng giá khá bán đều,"Kệ giữa dãy theo chủ đề (bếp, quà tặng, trang trí nhà), tầm tay; xoay vòng theo mùa.",972.1100000000001,78,3.8759493670886074
72814,SET OF 3 CHRISTMAS BRIAR CANDLES,1,Hàng giá khá bán đều,"Kệ giữa dãy theo chủ đề (bếp, quà tặng, trang trí nhà), tầm tay; xoay vòng theo mùa.",967.9200000000001,54,3.8874545454545455
23183,MOTHER'S KITCHEN SPOON REST ,1,Hàng giá khá bán đều,"Kệ giữa dãy theo chủ đề (bếp, quà tặng, trang trí nhà), tầm tay; xoay vòng theo mùa.",967.17,84,4.879411764705883
20830,SILVER PHOTO FRAME,1,Hàng giá khá bán đều,"Kệ giữa dãy theo chủ đề (bếp, quà tặng, trang trí nhà), tầm tay; xoay vòng theo mùa.",964.61,82,2.990722891566265
21691,SILVER VANILLA FLOWER CANDLE POT,1,Hàng giá khá bán đều,"Kệ giữa dãy theo chủ đề (bếp, quà tặng, trang trí nhà), tầm tay; xoay vòng theo mùa.",960.99,72,3.9889873417721518
85130D,BEADED CRYSTAL HEART PINK LARGE,1,Hàng giá khá bán đều,"Kệ giữa dãy theo chủ đề (bếp, quà tặng, trang trí nhà), tầm tay; xoay vòng theo mùa.",958.8499999999999,107,1.7815454545454545
22512,DOORSTOP RACING CAR DESIGN,1,Hàng giá khá bán đều,"Kệ giữa dãy theo chủ đề (bếp, quà tặng, trang trí nhà), tầm tay; xoay vòng theo mùa.",956.17,71,3.630985915492958
85124B,BLUE JUICY FRUIT PHOTO FRAME,1,Hàng giá khá bán đều,"Kệ giữa dãy theo chủ đề (bếp, quà tặng, trang trí nhà), tầm tay; xoay vòng theo mùa.",948.6999999999999,104,3.023653846153846
85032C,CURIOUS IMAGES GIFT WRAP SET,1,Hàng giá khá bán đều,"Kệ giữa dãy theo chủ đề (bếp, quà tặng, trang trí nhà), tầm tay; xoay vòng theo mùa.",946.59,161,1.3662345679012344
85031A,ROMANTIC IMAGES SCRAP BOOK SET,1,Hàng giá khá bán đều,"Kệ giữa dãy theo chủ đề (bếp, quà tặng, trang trí nhà), tầm tay; xoay vòng theo mùa.",943.44,102,3.543627450980392
22143,CHRISTMAS CRAFT HEART DECORATIONS,1,Hàng giá khá bán đều,"Kệ giữa dãy theo chủ đề (bếp, quà tặng, trang trí nhà), tầm tay; xoay vòng theo mùa.",942.8800000000001,70,2.5798591549295775
20998,ROSE DU SUD OVEN GLOVE,1,Hàng giá khá bán đều,"Kệ giữa dãy theo chủ đề (bếp, quà tặng, trang trí nhà), tầm tay; xoay vòng theo mùa.",942.2600000000001,127,2.9443307086614174
37482P,CUBIC MUG PINK POLKADOT,1,Hàng giá khá bán đều,"Kệ giữa dãy theo chủ đề (bếp, quà tặng, trang trí nhà), tầm tay; xoay vòng theo mùa.",941.01,85,4.350697674418605
23178,JAM CLOCK MAGNET,1,Hàng giá khá bán đều,"Kệ giữa dãy theo chủ đề (bếp, quà tặng, trang trí nhà), tầm tay; xoay vòng theo mùa.",936.89,68,3.360294117647059
23179,CLOCK MAGNET MUM'S KITCHEN,1,Hàng giá khá bán đều,"Kệ giữa dãy theo chủ đề (bếp, quà tặng, trang trí nhà), tầm tay; xoay vòng theo mùa.",930.48,53,3.5243396226415094
20831,GOLD PHOTO FRAME,1,Hàng giá khá bán đều,"Kệ giữa dãy theo chủ đề (bếp, quà tặng, trang trí nhà), tầm tay; xoay vòng theo mùa.",927.96,79,2.722625
82607A,GLASS BONBON JAR PARFUME AUX FLEURE,1,Hàng giá khá bán đều,"Kệ giữa dãy theo chủ đề (bếp, quà tặng, trang trí nhà), tầm tay; xoay vòng theo mùa.",923.72,159,1.8113207547169812
22703,PINK CAT BOWL,1,Hàng giá khá bán đều,"Kệ giữa dãy theo chủ đề (bếp, quà tặng, trang trí nhà), tầm tay; xoay vòng theo mùa.",921.8100000000001,165,1.9321818181818182
21264,WHITE GOOSE FEATHER TREE 60CM ,1,Hàng giá khá bán đều,"Kệ giữa dãy theo chủ đề (bếp, quà tặng, trang trí nhà), tầm tay; xoay vòng theo mùa.",917.8499999999999,68,3.4735294117647055
23338,EGG FRYING PAN RED ,1,Hàng giá khá bán đều,"Kệ giữa dãy theo chủ đề (bếp, quà tặng, trang trí nhà), tầm tay; xoay vòng theo mùa.",915.4000000000001,109,2.3390825688073393
21320,GLASS CHALICE GREEN  LARGE ,1,Hàng giá khá bán đều,"Kệ giữa dãy theo chủ đề (bếp, quà tặng, trang trí nhà), tầm tay; xoay vòng theo mùa.",913.34,56,3.1577192982456137
46000P,POLYESTER FILLER PAD 65CMx65CM,1,Hàng giá khá bán đều,"Kệ giữa dãy theo chủ đề (bếp, quà tặng, trang trí nhà), tầm tay; xoay vòng theo mùa.",905.25,49,4.25
22248,DECORATION  PINK CHICK MAGIC GARDEN,1,Hàng giá khá bán đều,"Kệ giữa dãy theo chủ đề (bếp, quà tặng, trang trí nhà), tầm tay; xoay vòng theo mùa.",901.5,173,1.0708938547486033
21480,PINK STRIPE HOT WATER BOTTLE,1,Hàng giá khá bán đều,"Kệ giữa dãy theo chủ đề (bếp, quà tặng, trang trí nhà), tầm tay; xoay vòng theo mùa.",899.5200000000001,57,3.835
84820,DANISH ROSE TRINKET TRAYS,1,Hàng giá khá bán đều,"Kệ giữa dãy theo chủ đề (bếp, quà tặng, trang trí nhà), tầm tay; xoay vòng theo mùa.",899.37,54,5.308518518518519
85031B,BLOSSOM IMAGES SCRAP BOOK SET,1,Hàng giá khá bán đều,"Kệ giữa dãy theo chủ đề (bếp, quà tặng, trang trí nhà), tầm tay; xoay vòng theo mùa.",896.09,85,3.3798823529411766
22936,BAKING MOULD ROSE WHITE CHOCOLATE,1,Hàng giá khá bán đều,"Kệ giữa dãy theo chủ đề (bếp, quà tặng, trang trí nhà), tầm tay; xoay vòng theo mùa.",895.97,50,4.326153846153846
21220,SET/4 BADGES DOGS,1,Hàng giá khá bán đều,"Kệ giữa dãy theo chủ đề (bếp, quà tặng, trang trí nhà), tầm tay; xoay vòng theo mùa.",888.68,159,1.6443749999999997
21724,PANDA AND BUNNIES STICKER SHEET,1,Hàng giá khá bán đều,"Kệ giữa dãy theo chủ đề (bếp, quà tặng, trang trí nhà), tầm tay; xoay vòng theo mùa.",888.3399999999999,178,1.0143575418994413
85214,TUB 24 PINK FLOWER PEGS,1,Hàng giá khá bán đều,"Kệ giữa dãy theo chủ đề (bếp, quà tặng, trang trí nhà), tầm tay; xoay vòng theo mùa.",886.2299999999999,169,1.8383625730994149
84086C,PINK/PURPLE RETRO RADIO,1,Hàng giá khá bán đều,"Kệ giữa dãy theo chủ đề (bếp, quà tặng, trang trí nhà), tầm tay; xoay vòng theo mùa.",884.75,88,3.2385227272727275
22164,STRING OF STARS CARD HOLDER,1,Hàng giá khá bán đều,"Kệ giữa dãy theo chủ đề (bếp, quà tặng, trang trí nhà), tầm tay; xoay vòng theo mùa.",883.2200000000001,49,3.3463265306122447
23423,PANTRY 3 HOOK ROLLING PIN HANGER,1,Hàng giá khá bán đều,"Kệ giữa dãy theo chủ đề (bếp, quà tặng, trang trí nhà), tầm tay; xoay vòng theo mùa.",876.9,66,4.536969696969697
90200C,BLUE SWEETHEART BRACELET,1,Hàng giá khá bán đều,"Kệ giữa dãy theo chủ đề (bếp, quà tặng, trang trí nhà), tầm tay; xoay vòng theo mùa.",874.63,98,4.244343434343435
90200E,GREEN SWEETHEART BRACELET,1,Hàng giá khá bán đều,"Kệ giữa dãy theo chủ đề (bếp, quà tặng, trang trí nhà), tầm tay; xoay vòng theo mùa.",873.97,91,4.22054945054945
21293,MIRRORED DOVE WALL DECORATION,1,Hàng giá khá bán đều,"Kệ giữa dãy theo chủ đề (bếp, quà tặng, trang trí nhà), tầm tay; xoay vòng theo mùa.",872.34,85,3.0056976744186046
21147,JINGLE BELLS TREE DECORATION,1,Hàng giá khá bán đều,"Kệ giữa dãy theo chủ đề (bếp, quà tặng, trang trí nhà), tầm tay; xoay vòng theo mùa.",870.48,118,2.1231932773109246
17012B,ORIGAMI JASMINE INCENSE/CANDLE SET,1,Hàng giá khá bán đều,"Kệ giữa dãy theo chủ đề (bếp, quà tặng, trang trí nhà), tầm tay; xoay vòng theo mùa.",867.4499999999999,126,2.1927777777777773
21255,"FRENCH BOTTLE , LAVENDER",1,Hàng giá khá bán đều,"Kệ giữa dãy theo chủ đề (bếp, quà tặng, trang trí nhà), tầm tay; xoay vòng theo mùa.",860.0799999999999,96,2.3885416666666663
84578,ELEPHANT TOY WITH BLUE T-SHIRT,1,Hàng giá khá bán đều,"Kệ giữa dãy theo chủ đề (bếp, quà tặng, trang trí nhà), tầm tay; xoay vòng theo mùa.",854.91,112,3.86859649122807
21478,SILVER SKULL HOT WATER BOTTLE ,1,Hàng giá khá bán đều,"Kệ giữa dãy theo chủ đề (bếp, quà tặng, trang trí nhà), tầm tay; xoay vòng theo mùa.",854.23,92,4.4205376344086025
84951B,SET OF 4 BLACK LOVEBIRD COASTERS,1,Hàng giá khá bán đều,"Kệ giữa dãy theo chủ đề (bếp, quà tặng, trang trí nhà), tầm tay; xoay vòng theo mùa.",853.99,125,2.1674603174603173
82613C,"METAL SIGN,CUPCAKE SINGLE HOOK",1,Hàng giá khá bán đều,"Kệ giữa dãy theo chủ đề (bếp, quà tặng, trang trí nhà), tầm tay; xoay vòng theo mùa.",852.49,199,1.7849246231155778
21376,LARGE  TALL CAMPHOR WOOD TOADSTOOL ,1,Hàng giá khá bán đều,"Kệ giữa dãy theo chủ đề (bếp, quà tặng, trang trí nhà), tầm tay; xoay vòng theo mùa.",849.91,46,5.996086956521739
84951A,SET OF 4 PISTACHIO LOVEBIRD COASTER,1,Hàng giá khá bán đều,"Kệ giữa dãy theo chủ đề (bếp, quà tặng, trang trí nhà), tầm tay; xoay vòng theo mùa.",848.76,135,2.1285925925925926
20897,VINTAGE NOTEBOOK PARIS DAYS,1,Hàng giá khá bán đều,"Kệ giữa dãy theo chủ đề (bếp, quà tặng, trang trí nhà), tầm tay; xoay vòng theo mùa.",848.7,75,3.8476
22229,BUNNY WOODEN PAINTED WITH FLOWER ,1,Hàng giá khá bán đều,"Kệ giữa dãy theo chủ đề (bếp, quà tặng, trang trí nhà), tầm tay; xoay vòng theo mùa.",845.3,185,1.0193650793650793
90161C,ANT COPPER LIME BOUDICCA BRACELET,1,Hàng giá khá bán đều,"Kệ giữa dãy theo chủ đề (bếp, quà tặng, trang trí nhà), tầm tay; xoay vòng theo mùa.",843.9100000000001,100,5.0213
20936,FORKED CACTUS CANDLE,1,Hàng giá khá bán đều,"Kệ giữa dãy theo chủ đề (bếp, quà tặng, trang trí nhà), tầm tay; xoay vòng theo mùa.",843.3900000000001,76,3.6732894736842105
40018E,TEA TIME PAPER LANTERNS,1,Hàng giá khá bán đều,"Kệ giữa dãy theo chủ đề (bếp, quà tặng, trang trí nhà), tầm tay; xoay vòng theo mùa.",837.02,81,2.8451851851851853
85208,SET/12 FUNKY FELT FLOWER PEG IN BAG,1,Hàng giá khá bán đều,"Kệ giữa dãy theo chủ đề (bếp, quà tặng, trang trí nhà), tầm tay; xoay vòng theo mùa.",836.94,87,2.1542528735632187
47563A,RETRO LONGBOARD IRONING BOARD COVER,1,Hàng giá khá bán đều,"Kệ giữa dãy theo chủ đề (bếp, quà tặng, trang trí nhà), tầm tay; xoay vòng theo mùa.",836.62,151,3.3438410596026493
47367B,PAIR PADDED HANGERS PINK CHECK,1,Hàng giá khá bán đều,"Kệ giữa dãy theo chủ đề (bếp, quà tặng, trang trí nhà), tầm tay; xoay vòng theo mùa.",834.95,95,3.5288541666666666
84849A,HELLO SAILOR BLUE SOAP HOLDER,1,Hàng giá khá bán đều,"Kệ giữa dãy theo chủ đề (bếp, quà tặng, trang trí nhà), tầm tay; xoay vòng theo mùa.",833.57,103,2.2339423076923075
20894,HANGING BAUBLE T-LIGHT HOLDER LARGE,1,Hàng giá khá bán đều,"Kệ giữa dãy theo chủ đề (bếp, quà tặng, trang trí nhà), tầm tay; xoay vòng theo mùa.",827.3000000000001,79,3.453625
22510,GINGHAM BABUSHKA DOORSTOP,1,Hàng giá khá bán đều,"Kệ giữa dãy theo chủ đề (bếp, quà tặng, trang trí nhà), tầm tay; xoay vòng theo mùa.",821.57,90,3.4143333333333334
37494A,FAIRY CAKE CERAMIC BUTTER DISH,1,Hàng giá khá bán đều,"Kệ giữa dãy theo chủ đề (bếp, quà tặng, trang trí nhà), tầm tay; xoay vòng theo mùa.",817.6,54,4.563148148148148
85187,S/12 MINI RABBIT EASTER,1,Hàng giá khá bán đều,"Kệ giữa dãy theo chủ đề (bếp, quà tặng, trang trí nhà), tầm tay; xoay vòng theo mùa.",816.4799999999999,109,1.9455357142857141
23106,ZINC HEARTS PLANT POT HOLDER,1,Hàng giá khá bán đều,"Kệ giữa dãy theo chủ đề (bếp, quà tặng, trang trí nhà), tầm tay; xoay vòng theo mùa.",815.59,53,2.9428301886792454
21719,LOVELY BONBON STICKER SHEET,1,Hàng giá khá bán đều,"Kệ giữa dãy theo chủ đề (bếp, quà tặng, trang trí nhà), tầm tay; xoay vòng theo mùa.",813.14,141,1.0726573426573425
21374,MIRRORED WALL ART SKULLS,1,Hàng giá khá bán đều,"Kệ giữa dãy theo chủ đề (bếp, quà tặng, trang trí nhà), tầm tay; xoay vòng theo mùa.",809.67,71,2.8980281690140846
20769,DAISY JOURNAL ,1,Hàng giá khá bán đều,"Kệ giữa dãy theo chủ đề (bếp, quà tặng, trang trí nhà), tầm tay; xoay vòng theo mùa.",808.81,79,2.561625
47594B,SCOTTIES DESIGN WASHBAG,1,Hàng giá khá bán đều,"Kệ giữa dãy theo chủ đề (bếp, quà tặng, trang trí nhà), tầm tay; xoay vòng theo mùa.",808.39,122,2.1536065573770493
21454,PAINTED PINK RABBIT ,1,Hàng giá khá bán đều,"Kệ giữa dãy theo chủ đề (bếp, quà tặng, trang trí nhà), tầm tay; xoay vòng theo mùa.",807.5999999999999,194,0.9064974619289339
84920,PINK FLOWER FABRIC PONY,1,Hàng giá khá bán đều,"Kệ giữa dãy theo chủ đề (bếp, quà tặng, trang trí nhà), tầm tay; xoay vòng theo mùa.",805.38,88,4.446590909090909
21222,SET/4 BADGES BEETLES,1,Hàng giá khá bán đều,"Kệ giữa dãy theo chủ đề (bếp, quà tặng, trang trí nhà), tầm tay; xoay vòng theo mùa.",804.65,133,1.5156716417910447
17107D,"FLOWER FAIRY,5 SUMMER B'DRAW LINERS",1,Hàng giá khá bán đều,"Kệ giữa dãy theo chủ đề (bếp, quà tặng, trang trí nhà), tầm tay; xoay vòng theo mùa.",803.25,86,2.55
22408,MONEY BOX CONFECTIONERY DESIGN,1,Hàng giá khá bán đều,"Kệ giữa dãy theo chủ đề (bếp, quà tặng, trang trí nhà), tầm tay; xoay vòng theo mùa.",798.67,95,1.4648958333333333
20699,MOUSEY LONG LEGS SOFT TOY,1,Hàng giá khá bán đều,"Kệ giữa dãy theo chủ đề (bếp, quà tặng, trang trí nhà), tầm tay; xoay vòng theo mùa.",797.9599999999999,88,3.062134831460674
21455,PAINTED YELLOW WOODEN DAISY,1,Hàng giá khá bán đều,"Kệ giữa dãy theo chủ đề (bếp, quà tặng, trang trí nhà), tầm tay; xoay vòng theo mùa.",797.27,167,0.9351461988304094
22447,PIN CUSHION BABUSHKA BLUE,1,Hàng giá khá bán đều,"Kệ giữa dãy theo chủ đề (bếp, quà tặng, trang trí nhà), tầm tay; xoay vòng theo mùa.",796.34,82,3.48609756097561
22058,CERAMIC LOVE HEARTS DESIGN MUG,1,Hàng giá khá bán đều,"Kệ giữa dãy theo chủ đề (bếp, quà tặng, trang trí nhà), tầm tay; xoay vòng theo mùa.",795.72,103,1.663181818181818
47574A,ENGLISH ROSE SCENTED HANGING FLOWER,1,Hàng giá khá bán đều,"Kệ giữa dãy theo chủ đề (bếp, quà tặng, trang trí nhà), tầm tay; xoay vòng theo mùa.",792.73,129,2.3022307692307695
23335,EGG FRYING PAN IVORY ,1,Hàng giá khá bán đều,"Kệ giữa dãy theo chủ đề (bếp, quà tặng, trang trí nhà), tầm tay; xoay vòng theo mùa.",790.7800000000001,96,2.3288659793814435
84534B,FAIRY CAKE NOTEBOOK A5 SIZE,1,Hàng giá khá bán đều,"Kệ giữa dãy theo chủ đề (bếp, quà tặng, trang trí nhà), tầm tay; xoay vòng theo mùa.",783.01,191,1.209371727748691
90200B,BLACK SWEETHEART BRACELET,1,Hàng giá khá bán đều,"Kệ giữa dãy theo chủ đề (bếp, quà tặng, trang trí nhà), tầm tay; xoay vòng theo mùa.",775.45,84,4.226190476190476
21723,ALPHABET HEARTS STICKER SHEET,1,Hàng giá khá bán đều,"Kệ giữa dãy theo chủ đề (bếp, quà tặng, trang trí nhà), tầm tay; xoay vòng theo mùa.",769.13,135,1.0296323529411764
84761,IVORY HANGING BIRD PLANTER ,1,Hàng giá khá bán đều,"Kệ giữa dãy theo chủ đề (bếp, quà tặng, trang trí nhà), tầm tay; xoay vòng theo mùa.",768.8499999999999,61,3.122295081967213
22640,SET OF 4 NAPKIN CHARMS 3 KEYS ,1,Hàng giá khá bán đều,"Kệ giữa dãy theo chủ đề (bếp, quà tặng, trang trí nhà), tầm tay; xoay vòng theo mùa.",765.39,87,2.561818181818182
35811A,ENAMEL PINK SUGAR CONTAINER,1,Hàng giá khá bán đều,"Kệ giữa dãy theo chủ đề (bếp, quà tặng, trang trí nhà), tầm tay; xoay vòng theo mùa.",762.97,84,2.913809523809524
23025,DRAWER KNOB VINTAGE GLASS BALL,1,Hàng giá khá bán đều,"Kệ giữa dãy theo chủ đề (bếp, quà tặng, trang trí nhà), tầm tay; xoay vòng theo mùa.",760.8000000000001,54,2.269814814814815
23282,FOLDING BUTTERFLY MIRROR IVORY ,1,Hàng giá khá bán đều,"Kệ giữa dãy theo chủ đề (bếp, quà tặng, trang trí nhà), tầm tay; xoay vòng theo mùa.",757.86,135,1.255912408759124
90209C,PINK ENAMEL+GLASS HAIR COMB,1,Hàng giá khá bán đều,"Kệ giữa dãy theo chủ đề (bếp, quà tặng, trang trí nhà), tầm tay; xoay vòng theo mùa.",754.46,66,2.0842424242424245
21194,PINK  HONEYCOMB PAPER FAN,1,Hàng giá khá bán đều,"Kệ giữa dãy theo chủ đề (bếp, quà tặng, trang trí nhà), tầm tay; xoay vòng theo mùa.",751.5,95,2.028659793814433
90200A,PURPLE SWEETHEART BRACELET,1,Hàng giá khá bán đều,"Kệ giữa dãy theo chủ đề (bếp, quà tặng, trang trí nhà), tầm tay; xoay vòng theo mùa.",749.69,99,4.227171717171717
84663A,GRASS HOPPER WOODEN WALL CLOCK ,1,Hàng giá khá bán đều,"Kệ giữa dãy theo chủ đề (bếp, quà tặng, trang trí nhà), tầm tay; xoay vòng theo mùa.",746.39,64,4.415
84689,S/2 BEACH HUT TREASURE CHESTS,1,Hàng giá khá bán đều,"Kệ giữa dãy theo chủ đề (bếp, quà tặng, trang trí nhà), tầm tay; xoay vòng theo mùa.",742.9,40,5.3012500000000005
21377,SMALL CAMPHOR WOOD FIELD  MUSHROOM,1,Hàng giá khá bán đều,"Kệ giữa dãy theo chủ đề (bếp, quà tặng, trang trí nhà), tầm tay; xoay vòng theo mùa.",742.56,98,2.524387755102041
84033,FLAG OF ST GEORGE ,1,Hàng giá khá bán đều,"Kệ giữa dãy theo chủ đề (bếp, quà tặng, trang trí nhà), tầm tay; xoay vòng theo mùa.",735.38,49,3.4215999999999998
22638,SET OF 4 NAPKIN CHARMS CROWNS ,1,Hàng giá khá bán đều,"Kệ giữa dãy theo chủ đề (bếp, quà tặng, trang trí nhà), tầm tay; xoay vòng theo mùa.",735.23,74,2.3525675675675677
21378,SMALL TALL CAMPHOR WOOD TOADSTOOL,1,Hàng giá khá bán đều,"Kệ giữa dãy theo chủ đề (bếp, quà tặng, trang trí nhà), tầm tay; xoay vòng theo mùa.",728.9699999999999,88,2.1554545454545457
21415,CLAM SHELL SMALL ,1,Hàng giá khá bán đều,"Kệ giữa dãy theo chủ đề (bếp, quà tặng, trang trí nhà), tầm tay; xoay vòng theo mùa.",726.1600000000001,82,2.6460975609756097
23562,SET OF 6 RIBBONS PERFECTLY PRETTY  ,1,Hàng giá khá bán đều,"Kệ giữa dãy theo chủ đề (bếp, quà tặng, trang trí nhà), tầm tay; xoay vòng theo mùa.",724.59,43,3.2853488372093027
85088,CANDY SPOT HAND BAG,1,Hàng giá khá bán đều,"Kệ giữa dãy theo chủ đề (bếp, quà tặng, trang trí nhà), tầm tay; xoay vòng theo mùa.",723.85,78,2.3424050632911393
20701,PINK CAT FLORAL CUSHION COVER ,1,Hàng giá khá bán đều,"Kệ giữa dãy theo chủ đề (bếp, quà tặng, trang trí nhà), tầm tay; xoay vòng theo mùa.",721.49,50,4.416
21026,SPACE OWL,1,Hàng giá khá bán đều,"Kệ giữa dãy theo chủ đề (bếp, quà tặng, trang trí nhà), tầm tay; xoay vòng theo mùa.",716.73,124,1.63304
20854,BLUE PATCH PURSE PINK HEART,1,Hàng giá khá bán đều,"Kệ giữa dãy theo chủ đề (bếp, quà tặng, trang trí nhà), tầm tay; xoay vòng theo mùa.",711.3699999999999,107,1.6635185185185184
21221,SET/4 BADGES CUTE CREATURES,1,Hàng giá khá bán đều,"Kệ giữa dãy theo chủ đề (bếp, quà tặng, trang trí nhà), tầm tay; xoay vòng theo mùa.",709.66,107,1.4973831775700934
21365,MIRRORED WALL ART STARS,1,Hàng giá khá bán đều,"Kệ giữa dãy theo chủ đề (bếp, quà tặng, trang trí nhà), tầm tay; xoay vòng theo mùa.",707.9200000000001,77,2.5030379746835445
21379,CAMPHOR WOOD PORTOBELLO MUSHROOM,1,Hàng giá khá bán đều,"Kệ giữa dãy theo chủ đề (bếp, quà tặng, trang trí nhà), tầm tay; xoay vòng theo mùa.",705.46,125,1.9376
22641,SET OF 4 NAPKIN CHARMS INSTRUMENT,1,Hàng giá khá bán đều,"Kệ giữa dãy theo chủ đề (bếp, quà tặng, trang trí nhà), tầm tay; xoay vòng theo mùa.",704.9,69,2.6027536231884056
22981,PANTRY APPLE CORER,1,Hàng giá khá bán đều,"Kệ giữa dãy theo chủ đề (bếp, quà tặng, trang trí nhà), tầm tay; xoay vòng theo mùa.",704.13,105,1.8700925925925926
20763,DAISY SKETCHBOOK ,1,Hàng giá khá bán đều,"Kệ giữa dãy theo chủ đề (bếp, quà tặng, trang trí nhà), tầm tay; xoay vòng theo mùa.",702.86,74,3.805945945945946
84569A,PACK 3 IRON ON DOG PATCHES,1,Hàng giá khá bán đều,"Kệ giữa dãy theo chủ đề (bếp, quà tặng, trang trí nhà), tầm tay; xoay vòng theo mùa.",702.42,112,1.3568421052631578
72801D,4 SKY BLUE DINNER CANDLES,1,Hàng giá khá bán đều,"Kệ giữa dãy theo chủ đề (bếp, quà tặng, trang trí nhà), tầm tay; xoay vòng theo mùa.",701.15,122,1.9635245901639342
21740,COSY SLIPPER SHOES LARGE RED,1,Hàng giá khá bán đều,"Kệ giữa dãy theo chủ đề (bếp, quà tặng, trang trí nhà), tầm tay; xoay vòng theo mùa.",698.0100000000001,66,3.687910447761194
84584,PINK GINGHAM CAT WITH SCARF,1,Hàng giá khá bán đều,"Kệ giữa dãy theo chủ đề (bếp, quà tặng, trang trí nhà), tầm tay; xoay vòng theo mùa.",696.75,75,2.8196
20898,VINTAGE NOTEBOOK TRAVELOGUE,1,Hàng giá khá bán đều,"Kệ giữa dãy theo chủ đề (bếp, quà tặng, trang trí nhà), tầm tay; xoay vòng theo mùa.",693.9200000000001,53,3.1941818181818182
84931B,BLUE SCOTTIE DOG W FLOWER PATTERN,1,Hàng giá khá bán đều,"Kệ giữa dãy theo chủ đề (bếp, quà tặng, trang trí nhà), tầm tay; xoay vòng theo mùa.",688.7299999999999,83,2.6616867469879515
47594A,CAROUSEL DESIGN WASHBAG,1,Hàng giá khá bán đều,"Kệ giữa dãy theo chủ đề (bếp, quà tặng, trang trí nhà), tầm tay; xoay vòng theo mùa.",682.51,106,2.1037735849056602
17012F,ORIGAMI SANDLEWOOD INCENSE/CAND SET,1,Hàng giá khá bán đều,"Kệ giữa dãy theo chủ đề (bếp, quà tặng, trang trí nhà), tầm tay; xoay vòng theo mùa.",680.65,107,1.8778504672897196
62094B,TURQ ICE CREAM BUM BAG ,1,Hàng giá khá bán đều,"Kệ giữa dãy theo chủ đề (bếp, quà tặng, trang trí nhà), tầm tay; xoay vòng theo mùa.",677.99,67,3.935820895522388
21847,GREEN  DIAMANTE PEN IN GIFT BOX,1,Hàng giá khá bán đều,"Kệ giữa dãy theo chủ đề (bếp, quà tặng, trang trí nhà), tầm tay; xoay vòng theo mùa.",675.37,71,3.2625
82613A,"METAL SIGN,CUPCAKE SINGLE HOOK",1,Hàng giá khá bán đều,"Kệ giữa dãy theo chủ đề (bếp, quà tặng, trang trí nhà), tầm tay; xoay vòng theo mùa.",674.95,119,1.635546218487395
20856,DENIM PATCH PURSE PINK BUTTERFLY,1,Hàng giá khá bán đều,"Kệ giữa dãy theo chủ đề (bếp, quà tặng, trang trí nhà), tầm tay; xoay vòng theo mùa.",674.0899999999999,122,1.6599999999999997
75013B,"STRING OF 8 BUTTERFLIES,PINK",1,Hàng giá khá bán đều,"Kệ giữa dãy theo chủ đề (bếp, quà tặng, trang trí nhà), tầm tay; xoay vòng theo mùa.",669.6199999999999,76,2.02275
85205B,PINK FELT EASTER RABBIT GARLAND,1,Hàng giá khá bán đều,"Kệ giữa dãy theo chủ đề (bếp, quà tặng, trang trí nhà), tầm tay; xoay vòng theo mùa.",669.38,61,3.193064516129032
21247,SET OF RED SALAD SERVERS ,1,Hàng giá khá bán đều,"Kệ giữa dãy theo chủ đề (bếp, quà tặng, trang trí nhà), tầm tay; xoay vòng theo mùa.",664.73,81,1.8867901234567903
21750,LARGE SKULL WINDMILL,1,Hàng giá khá bán đều,"Kệ giữa dãy theo chủ đề (bếp, quà tặng, trang trí nhà), tầm tay; xoay vòng theo mùa.",663.85,62,2.428548387096774
17012D,ORIGAMI ROSE INCENSE/CANDLE SET ,1,Hàng giá khá bán đều,"Kệ giữa dãy theo chủ đề (bếp, quà tặng, trang trí nhà), tầm tay; xoay vòng theo mùa.",658.7199999999999,116,1.9451724137931032
21263,GREEN GOOSE FEATHER TREE 60CM,1,Hàng giá khá bán đều,"Kệ giữa dãy theo chủ đề (bếp, quà tặng, trang trí nhà), tầm tay; xoay vòng theo mùa.",658.29,56,3.060175438596491
84986B,SET OF 36 SILVER PAPER DOILIES,1,Hàng giá khá bán đều,"Kệ giữa dãy theo chủ đề (bếp, quà tặng, trang trí nhà), tầm tay; xoay vòng theo mùa.",656.9399999999999,80,1.6222222222222222
22054,MINI CAKE STAND HANGING HEARTS,1,Hàng giá khá bán đều,"Kệ giữa dãy theo chủ đề (bếp, quà tặng, trang trí nhà), tầm tay; xoay vòng theo mùa.",655.01,74,2.1535897435897433
20618,QUEEN OF THE SKIES PASSPORT COVER ,1,Hàng giá khá bán đều,"Kệ giữa dãy theo chủ đề (bếp, quà tặng, trang trí nhà), tầm tay; xoay vòng theo mùa.",648.54,137,2.278905109489051
84916,HAND TOWEL PALE BLUE W FLOWERS,1,Hàng giá khá bán đều,"Kệ giữa dãy theo chủ đề (bếp, quà tặng, trang trí nhà), tầm tay; xoay vòng theo mùa.",646.4300000000001,58,4.468965517241379
47597,NEW ENGLAND TEATOWELS,1,Hàng giá khá bán đều,"Kệ giữa dãy theo chủ đề (bếp, quà tặng, trang trí nhà), tầm tay; xoay vòng theo mùa.",644.88,124,1.9637301587301585
23408,PHOTO FRAME LINEN AND LACE SMALL,1,Hàng giá khá bán đều,"Kệ giữa dãy theo chủ đề (bếp, quà tặng, trang trí nhà), tầm tay; xoay vòng theo mùa.",644.8000000000001,59,2.08
17181,CIRCLE OF FRIENDS CANDLE HOLDER,1,Hàng giá khá bán đều,"Kệ giữa dãy theo chủ đề (bếp, quà tặng, trang trí nhà), tầm tay; xoay vòng theo mùa.",642.66,65,3.771641791044776
47592A,CAROUSEL DES CHILD'S OVERALL,1,Hàng giá khá bán đều,"Kệ giữa dãy theo chủ đề (bếp, quà tặng, trang trí nhà), tầm tay; xoay vòng theo mùa.",637.37,101,1.8420792079207922
85185D,FROG SOCK PUPPET,1,Hàng giá khá bán đều,"Kệ giữa dãy theo chủ đề (bếp, quà tặng, trang trí nhà), tầm tay; xoay vòng theo mùa.",636.11,66,3.762878787878788
22391,PAPERWEIGHT HOME SWEET HOME,1,Hàng giá khá bán đều,"Kệ giữa dãy theo chủ đề (bếp, quà tặng, trang trí nhà), tầm tay; xoay vòng theo mùa.",635.1899999999999,66,2.8237878787878787
84507C,BLUE CIRCLES DESIGN MONKEY DOLL,1,Hàng giá khá bán đều,"Kệ giữa dãy theo chủ đề (bếp, quà tặng, trang trí nhà), tầm tay; xoay vòng theo mùa.",634.64,70,2.7132394366197183
20819,SILVER TEDDY BEAR,1,Hàng giá khá bán đều,"Kệ giữa dãy theo chủ đề (bếp, quà tặng, trang trí nhà), tầm tay; xoay vòng theo mùa.",631.49,65,3.888
84596J,MIXED NUTS LIGHT GREEN BOWL,1,Hàng giá khá bán đều,"Kệ giữa dãy theo chủ đề (bếp, quà tặng, trang trí nhà), tầm tay; xoay vòng theo mùa.",626.76,140,1.2025714285714284
82616A,BUBBLE GUM SCARF KNITTING KIT,1,Hàng giá khá bán đều,"Kệ giữa dãy theo chủ đề (bếp, quà tặng, trang trí nhà), tầm tay; xoay vòng theo mùa.",624.21,52,2.9890384615384615
23425,STORAGE TIN HOME SWEET HOME,1,Hàng giá khá bán đều,"Kệ giữa dãy theo chủ đề (bếp, quà tặng, trang trí nhà), tầm tay; xoay vòng theo mùa.",621.44,56,3.0989285714285715
23453,OVAL  MINI PORTRAIT FRAME,1,Hàng giá khá bán đều,"Kệ giữa dãy theo chủ đề (bếp, quà tặng, trang trí nhà), tầm tay; xoay vòng theo mùa.",615.98,47,1.9883673469387753
84859A,SILVER DISCO HANDBAG,1,Hàng giá khá bán đều,"Kệ giữa dãy theo chủ đề (bếp, quà tặng, trang trí nhà), tầm tay; xoay vòng theo mùa.",613.53,58,3.3916666666666666
35972,DAISY FOLKART HEART DECORATION,1,Hàng giá khá bán đều,"Kệ giữa dãy theo chủ đề (bếp, quà tặng, trang trí nhà), tầm tay; xoay vòng theo mùa.",611.38,87,1.7579545454545453
20655,QUEEN OF SKIES LUGGAGE TAG,1,Hàng giá khá bán đều,"Kệ giữa dãy theo chủ đề (bếp, quà tặng, trang trí nhà), tầm tay; xoay vòng theo mùa.",608.48,189,1.70125
21173,LOO ROLL  METAL SIGN ,1,Hàng giá khá bán đều,"Kệ giữa dãy theo chủ đề (bếp, quà tặng, trang trí nhà), tầm tay; xoay vòng theo mùa.",607.9599999999999,77,2.2123076923076925
85169D,PINK LOVE BIRD CANDLE,1,Hàng giá khá bán đều,"Kệ giữa dãy theo chủ đề (bếp, quà tặng, trang trí nhà), tầm tay; xoay vòng theo mùa.",603.98,88,1.4993181818181818
21440,12 MINI TOADSTOOL PEGS,1,Hàng giá khá bán đều,"Kệ giữa dãy theo chủ đề (bếp, quà tặng, trang trí nhà), tầm tay; xoay vòng theo mùa.",597.56,95,1.32875
84682,CLASSICAL ROSE DISH,1,Hàng giá khá bán đều,"Kệ giữa dãy theo chủ đề (bếp, quà tặng, trang trí nhà), tầm tay; xoay vòng theo mùa.",596.94,49,3.3329411764705887
82605,OLD DOC RUSSEL METAL SIGN,1,Hàng giá khá bán đều,"Kệ giữa dãy theo chủ đề (bếp, quà tặng, trang trí nhà), tầm tay; xoay vòng theo mùa.",595.07,125,2.3973809523809524
85117,NIGHTINGALE COATHOOK WHITE,1,Hàng giá khá bán đều,"Kệ giữa dãy theo chủ đề (bếp, quà tặng, trang trí nhà), tầm tay; xoay vòng theo mùa.",594.3199999999999,61,2.2267213114754094
72122,COFFEE SCENT PILLAR CANDLE,1,Hàng giá khá bán đều,"Kệ giữa dãy theo chủ đề (bếp, quà tặng, trang trí nhà), tầm tay; xoay vòng theo mùa.",593.3299999999999,120,1.1326612903225806
62096A,PINK/YELLOW FLOWERS HANDBAG,1,Hàng giá khá bán đều,"Kệ giữa dãy theo chủ đề (bếp, quà tặng, trang trí nhà), tầm tay; xoay vòng theo mùa.",592.79,89,2.2487912087912085
85113,POLKA DOT PISTACHIO PAIL,1,Hàng giá khá bán đều,"Kệ giữa dãy theo chủ đề (bếp, quà tặng, trang trí nhà), tầm tay; xoay vòng theo mùa.",591.6600000000001,48,2.310612244897959
21256,"FRENCH BOTTLE, BRASSERIE DES ARTIST",1,Hàng giá khá bán đều,"Kệ giữa dãy theo chủ đề (bếp, quà tặng, trang trí nhà), tầm tay; xoay vòng theo mùa.",588.64,65,2.422923076923077
23565,EGG CUP MILKMAID HELGA ,1,Hàng giá khá bán đều,"Kệ giữa dãy theo chủ đề (bếp, quà tặng, trang trí nhà), tầm tay; xoay vòng theo mùa.",586.31,63,1.8453968253968254
84569C,PACK 4 FLOWER/BUTTERFLY PATCHES,1,Hàng giá khá bán đều,"Kệ giữa dãy theo chủ đề (bếp, quà tặng, trang trí nhà), tầm tay; xoay vòng theo mùa.",584.93,89,1.792696629213483
20804,GLASS CHICKEN BUTTER DISH,1,Hàng giá khá bán đều,"Kệ giữa dãy theo chủ đề (bếp, quà tặng, trang trí nhà), tầm tay; xoay vòng theo mùa.",579.31,61,2.6788524590163934
20935,ROUND CACTUS CANDLE,1,Hàng giá khá bán đều,"Kệ giữa dãy theo chủ đề (bếp, quà tặng, trang trí nhà), tầm tay; xoay vòng theo mùa.",574.48,46,3.0772340425531914
84675,FROG KING WATERING CAN,1,Hàng giá khá bán đều,"Kệ giữa dãy theo chủ đề (bếp, quà tặng, trang trí nhà), tầm tay; xoay vòng theo mùa.",571.71,62,3.6961290322580647
85202,HANGING WOOD AND FELT HEART,1,Hàng giá khá bán đều,"Kệ giữa dãy theo chủ đề (bếp, quà tặng, trang trí nhà), tầm tay; xoay vòng theo mùa.",570.09,208,0.5805045871559633
85129A,"WHITE PEARL BEADED HEART, SMALL",1,Hàng giá khá bán đều,"Kệ giữa dãy theo chủ đề (bếp, quà tặng, trang trí nhà), tầm tay; xoay vòng theo mùa.",569.16,75,1.427
85086A,CANDY SPOT HEART DECORATION,1,Hàng giá khá bán đều,"Kệ giữa dãy theo chủ đề (bếp, quà tặng, trang trí nhà), tầm tay; xoay vòng theo mùa.",568.73,152,1.1639869281045752
84846A,SCENTED CANDLE IN DIGITALIS TIN,1,Hàng giá khá bán đều,"Kệ giữa dãy theo chủ đề (bếp, quà tặng, trang trí nhà), tầm tay; xoay vòng theo mùa.",567.5500000000001,54,2.573888888888889
20838,FRENCH LATTICE CUSHION COVER ,1,Hàng giá khá bán đều,"Kệ giữa dãy theo chủ đề (bếp, quà tặng, trang trí nhà), tầm tay; xoay vòng theo mùa.",565.8,63,1.9461904761904762
84569B,PACK 3 FIRE ENGINE/CAR PATCHES,1,Hàng giá khá bán đều,"Kệ giữa dãy theo chủ đề (bếp, quà tặng, trang trí nhà), tầm tay; xoay vòng theo mùa.",557.18,76,1.427763157894737
23451,SQUARE MINI PORTRAIT FRAME,1,Hàng giá khá bán đều,"Kệ giữa dãy theo chủ đề (bếp, quà tặng, trang trí nhà), tầm tay; xoay vòng theo mùa.",556.17,52,2.273396226415094
21371,MIRRORED WALL ART POPPIES,1,Hàng giá khá bán đều,"Kệ giữa dãy theo chủ đề (bếp, quà tặng, trang trí nhà), tầm tay; xoay vòng theo mùa.",556.01,64,2.59578125
22394,PAPERWEIGHT KINGS CHOICE ,1,Hàng giá khá bán đều,"Kệ giữa dãy theo chủ đề (bếp, quà tặng, trang trí nhà), tầm tay; xoay vòng theo mùa.",544.29,55,2.540909090909091
84596K,JELLY BABIES YELLOW SMALL BOWL,1,Hàng giá khá bán đều,"Kệ giữa dãy theo chủ đề (bếp, quà tặng, trang trí nhà), tầm tay; xoay vòng theo mùa.",543.41,93,1.4280645161290322
84510C,SET OF 4 POLKADOT COASTERS,1,Hàng giá khá bán đều,"Kệ giữa dãy theo chủ đề (bếp, quà tặng, trang trí nhà), tầm tay; xoay vòng theo mùa.",540.45,135,1.8794074074074074
20943,SET/6 GINGERBREAD STAR T-LIGHTS,1,Hàng giá khá bán đều,"Kệ giữa dãy theo chủ đề (bếp, quà tặng, trang trí nhà), tầm tay; xoay vòng theo mùa.",540.21,71,1.6716901408450704
20659,ECONOMY LUGGAGE TAG,1,Hàng giá khá bán đều,"Kệ giữa dãy theo chủ đề (bếp, quà tặng, trang trí nhà), tầm tay; xoay vòng theo mùa.",533.51,138,1.5739285714285713
85020,ROUND PINK HEART MIRROR,1,Hàng giá khá bán đều,"Kệ giữa dãy theo chủ đề (bếp, quà tặng, trang trí nhà), tầm tay; xoay vòng theo mùa.",533.48,58,2.571896551724138
21943,CAKES AND RABBITS DESIGN FLANNEL ,1,Hàng giá khá bán đều,"Kệ giữa dãy theo chủ đề (bếp, quà tặng, trang trí nhà), tầm tay; xoay vòng theo mùa.",529.16,149,1.1034228187919464
71270,PHOTO CLIP LINE,1,Hàng giá khá bán đều,"Kệ giữa dãy theo chủ đề (bếp, quà tặng, trang trí nhà), tầm tay; xoay vòng theo mùa.",525.4,81,1.67
85179A,GREEN BITTY LIGHT CHAIN,1,Hàng giá khá bán đều,"Kệ giữa dãy theo chủ đề (bếp, quà tặng, trang trí nhà), tầm tay; xoay vòng theo mùa.",522.85,72,3.318888888888889
23336,EGG FRYING PAN PINK ,1,Hàng giá khá bán đều,"Kệ giữa dãy theo chủ đề (bếp, quà tặng, trang trí nhà), tầm tay; xoay vòng theo mùa.",519.25,85,2.604418604651163
35810B,ENAMEL BLUE RIM COFFEE CONTAINER,1,Hàng giá khá bán đều,"Kệ giữa dãy theo chủ đề (bếp, quà tặng, trang trí nhà), tầm tay; xoay vòng theo mùa.",517.71,68,2.2813235294117646
85039C,S/4 BLACK MINI ROSE CANDLE IN BOWL,1,Hàng giá khá bán đều,"Kệ giữa dãy theo chủ đề (bếp, quà tặng, trang trí nhà), tầm tay; xoay vòng theo mùa.",516.31,114,1.7143859649122808
84931A,PINK SCOTTIE DOG W FLOWER PATTERN,1,Hàng giá khá bán đều,"Kệ giữa dãy theo chủ đề (bếp, quà tặng, trang trí nhà), tầm tay; xoay vòng theo mùa.",513.6899999999999,82,2.7070731707317073
46118,FUNKY MONKEY CUSHION COVER,1,Hàng giá khá bán đều,"Kệ giữa dãy theo chủ đề (bếp, quà tặng, trang trí nhà), tầm tay; xoay vòng theo mùa.",513.58,72,3.027945205479452
85129C,BEADED CRYSTAL HEART BLUE SMALL,1,Hàng giá khá bán đều,"Kệ giữa dãy theo chủ đề (bếp, quà tặng, trang trí nhà), tầm tay; xoay vòng theo mùa.",510.23,65,1.606969696969697
20654,FIRST CLASS LUGGAGE TAG ,1,Hàng giá khá bán đều,"Kệ giữa dãy theo chủ đề (bếp, quà tặng, trang trí nhà), tầm tay; xoay vòng theo mùa.",505.41,120,1.3760330578512396
84218,BOX/12 CHICK & EGG IN BASKET,1,Hàng giá khá bán đều,"Kệ giữa dãy theo chủ đề (bếp, quà tặng, trang trí nhà), tầm tay; xoay vòng theo mùa.",503.51,96,2.0510204081632653
85169B,BLACK LOVE BIRD CANDLE,1,Hàng giá khá bán đều,"Kệ giữa dãy theo chủ đề (bếp, quà tặng, trang trí nhà), tầm tay; xoay vòng theo mùa.",502.90999999999997,93,1.510851063829787
35471A,SET OF 3 BIRD L.BLUE FEATHER,1,Hàng giá khá bán đều,"Kệ giữa dãy theo chủ đề (bếp, quà tặng, trang trí nhà), tầm tay; xoay vòng theo mùa.",499.31,83,1.6135294117647059
85170B,SET/6 BLACK BIRD T-LIGHT CANDLES,1,Hàng giá khá bán đều,"Kệ giữa dãy theo chủ đề (bếp, quà tặng, trang trí nhà), tầm tay; xoay vòng theo mùa.",475.91,58,2.615689655172414
40046A,RED DAISY PAPER LAMPSHADE,1,Hàng giá khá bán đều,"Kệ giữa dãy theo chủ đề (bếp, quà tặng, trang trí nhà), tầm tay; xoay vòng theo mùa.",472.07,62,1.7974193548387096
85211,S/4 GROOVY CAT MAGNETS,1,Hàng giá khá bán đều,"Kệ giữa dãy theo chủ đề (bếp, quà tặng, trang trí nhà), tầm tay; xoay vòng theo mùa.",467.4,75,2.055128205128205
35911A,MULTICOLOUR RABBIT EGG WARMER,1,Hàng giá khá bán đều,"Kệ giữa dãy theo chủ đề (bếp, quà tặng, trang trí nhà), tầm tay; xoay vòng theo mùa.",466.69,96,1.5051546391752577
20616,CHERRY BLOSSOM PASSPORT COVER,1,Hàng giá khá bán đều,"Kệ giữa dãy theo chủ đề (bếp, quà tặng, trang trí nhà), tầm tay; xoay vòng theo mùa.",449.26,121,2.0985123966942147
62096B,PURPLE/TURQ FLOWERS HANDBAG,1,Hàng giá khá bán đều,"Kệ giữa dãy theo chủ đề (bếp, quà tặng, trang trí nhà), tầm tay; xoay vòng theo mùa.",441.99,82,2.315542168674699
21027,NINJA RABBIT PINK,1,Hàng giá khá bán đều,"Kệ giữa dãy theo chủ đề (bếp, quà tặng, trang trí nhà), tầm tay; xoay vòng theo mùa.",433.61,77,1.2543037974683544
37464,ROBOT MUG IN DISPLAY BOX,1,Hàng giá khá bán đều,"Kệ giữa dãy theo chủ đề (bếp, quà tặng, trang trí nhà), tầm tay; xoay vòng theo mùa.",431.18,82,1.7680722891566265
21028,NINJA RABBIT BLACK,1,Hàng giá khá bán đều,"Kệ giữa dãy theo chủ đề (bếp, quà tặng, trang trí nhà), tầm tay; xoay vòng theo mùa.",423.9,92,1.6121739130434782
20857,BLUE ROSE PATCH PURSE PINK BUTTERFL,1,Hàng giá khá bán đều,"Kệ giữa dãy theo chủ đề (bếp, quà tặng, trang trí nhà), tầm tay; xoay vòng theo mùa.",410.84999999999997,73,1.65
21698,MOCK LOBSTER FRIDGE MAGNET,1,Hàng giá khá bán đều,"Kệ giữa dãy theo chủ đề (bếp, quà tặng, trang trí nhà), tầm tay; xoay vòng theo mùa.",399.01,112,1.2316964285714285
21025,SPACE FROG,1,Hàng giá khá bán đều,"Kệ giữa dãy theo chủ đề (bếp, quà tặng, trang trí nhà), tầm tay; xoay vòng theo mùa.",396.12,81,1.520864197530864
84673B,BLUE FLY SWAT,1,Hàng giá khá bán đều,"Kệ giữa dãy theo chủ đề (bếp, quà tặng, trang trí nhà), tầm tay; xoay vòng theo mùa.",391.31,133,0.9244776119402984
47593A,CAROUSEL DESIGN BABY BIB,1,Hàng giá khá bán đều,"Kệ giữa dãy theo chủ đề (bếp, quà tặng, trang trí nhà), tầm tay; xoay vòng theo mùa.",309.18,98,0.9562
47578A,ENGLISH ROSE SMALL SCENTED FLOWER,1,Hàng giá khá bán đều,"Kệ giữa dãy theo chủ đề (bếp, quà tặng, trang trí nhà), tầm tay; xoay vòng theo mùa.",279.88,69,1.0512162162162162
79144B,PAINTED LIGHTBULB STAR+ MOON,1,Hàng giá khá bán đều,"Kệ giữa dãy theo chủ đề (bếp, quà tặng, trang trí nhà), tầm tay; xoay vòng theo mùa.",181.03,91,0.6481521739130435
20784,RED RETRO BAR STOOL,2,Hàng ngách khách quen,Kệ cuối cửa hàng / khu chuyên biệt; ưu tiên gợi ý cá nhân hoá cho đúng nhóm khách cũ.,3570.87,37,36.42621621621622
84872A,TEATIME FUNKY FLOWER BACKPACK FOR 2,2,Hàng ngách khách quen,Kệ cuối cửa hàng / khu chuyên biệt; ưu tiên gợi ý cá nhân hoá cho đúng nhóm khách cũ.,2620.0099999999998,147,11.20299319727891
84796A,PINK HAWAIIAN PICNIC HAMPER FOR 2,2,Hàng ngách khách quen,Kệ cuối cửa hàng / khu chuyên biệt; ưu tiên gợi ý cá nhân hoá cho đúng nhóm khách cũ.,2307.23,131,9.379847328244274
84913A,SOFT PINK ROSE TOWEL ,2,Hàng ngách khách quen,Kệ cuối cửa hàng / khu chuyên biệt; ưu tiên gợi ý cá nhân hoá cho đúng nhóm khách cũ.,2211.54,266,3.6103759398496242
21630,FLOOR CUSHION ELEPHANT CARNIVAL,2,Hàng ngách khách quen,Kệ cuối cửa hàng / khu chuyên biệt; ưu tiên gợi ý cá nhân hoá cho đúng nhóm khách cũ.,1973.3899999999999,95,13.734105263157895
46776F,WOVEN ROSE GARDEN CUSHION COVER ,2,Hàng ngách khách quen,Kệ cuối cửa hàng / khu chuyên biệt; ưu tiên gợi ý cá nhân hoá cho đúng nhóm khách cũ.,1704.6399999999999,158,4.20620253164557
17129F,BLUE GLASS GEMS IN BAG,2,Hàng ngách khách quen,Kệ cuối cửa hàng / khu chuyên biệt; ưu tiên gợi ý cá nhân hoá cho đúng nhóm khách cũ.,1684.58,145,1.4021232876712328
84913B,MINT GREEN ROSE TOWEL,2,Hàng ngách khách quen,Kệ cuối cửa hàng / khu chuyên biệt; ưu tiên gợi ý cá nhân hoá cho đúng nhóm khách cũ.,1593.29,200,3.6969
20902,VINTAGE KEEPSAKE BOX PARIS DAYS,2,Hàng ngách khách quen,Kệ cuối cửa hàng / khu chuyên biệt; ưu tiên gợi ý cá nhân hoá cho đúng nhóm khách cũ.,1525.22,116,9.306034482758621
21002,ROSE DU SUD DRAWSTRING BAG,2,Hàng ngách khách quen,Kệ cuối cửa hàng / khu chuyên biệt; ưu tiên gợi ý cá nhân hoá cho đúng nhóm khách cũ.,1507.22,184,3.536141304347826
85087,CANDY SPOT CUSHION COVER,2,Hàng ngách khách quen,Kệ cuối cửa hàng / khu chuyên biệt; ưu tiên gợi ý cá nhân hoá cho đúng nhóm khách cũ.,1392.64,146,3.6293150684931508
46776B,WOVEN BERRIES CUSHION COVER ,2,Hàng ngách khách quen,Kệ cuối cửa hàng / khu chuyên biệt; ưu tiên gợi ý cá nhân hoá cho đúng nhóm khách cũ.,1373.36,154,4.2614935064935064
84873A,FUNKY FLOWER PICNIC BAG FOR 4,2,Hàng ngách khách quen,Kệ cuối cửa hàng / khu chuyên biệt; ưu tiên gợi ý cá nhân hoá cho đúng nhóm khách cũ.,1367.51,75,11.5296
46776A,WOVEN BUBBLE GUM CUSHION COVER,2,Hàng ngách khách quen,Kệ cuối cửa hàng / khu chuyên biệt; ưu tiên gợi ý cá nhân hoá cho đúng nhóm khách cũ.,1303.88,122,4.359590163934426
46775E,CANDY POP CHUNKY KNITTED THROW ,2,Hàng ngách khách quen,Kệ cuối cửa hàng / khu chuyên biệt; ưu tiên gợi ý cá nhân hoá cho đúng nhóm khách cũ.,1282.9,51,13.26686274509804
20700,GREEN CAT FLORAL CUSHION COVER ,2,Hàng ngách khách quen,Kệ cuối cửa hàng / khu chuyên biệt; ưu tiên gợi ý cá nhân hoá cho đúng nhóm khách cũ.,1125.05,103,5.4233980582524275
85131D,BEADED CRYSTAL HEART PINK ON STICK,2,Hàng ngách khách quen,Kệ cuối cửa hàng / khu chuyên biệt; ưu tiên gợi ý cá nhân hoá cho đúng nhóm khách cũ.,1092.71,267,0.8734456928838951
84908B,BLUE 5 PATCH FLOWER CUSHION COVER,2,Hàng ngách khách quen,Kệ cuối cửa hàng / khu chuyên biệt; ưu tiên gợi ý cá nhân hoá cho đúng nhóm khách cũ.,1052.29,35,5.516857142857143
84908A,PINK 5 PATCH FLOWER CUSHION COVER ,2,Hàng ngách khách quen,Kệ cuối cửa hàng / khu chuyên biệt; ưu tiên gợi ý cá nhân hoá cho đúng nhóm khách cũ.,1045.16,36,5.822222222222222
46775A,BUBBLE GUM CHUNKY KNITTED THROW ,2,Hàng ngách khách quen,Kệ cuối cửa hàng / khu chuyên biệt; ưu tiên gợi ý cá nhân hoá cho đúng nhóm khách cũ.,1044.23,32,14.045
84923,PINK BUTTERFLY HANDBAG W BOBBLES,2,Hàng ngách khách quen,Kệ cuối cửa hàng / khu chuyên biệt; ưu tiên gợi ý cá nhân hoá cho đúng nhóm khách cũ.,1017.64,150,4.34
84905,PINK BUTTERFLY CUSHION COVER ,2,Hàng ngách khách quen,Kệ cuối cửa hàng / khu chuyên biệt; ưu tiên gợi ý cá nhân hoá cho đúng nhóm khách cũ.,1007.91,105,5.029047619047619
84918,CREAM CUSHION COVER WITH FLOWERS,2,Hàng ngách khách quen,Kệ cuối cửa hàng / khu chuyên biệt; ưu tiên gợi ý cá nhân hoá cho đúng nhóm khách cũ.,995.12,63,6.064920634920635
20903,VINTAGE KEEPSAKE BOX TRAVELOGUE,2,Hàng ngách khách quen,Kệ cuối cửa hàng / khu chuyên biệt; ưu tiên gợi ý cá nhân hoá cho đúng nhóm khách cũ.,919.8,86,7.181046511627907
46776C,WOVEN FROST CUSHION COVER,2,Hàng ngách khách quen,Kệ cuối cửa hàng / khu chuyên biệt; ưu tiên gợi ý cá nhân hoá cho đúng nhóm khách cũ.,905.1,96,4.324742268041237
85165,CANDY PINK FRENCH BOUDOIR CLOCK,2,Hàng ngách khách quen,Kệ cuối cửa hàng / khu chuyên biệt; ưu tiên gợi ý cá nhân hoá cho đúng nhóm khách cũ.,872.76,58,10.221379310344828
20901,VINTAGE KEEPSAKE BOX PINK FLOWER,2,Hàng ngách khách quen,Kệ cuối cửa hàng / khu chuyên biệt; ưu tiên gợi ý cá nhân hoá cho đúng nhóm khách cũ.,806.58,67,9.474626865671642
20910,VINTAGE PHOTO ALBUM PARIS DAYS,2,Hàng ngách khách quen,Kệ cuối cửa hàng / khu chuyên biệt; ưu tiên gợi ý cá nhân hoá cho đúng nhóm khách cũ.,769.12,47,8.377872340425531
22124,SET OF 2 TEA TOWELS PING MICROWAVE,2,Hàng ngách khách quen,Kệ cuối cửa hàng / khu chuyên biệt; ưu tiên gợi ý cá nhân hoá cho đúng nhóm khách cũ.,751.9300000000001,132,2.7221969696969697
90161B,ANT COPPER TURQ BOUDICCA BRACELET,2,Hàng ngách khách quen,Kệ cuối cửa hàng / khu chuyên biệt; ưu tiên gợi ý cá nhân hoá cho đúng nhóm khách cũ.,734.1600000000001,76,5.021578947368421
85131B,BEADED CRYSTAL HEART GREEN ON STICK,2,Hàng ngách khách quen,Kệ cuối cửa hàng / khu chuyên biệt; ưu tiên gợi ý cá nhân hoá cho đúng nhóm khách cũ.,730.74,216,0.8603703703703703
90209B,GREEN ENAMEL+GLASS HAIR COMB,2,Hàng ngách khách quen,Kệ cuối cửa hàng / khu chuyên biệt; ưu tiên gợi ý cá nhân hoá cho đúng nhóm khách cũ.,730.66,97,2.0865306122448977
90161D,ANT COPPER PINK BOUDICCA BRACELET,2,Hàng ngách khách quen,Kệ cuối cửa hàng / khu chuyên biệt; ưu tiên gợi ý cá nhân hoá cho đúng nhóm khách cũ.,687.52,75,4.992000000000001
46776E,WOVEN CANDY CUSHION COVER ,2,Hàng ngách khách quen,Kệ cuối cửa hàng / khu chuyên biệt; ưu tiên gợi ý cá nhân hoá cho đúng nhóm khách cũ.,666.23,78,4.191153846153846
46776D,WOVEN SUNSET CUSHION COVER ,2,Hàng ngách khách quen,Kệ cuối cửa hàng / khu chuyên biệt; ưu tiên gợi ý cá nhân hoá cho đúng nhóm khách cũ.,658.07,76,4.279605263157895
21003,ROSE DU SUD CUSHION COVER,2,Hàng ngách khách quen,Kệ cuối cửa hàng / khu chuyên biệt; ưu tiên gợi ý cá nhân hoá cho đúng nhóm khách cũ.,647.75,64,5.928125
GIFT_0001_30,Dotcomgiftshop Gift Voucher £30.00,2,Hàng ngách khách quen,Kệ cuối cửa hàng / khu chuyên biệt; ưu tiên gợi ý cá nhân hoá cho đúng nhóm khách cũ.,610.09,24,25.420416666666668
90198A,VINTAGE ROSE BEAD BRACELET RASPBERR,2,Hàng ngách khách quen,Kệ cuối cửa hàng / khu chuyên biệt; ưu tiên gợi ý cá nhân hoá cho đúng nhóm khách cũ.,609.4300000000001,84,4.223928571428571
18094C,WHITE AND BLUE CERAMIC OIL BURNER,2,Hàng ngách khách quen,Kệ cuối cửa hàng / khu chuyên biệt; ưu tiên gợi ý cá nhân hoá cho đúng nhóm khách cũ.,600.66,98,1.8870408163265306
90175D,TIGRIS EYE CHUNKY CHARM BRACELET,2,Hàng ngách khách quen,Kệ cuối cửa hàng / khu chuyên biệt; ưu tiên gợi ý cá nhân hoá cho đúng nhóm khách cũ.,527.8199999999999,41,9.128780487804878
71143,SILVER BOOK MARK WITH BEADS,2,Hàng ngách khách quen,Kệ cuối cửa hàng / khu chuyên biệt; ưu tiên gợi ý cá nhân hoá cho đúng nhóm khách cũ.,514.4499999999999,99,1.9806060606060605
90114,SUMMER DAISIES BAG CHARM,2,Hàng ngách khách quen,Kệ cuối cửa hàng / khu chuyên biệt; ưu tiên gợi ý cá nhân hoá cho đúng nhóm khách cũ.,514.18,111,2.48972972972973
16244A,MAXWELL 2 TONE PINK 60 PAGE PHOTO A,2,Hàng ngách khách quen,Kệ cuối cửa hàng / khu chuyên biệt; ưu tiên gợi ý cá nhân hoá cho đúng nhóm khách cũ.,479.40999999999997,28,4.073571428571428
GIFT_0001_20,Dotcomgiftshop Gift Voucher £20.00,2,Hàng ngách khách quen,Kệ cuối cửa hàng / khu chuyên biệt; ưu tiên gợi ý cá nhân hoá cho đúng nhóm khách cũ.,471.06,26,16.807692307692307
90192,JADE DROP EARRINGS W FILIGREE,2,Hàng ngách khách quen,Kệ cuối cửa hàng / khu chuyên biệt; ưu tiên gợi ý cá nhân hoá cho đúng nhóm khách cũ.,469.18,53,5.0220754716981135
90120C,GREEN MURANO TWIST BRACELET,2,Hàng ngách khách quen,Kệ cuối cửa hàng / khu chuyên biệt; ưu tiên gợi ý cá nhân hoá cho đúng nhóm khách cũ.,462.32,58,4.241379310344827
90201B,BLACK ENAMEL FLOWER RING,2,Hàng ngách khách quen,Kệ cuối cửa hàng / khu chuyên biệt; ưu tiên gợi ý cá nhân hoá cho đúng nhóm khách cũ.,454.31000000000006,54,2.9568518518518516
16243B,BROWN COZY SQUARE PHOTO ALBUM,2,Hàng ngách khách quen,Kệ cuối cửa hàng / khu chuyên biệt; ưu tiên gợi ý cá nhân hoá cho đúng nhóm khách cũ.,441.77,8,5.49625
90013A,MIDNIGHT BLUE VINTAGE EARRINGS,2,Hàng ngách khách quen,Kệ cuối cửa hàng / khu chuyên biệt; ưu tiên gợi ý cá nhân hoá cho đúng nhóm khách cũ.,434.27,77,3.788961038961039
90013B,BLACK VINTAGE EARRINGS,2,Hàng ngách khách quen,Kệ cuối cửa hàng / khu chuyên biệt; ưu tiên gợi ý cá nhân hoá cho đúng nhóm khách cũ.,428.92,79,4.186835443037975
16207A,PINK STRAWBERRY HANDBAG ,2,Hàng ngách khách quen,Kệ cuối cửa hàng / khu chuyên biệt; ưu tiên gợi ý cá nhân hoá cho đúng nhóm khách cũ.,423.53000000000003,76,3.001578947368421
84529C,YELLOW KNITTED KIDS RUCKSACK,2,Hàng ngách khách quen,Kệ cuối cửa hàng / khu chuyên biệt; ưu tiên gợi ý cá nhân hoá cho đúng nhóm khách cũ.,414.74,37,5.033783783783784
90206C,CRYSTAL DIAMANTE STAR BROOCH,2,Hàng ngách khách quen,Kệ cuối cửa hàng / khu chuyên biệt; ưu tiên gợi ý cá nhân hoá cho đúng nhóm khách cũ.,402.61,57,5.043684210526316
90201D,GREEN ENAMEL FLOWER RING,2,Hàng ngách khách quen,Kệ cuối cửa hàng / khu chuyên biệt; ưu tiên gợi ý cá nhân hoá cho đúng nhóm khách cũ.,391.37,57,2.9396491228070176
90208,PAIR OF PINK FLOWER CLUSTER SLIDE,2,Hàng ngách khách quen,Kệ cuối cửa hàng / khu chuyên biệt; ưu tiên gợi ý cá nhân hoá cho đúng nhóm khách cũ.,386.83,68,2.5154411764705884
90158,ST TROPEZ NECKLACE,2,Hàng ngách khách quen,Kệ cuối cửa hàng / khu chuyên biệt; ưu tiên gợi ý cá nhân hoá cho đúng nhóm khách cũ.,386.32,63,5.028888888888889
90070,RUBY GLASS CLUSTER BRACELET,2,Hàng ngách khách quen,Kệ cuối cửa hàng / khu chuyên biệt; ưu tiên gợi ý cá nhân hoá cho đúng nhóm khách cũ.,385.15000000000003,35,6.216571428571429
90201A,PURPLE ENAMEL FLOWER RING,2,Hàng ngách khách quen,Kệ cuối cửa hàng / khu chuyên biệt; ưu tiên gợi ý cá nhân hoá cho đúng nhóm khách cũ.,382.84000000000003,54,2.9424074074074076
90134,OLD ROSE COMBO BEAD NECKLACE,2,Hàng ngách khách quen,Kệ cuối cửa hàng / khu chuyên biệt; ưu tiên gợi ý cá nhân hoá cho đúng nhóm khách cũ.,370.92,96,2.9409375
90164B,WHITE  ROSEBUD PEARL BRACELET,2,Hàng ngách khách quen,Kệ cuối cửa hàng / khu chuyên biệt; ưu tiên gợi ý cá nhân hoá cho đúng nhóm khách cũ.,362.94,35,6.648571428571429
90013C,GREEN VINTAGE EARRINGS ,2,Hàng ngách khách quen,Kệ cuối cửa hàng / khu chuyên biệt; ưu tiên gợi ý cá nhân hoá cho đúng nhóm khách cũ.,353.55,56,4.1125
84030C,KNITTED RAINBOW HOT WATER BOTTLE,2,Hàng ngách khách quen,Kệ cuối cửa hàng / khu chuyên biệt; ưu tiên gợi ý cá nhân hoá cho đúng nhóm khách cũ.,330.78,19,6.677368421052631
90129B,TURQUOISE GLASS TASSLE BAG CHARM ,2,Hàng ngách khách quen,Kệ cuối cửa hàng / khu chuyên biệt; ưu tiên gợi ý cá nhân hoá cho đúng nhóm khách cũ.,329.95,62,2.0748387096774197
22889,NUMBER TILE VINTAGE FONT No ,2,Hàng ngách khách quen,Kệ cuối cửa hàng / khu chuyên biệt; ưu tiên gợi ý cá nhân hoá cho đúng nhóm khách cũ.,327.12,39,3.47275
90175B,PINK GLASS CHUNKY CHARM BRACELET,2,Hàng ngách khách quen,Kệ cuối cửa hàng / khu chuyên biệt; ưu tiên gợi ý cá nhân hoá cho đúng nhóm khách cũ.,322.84999999999997,27,8.966666666666667
90197B,BLACK GLASS BRACELET W HEART CHARMS,2,Hàng ngách khách quen,Kệ cuối cửa hàng / khu chuyên biệt; ưu tiên gợi ý cá nhân hoá cho đúng nhóm khách cũ.,322.52000000000004,51,5.046666666666667
90018A,SILVER M.O.P ORBIT DROP EARRINGS,2,Hàng ngách khách quen,Kệ cuối cửa hàng / khu chuyên biệt; ưu tiên gợi ý cá nhân hoá cho đúng nhóm khách cũ.,316.99,56,4.218928571428572
90173,PAIR BUTTERFLY HAIR CLIPS,2,Hàng ngách khách quen,Kệ cuối cửa hàng / khu chuyên biệt; ưu tiên gợi ý cá nhân hoá cho đúng nhóm khách cũ.,306.64,51,3.7961538461538464
90129A,PINK GLASS TASSLE BAG CHARM ,2,Hàng ngách khách quen,Kệ cuối cửa hàng / khu chuyên biệt; ưu tiên gợi ý cá nhân hoá cho đúng nhóm khách cũ.,295.38,73,1.9371621621621622
37422,WHITE WITH BLACK CATS BOWL,2,Hàng ngách khách quen,Kệ cuối cửa hàng / khu chuyên biệt; ưu tiên gợi ý cá nhân hoá cho đúng nhóm khách cũ.,292.08,73,1.3546575342465754
82093,HEART SHAPE BUTTON FRAME ,2,Hàng ngách khách quen,Kệ cuối cửa hàng / khu chuyên biệt; ưu tiên gợi ý cá nhân hoá cho đúng nhóm khách cũ.,283.49,28,3.1478571428571427
90163A,PINK ROSEBUD & PEARL NECKLACE,2,Hàng ngách khách quen,Kệ cuối cửa hàng / khu chuyên biệt; ưu tiên gợi ý cá nhân hoá cho đúng nhóm khách cũ.,280.71,24,7.605416666666667
90115,SUMMER BUTTERFLIES BAG CHARM,2,Hàng ngách khách quen,Kệ cuối cửa hàng / khu chuyên biệt; ưu tiên gợi ý cá nhân hoá cho đúng nhóm khách cũ.,278.96,60,2.632166666666666
DCGS0076,SUNJAR LED NIGHT NIGHT LIGHT,2,Hàng ngách khách quen,Kệ cuối cửa hàng / khu chuyên biệt; ưu tiên gợi ý cá nhân hoá cho đúng nhóm khách cũ.,275.96,14,16.255
21950,SET OF 6 DOTS CHOPSTICKS,2,Hàng ngách khách quen,Kệ cuối cửa hàng / khu chuyên biệt; ưu tiên gợi ý cá nhân hoá cho đúng nhóm khách cũ.,263.63,18,2.3994444444444443
90129E,PURPLE GLASS TASSLE BAG CHARM,2,Hàng ngách khách quen,Kệ cuối cửa hàng / khu chuyên biệt; ưu tiên gợi ý cá nhân hoá cho đúng nhóm khách cũ.,263.14,59,1.9168333333333334
85095,THREE CANVAS LUGGAGE TAGS,2,Hàng ngách khách quen,Kệ cuối cửa hàng / khu chuyên biệt; ưu tiên gợi ý cá nhân hoá cho đúng nhóm khách cũ.,259.09,49,1.7959183673469388
85179C,PINK BITTY LIGHT CHAIN,2,Hàng ngách khách quen,Kệ cuối cửa hàng / khu chuyên biệt; ưu tiên gợi ý cá nhân hoá cho đúng nhóm khách cũ.,257.15,40,3.185
GIFT_0001_50,Dotcomgiftshop Gift Voucher £50.00,2,Hàng ngách khách quen,Kệ cuối cửa hàng / khu chuyên biệt; ưu tiên gợi ý cá nhân hoá cho đúng nhóm khách cũ.,253.59,6,42.265
90073,VINTAGE ENAMEL & CRYSTAL EARRINGS,2,Hàng ngách khách quen,Kệ cuối cửa hàng / khu chuyên biệt; ưu tiên gợi ý cá nhân hoá cho đúng nhóm khách cũ.,250.34,34,5.029411764705882
90170,DAISY HAIR BAND,2,Hàng ngách khách quen,Kệ cuối cửa hàng / khu chuyên biệt; ưu tiên gợi ý cá nhân hoá cho đúng nhóm khách cũ.,249.57999999999998,73,1.6715068493150684
90087,CRYSTAL SEA HORSE PHONE CHARM,2,Hàng ngách khách quen,Kệ cuối cửa hàng / khu chuyên biệt; ưu tiên gợi ý cá nhân hoá cho đúng nhóm khách cũ.,249.55999999999997,53,1.381320754716981
46307,ROSES BLUE BASE CUSHION COVER ,2,Hàng ngách khách quen,Kệ cuối cửa hàng / khu chuyên biệt; ưu tiên gợi ý cá nhân hoá cho đúng nhóm khách cũ.,246.03,33,5.2645454545454555
90028,NEW BAROQUE LARGE NECKLACE BLK/WHIT,2,Hàng ngách khách quen,Kệ cuối cửa hàng / khu chuyên biệt; ưu tiên gợi ý cá nhân hoá cho đúng nhóm khách cũ.,244.79,24,8.43625
90096,NECKLACE+BRACELET SET BLUE BLOSSOM,2,Hàng ngách khách quen,Kệ cuối cửa hàng / khu chuyên biệt; ưu tiên gợi ý cá nhân hoá cho đúng nhóm khách cũ.,243.60999999999999,49,2.4723529411764704
90129C,GREEN GLASS TASSLE BAG CHARM,2,Hàng ngách khách quen,Kệ cuối cửa hàng / khu chuyên biệt; ưu tiên gợi ý cá nhân hoá cho đúng nhóm khách cũ.,243.38,51,2.1127450980392157
90119,METALIC LEAVES BAG CHARMS,2,Hàng ngách khách quen,Kệ cuối cửa hàng / khu chuyên biệt; ưu tiên gợi ý cá nhân hoá cho đúng nhóm khách cũ.,243.07,42,2.5385714285714283
90133,TEAL/FUSCHIA COL BEAD NECKLACE,2,Hàng ngách khách quen,Kệ cuối cửa hàng / khu chuyên biệt; ưu tiên gợi ý cá nhân hoá cho đúng nhóm khách cũ.,236.46,36,5.055833333333333
90181B,AMETHYST GLASS/SHELL/PEARL NECKLACE,2,Hàng ngách khách quen,Kệ cuối cửa hàng / khu chuyên biệt; ưu tiên gợi ý cá nhân hoá cho đúng nhóm khách cũ.,231.27,24,9.255
90164A,PINK ROSEBUD PEARL BRACELET,2,Hàng ngách khách quen,Kệ cuối cửa hàng / khu chuyên biệt; ưu tiên gợi ý cá nhân hoá cho đúng nhóm khách cũ.,230.39,25,6.93
22880,NUMBER TILE VINTAGE FONT 1,2,Hàng ngách khách quen,Kệ cuối cửa hàng / khu chuyên biệt; ưu tiên gợi ý cá nhân hoá cho đúng nhóm khách cũ.,230.26999999999998,37,3.1840540540540543
90116,FRUIT SALAD BAG CHARM,2,Hàng ngách khách quen,Kệ cuối cửa hàng / khu chuyên biệt; ưu tiên gợi ý cá nhân hoá cho đúng nhóm khách cũ.,225.51999999999998,63,2.3252380952380953
90125D,PURPLE BERTIE GLASS BEAD BAG CHARM,2,Hàng ngách khách quen,Kệ cuối cửa hàng / khu chuyên biệt; ưu tiên gợi ý cá nhân hoá cho đúng nhóm khách cũ.,223.74,36,2.7491666666666665
22881,NUMBER TILE VINTAGE FONT 2,2,Hàng ngách khách quen,Kệ cuối cửa hàng / khu chuyên biệt; ưu tiên gợi ý cá nhân hoá cho đúng nhóm khách cũ.,218.82,36,3.151111111111111
90005A,JADE GREEN ENAMEL HAIR COMB,2,Hàng ngách khách quen,Kệ cuối cửa hàng / khu chuyên biệt; ưu tiên gợi ý cá nhân hoá cho đúng nhóm khách cũ.,216.87,57,2.0808771929824563
90214A,"LETTER ""A"" BLING KEY RING",2,Hàng ngách khách quen,Kệ cuối cửa hàng / khu chuyên biệt; ưu tiên gợi ý cá nhân hoá cho đúng nhóm khách cũ.,213.65,104,1.054423076923077
90019C,SILVER BLACK ORBIT BRACELET,2,Hàng ngách khách quen,Kệ cuối cửa hàng / khu chuyên biệt; ưu tiên gợi ý cá nhân hoá cho đúng nhóm khách cũ.,213.38,34,5.3561764705882355
22883,NUMBER TILE VINTAGE FONT 4,2,Hàng ngách khách quen,Kệ cuối cửa hàng / khu chuyên biệt; ưu tiên gợi ý cá nhân hoá cho đúng nhóm khách cũ.,213.04999999999998,34,3.288235294117647
90024B,NEW BAROQUE B'FLY NECKLACE RED,2,Hàng ngách khách quen,Kệ cuối cửa hàng / khu chuyên biệt; ưu tiên gợi ý cá nhân hoá cho đúng nhóm khách cũ.,212.24,22,8.488181818181818
90211B,JET BLACK LAS VEGAS NECKLACE 45CM,2,Hàng ngách khách quen,Kệ cuối cửa hàng / khu chuyên biệt; ưu tiên gợi ý cá nhân hoá cho đúng nhóm khách cũ.,208.21,26,5.948846153846154
90056,CHUNKY CRACKED GLAZE NECKLACE IVORY,2,Hàng ngách khách quen,Kệ cuối cửa hàng / khu chuyên biệt; ưu tiên gợi ý cá nhân hoá cho đúng nhóm khách cũ.,207.94,14,11.013571428571428
90040A,MURANO STYLE GLASS BRACELET RED,2,Hàng ngách khách quen,Kệ cuối cửa hàng / khu chuyên biệt; ưu tiên gợi ý cá nhân hoá cho đúng nhóm khách cũ.,207.05,34,4.013823529411765
90036F,"FLOWER GLASS GARLD NECKL36""TURQUOIS",2,Hàng ngách khách quen,Kệ cuối cửa hàng / khu chuyên biệt; ưu tiên gợi ý cá nhân hoá cho đúng nhóm khách cũ.,192.17000000000002,15,8.041333333333334
90003C,MIDNIGHT BLUE PAIR HEART HAIR SLIDE,2,Hàng ngách khách quen,Kệ cuối cửa hàng / khu chuyên biệt; ưu tiên gợi ý cá nhân hoá cho đúng nhóm khách cũ.,191.54,35,3.758857142857143
90130B,TURQ STONE/CRYSTAL EARRINGS,2,Hàng ngách khách quen,Kệ cuối cửa hàng / khu chuyên biệt; ưu tiên gợi ý cá nhân hoá cho đúng nhóm khách cũ.,188.09,49,2.9373469387755105
90086,CRYSTAL FROG PHONE CHARM,2,Hàng ngách khách quen,Kệ cuối cửa hàng / khu chuyên biệt; ưu tiên gợi ý cá nhân hoá cho đúng nhóm khách cũ.,182.79,46,1.4219565217391303
90214S,"LETTER ""S"" BLING KEY RING",2,Hàng ngách khách quen,Kệ cuối cửa hàng / khu chuyên biệt; ưu tiên gợi ý cá nhân hoá cho đúng nhóm khách cũ.,181.34,86,1.036279069767442
79144C,PAINTED LIGHTBULB RAINBOW DESIGN,2,Hàng ngách khách quen,Kệ cuối cửa hàng / khu chuyên biệt; ưu tiên gợi ý cá nhân hoá cho đúng nhóm khách cũ.,180.14,97,0.7314432989690722
90072,RUBY DROP CHANDELIER EARRINGS,2,Hàng ngách khách quen,Kệ cuối cửa hàng / khu chuyên biệt; ưu tiên gợi ý cá nhân hoá cho đúng nhóm khách cũ.,176.31,30,4.110666666666667
22886,NUMBER TILE VINTAGE FONT 7,2,Hàng ngách khách quen,Kệ cuối cửa hàng / khu chuyên biệt; ưu tiên gợi ý cá nhân hoá cho đúng nhóm khách cũ.,174.16,29,2.917586206896552
90166,PINK & WHITE ROSEBUD RING,2,Hàng ngách khách quen,Kệ cuối cửa hàng / khu chuyên biệt; ưu tiên gợi ý cá nhân hoá cho đúng nhóm khách cũ.,168.94,31,4.216451612903226
90019B,GOLD M.O.P ORBIT BRACELET,2,Hàng ngách khách quen,Kệ cuối cửa hàng / khu chuyên biệt; ưu tiên gợi ý cá nhân hoá cho đúng nhóm khách cũ.,168.62,28,5.3149999999999995
90204,PAIR OF ENAMEL BUTTERFLY HAIRCLIP,2,Hàng ngách khách quen,Kệ cuối cửa hàng / khu chuyên biệt; ưu tiên gợi ý cá nhân hoá cho đúng nhóm khách cũ.,168.46,37,3.373513513513514
35916C,PINK FELT HANGING HEART W FLOWER,2,Hàng ngách khách quen,Kệ cuối cửa hàng / khu chuyên biệt; ưu tiên gợi ý cá nhân hoá cho đúng nhóm khách cũ.,167.54999999999998,42,1.220952380952381
90211A,DIAMOND LAS VEGAS NECKLACE 45CM,2,Hàng ngách khách quen,Kệ cuối cửa hàng / khu chuyên biệt; ưu tiên gợi ý cá nhân hoá cho đúng nhóm khách cũ.,166.57000000000002,21,5.955714285714286
GIFT_0001_40,Dotcomgiftshop Gift Voucher £40.00,2,Hàng ngách khách quen,Kệ cuối cửa hàng / khu chuyên biệt; ưu tiên gợi ý cá nhân hoá cho đúng nhóm khách cũ.,166.09,5,33.218
90214L,"LETTER ""L"" BLING KEY RING",2,Hàng ngách khách quen,Kệ cuối cửa hàng / khu chuyên biệt; ưu tiên gợi ý cá nhân hoá cho đúng nhóm khách cũ.,166.06,68,1.0161764705882352
90018B,GOLD M.O.P ORBIT DROP EARRINGS,2,Hàng ngách khách quen,Kệ cuối cửa hàng / khu chuyên biệt; ưu tiên gợi ý cá nhân hoá cho đúng nhóm khách cũ.,164.62,31,4.22
90039D,FIRE POLISHED GLASS BRACELET GREEN,2,Hàng ngách khách quen,Kệ cuối cửa hàng / khu chuyên biệt; ưu tiên gợi ý cá nhân hoá cho đúng nhóm khách cũ.,162.66,24,3.79625
90214C,"LETTER ""C"" BLING KEY RING",2,Hàng ngách khách quen,Kệ cuối cửa hàng / khu chuyên biệt; ưu tiên gợi ý cá nhân hoá cho đúng nhóm khách cũ.,162.53,69,1.0227536231884058
90190C,SILVER/AMETHYST DROP EARRINGS LEAF,2,Hàng ngách khách quen,Kệ cuối cửa hàng / khu chuyên biệt; ưu tiên gợi ý cá nhân hoá cho đúng nhóm khách cũ.,161.82,36,2.9380555555555556
90214J,"LETTER ""J"" BLING KEY RING",2,Hàng ngách khách quen,Kệ cuối cửa hàng / khu chuyên biệt; ưu tiên gợi ý cá nhân hoá cho đúng nhóm khách cũ.,161.47,88,1.054318181818182
90042A,FRESHWATER PEARL BRACELET GOLD,2,Hàng ngách khách quen,Kệ cuối cửa hàng / khu chuyên biệt; ưu tiên gợi ý cá nhân hoá cho đúng nhóm khách cũ.,160.79,33,2.554242424242424
90214K,"LETTER ""K"" BLING KEY RING",2,Hàng ngách khách quen,Kệ cuối cửa hàng / khu chuyên biệt; ưu tiên gợi ý cá nhân hoá cho đúng nhóm khách cũ.,158.4,83,1.1232530120481927
90059A,DIAMANTE HAIR GRIP PACK/2 CRYSTAL,2,Hàng ngách khách quen,Kệ cuối cửa hàng / khu chuyên biệt; ưu tiên gợi ý cá nhân hoá cho đúng nhóm khách cũ.,156.98,48,1.6727083333333332
90183A,AMBER DROP EARRINGS W LONG BEADS,2,Hàng ngách khách quen,Kệ cuối cửa hàng / khu chuyên biệt; ưu tiên gợi ý cá nhân hoá cho đúng nhóm khách cũ.,155.65,31,2.9306451612903226
90065B,BLACK VINT ART DEC CRYSTAL BRACELET,2,Hàng ngách khách quen,Kệ cuối cửa hàng / khu chuyên biệt; ưu tiên gợi ý cá nhân hoá cho đúng nhóm khách cũ.,154.87,16,7.0025
90042C,FRESHWATER PEARL BRACELET IVORY,2,Hàng ngách khách quen,Kệ cuối cửa hàng / khu chuyên biệt; ưu tiên gợi ý cá nhân hoá cho đúng nhóm khách cũ.,150.20999999999998,26,2.5430769230769235
90016C,SILVER/BLACK PENDANT ORBIT NECKLACE,2,Hàng ngách khách quen,Kệ cuối cửa hàng / khu chuyên biệt; ưu tiên gợi ý cá nhân hoá cho đúng nhóm khách cũ.,144.07,14,8.47
90202D,PINK ENAMEL FLOWER HAIR TIE,2,Hàng ngách khách quen,Kệ cuối cửa hàng / khu chuyên biệt; ưu tiên gợi ý cá nhân hoá cho đúng nhóm khách cũ.,141.49,24,2.94375
90212B,JET BLACK LAS VEGAS BRACELET ROUND,2,Hàng ngách khách quen,Kệ cuối cửa hàng / khu chuyên biệt; ưu tiên gợi ý cá nhân hoá cho đúng nhóm khách cũ.,140.07,28,3.7971428571428567
90214M,"LETTER ""M"" BLING KEY RING",2,Hàng ngách khách quen,Kệ cuối cửa hàng / khu chuyên biệt; ưu tiên gợi ý cá nhân hoá cho đúng nhóm khách cũ.,139.82,64,1.09015625
90022,EDWARDIAN DROP EARRINGS JET BLACK,2,Hàng ngách khách quen,Kệ cuối cửa hàng / khu chuyên biệt; ưu tiên gợi ý cá nhân hoá cho đúng nhóm khách cũ.,139.67,32,3.77875
90038A,GLASS AND PAINTED BEADS BRACELET TO,2,Hàng ngách khách quen,Kệ cuối cửa hàng / khu chuyên biệt; ưu tiên gợi ý cá nhân hoá cho đúng nhóm khách cũ.,135.8,22,3.786363636363636
90165B,WHITE ROSEBUD  PEARL EARRINGS,2,Hàng ngách khách quen,Kệ cuối cửa hàng / khu chuyên biệt; ưu tiên gợi ý cá nhân hoá cho đúng nhóm khách cũ.,131.65,35,2.5237142857142856
90101,WHITE FRANGIPANI NECKLACE,2,Hàng ngách khách quen,Kệ cuối cửa hàng / khu chuyên biệt; ưu tiên gợi ý cá nhân hoá cho đúng nhóm khách cũ.,131.16,29,2.5248275862068965
90190A,SILVER/CRYSTAL DROP EARRINGS W LEAF,2,Hàng ngách khách quen,Kệ cuối cửa hàng / khu chuyên biệt; ưu tiên gợi ý cá nhân hoá cho đúng nhóm khách cũ.,129.59,31,2.944516129032258
90181A,AMBER GLASS/SHELL/PEARL NECKLACE,2,Hàng ngách khách quen,Kệ cuối cửa hàng / khu chuyên biệt; ưu tiên gợi ý cá nhân hoá cho đúng nhóm khách cũ.,128.64,14,9.188571428571427
GIFT_0001_10,Dotcomgiftshop Gift Voucher £10.00,2,Hàng ngách khách quen,Kệ cuối cửa hàng / khu chuyên biệt; ưu tiên gợi ý cá nhân hoá cho đúng nhóm khách cũ.,126.21,14,8.42
90174,BUTTERFLY HAIR BAND,2,Hàng ngách khách quen,Kệ cuối cửa hàng / khu chuyên biệt; ưu tiên gợi ý cá nhân hoá cho đúng nhóm khách cũ.,126.11999999999999,32,2.5178125
90138,WHITE/PINK MINI CRYSTALS NECKLACE,2,Hàng ngách khách quen,Kệ cuối cửa hàng / khu chuyên biệt; ưu tiên gợi ý cá nhân hoá cho đúng nhóm khách cũ.,125.64,17,5.319411764705883
90168,2 DAISIES HAIR COMB,2,Hàng ngách khách quen,Kệ cuối cửa hàng / khu chuyên biệt; ưu tiên gợi ý cá nhân hoá cho đúng nhóm khách cũ.,123.76,24,2.9425000000000003
90205C,LARGE CRYSTAL DIAMANTE HAIRSLIDE,2,Hàng ngách khách quen,Kệ cuối cửa hàng / khu chuyên biệt; ưu tiên gợi ý cá nhân hoá cho đúng nhóm khách cũ.,122.31,24,1.6591666666666667
90003E,GREEN PAIR HEART HAIR SLIDES,2,Hàng ngách khách quen,Kệ cuối cửa hàng / khu chuyên biệt; ưu tiên gợi ý cá nhân hoá cho đúng nhóm khách cũ.,120.31,22,3.766818181818182
35916B,BLUE FELT HANGING HEART WITH FLOWER,2,Hàng ngách khách quen,Kệ cuối cửa hàng / khu chuyên biệt; ưu tiên gợi ý cá nhân hoá cho đúng nhóm khách cũ.,119.67,46,0.9663043478260869
90139,FLOWER BROOCH 4 ASSORTED COLOURS,2,Hàng ngách khách quen,Kệ cuối cửa hàng / khu chuyên biệt; ưu tiên gợi ý cá nhân hoá cho đúng nhóm khách cũ.,118.24000000000001,18,5.152222222222223
35916A,YELLOW FELT HANGING HEART W FLOWER,2,Hàng ngách khách quen,Kệ cuối cửa hàng / khu chuyên biệt; ưu tiên gợi ý cá nhân hoá cho đúng nhóm khách cũ.,112.03999999999999,44,1.0156818181818181
90103,PURPLE FRANGIPANI NECKLACE,2,Hàng ngách khách quen,Kệ cuối cửa hàng / khu chuyên biệt; ưu tiên gợi ý cá nhân hoá cho đúng nhóm khách cũ.,110.85,30,2.521333333333333
82069,BEECH WOOD P/FRAME,2,Hàng ngách khách quen,Kệ cuối cửa hàng / khu chuyên biệt; ưu tiên gợi ý cá nhân hoá cho đúng nhóm khách cũ.,109.85,11,6.275454545454545
90177C,DROP DIAMANTE EARRINGS CRYSTAL,2,Hàng ngách khách quen,Kệ cuối cửa hàng / khu chuyên biệt; ưu tiên gợi ý cá nhân hoá cho đúng nhóm khách cũ.,109.03,24,2.9458333333333333
90071,RUBY GLASS CLUSTER EARRINGS,2,Hàng ngách khách quen,Kệ cuối cửa hàng / khu chuyên biệt; ưu tiên gợi ý cá nhân hoá cho đúng nhóm khách cũ.,108.99,73,1.253013698630137
20667,CHERRY BLOSSOM PURSE,2,Hàng ngách khách quen,Kệ cuối cửa hàng / khu chuyên biệt; ưu tiên gợi ý cá nhân hoá cho đúng nhóm khách cũ.,108.69,24,2.6437500000000003
90104,PURPLE FRANGIPANI HAIRCLIP,2,Hàng ngách khách quen,Kệ cuối cửa hàng / khu chuyên biệt; ưu tiên gợi ý cá nhân hoá cho đúng nhóm khách cũ.,108.11,49,0.8342
90118,PINK DAISY BAG CHARM,2,Hàng ngách khách quen,Kệ cuối cửa hàng / khu chuyên biệt; ưu tiên gợi ý cá nhân hoá cho đúng nhóm khách cũ.,107.39,29,2.576206896551724
23626,SET 10 CARDS DINKY TREE 17076,2,Hàng ngách khách quen,Kệ cuối cửa hàng / khu chuyên biệt; ưu tiên gợi ý cá nhân hoá cho đúng nhóm khách cũ.,107.07000000000001,16,2.49
90059D,DIAMANTE HAIR GRIP PACK/2 PERIDOT,2,Hàng ngách khách quen,Kệ cuối cửa hàng / khu chuyên biệt; ưu tiên gợi ý cá nhân hoá cho đúng nhóm khách cũ.,106.74,40,1.67575
90165A,PINK ROSEBUD PEARL EARRINGS,2,Hàng ngách khách quen,Kệ cuối cửa hàng / khu chuyên biệt; ưu tiên gợi ý cá nhân hoá cho đúng nhóm khách cũ.,106.49,27,2.524074074074074
90141A,GREEN PENDANT TRIPLE SHELL NECKLACE,2,Hàng ngách khách quen,Kệ cuối cửa hàng / khu chuyên biệt; ưu tiên gợi ý cá nhân hoá cho đúng nhóm khách cũ.,104.95,17,5.300000000000001
23611,SET 10 CARDS RED RIDING HOOD 17214,2,Hàng ngách khách quen,Kệ cuối cửa hàng / khu chuyên biệt; ưu tiên gợi ý cá nhân hoá cho đúng nhóm khách cũ.,99.60000000000001,16,2.49
21266,VINTAGE SILVER TINSEL REEL,2,Hàng ngách khách quen,Kệ cuối cửa hàng / khu chuyên biệt; ưu tiên gợi ý cá nhân hoá cho đúng nhóm khách cũ.,98.9,9,4.3
90169,DAISY HAIR COMB,2,Hàng ngách khách quen,Kệ cuối cửa hàng / khu chuyên biệt; ưu tiên gợi ý cá nhân hoá cho đúng nhóm khách cũ.,98.87,23,2.527391304347826
90163B,WHITE ROSEBUD & PEARL NECKLACE,2,Hàng ngách khách quen,Kệ cuối cửa hàng / khu chuyên biệt; ưu tiên gợi ý cá nhân hoá cho đúng nhóm khách cũ.,98.45,9,7.5744444444444445
84705D,CHERRY BLOSSOM PHOTO FRAME ,2,Hàng ngách khách quen,Kệ cuối cửa hàng / khu chuyên biệt; ưu tiên gợi ý cá nhân hoá cho đúng nhóm khách cũ.,97.9,14,4.386
90214R,"LETTER ""R"" BLING KEY RING",2,Hàng ngách khách quen,Kệ cuối cửa hàng / khu chuyên biệt; ưu tiên gợi ý cá nhân hoá cho đúng nhóm khách cũ.,93.72999999999999,50,1.0916
90214G,"LETTER ""G"" BLING KEY RING",2,Hàng ngách khách quen,Kệ cuối cửa hàng / khu chuyên biệt; ưu tiên gợi ý cá nhân hoá cho đúng nhóm khách cũ.,93.17999999999999,48,1.0266666666666666
90202C,GREEN ENAMEL FLOWER HAIR TIE,2,Hàng ngách khách quen,Kệ cuối cửa hàng / khu chuyên biệt; ưu tiên gợi ý cá nhân hoá cho đúng nhóm khách cũ.,91.46000000000001,25,2.9524
90177B,DROP DIAMANTE EARRINGS BLACK DIAMON,2,Hàng ngách khách quen,Kệ cuối cửa hàng / khu chuyên biệt; ưu tiên gợi ý cá nhân hoá cho đúng nhóm khách cũ.,91.38000000000001,19,2.951578947368421
90202A,PURPLE ENAMEL FLOWER HAIR TIE,2,Hàng ngách khách quen,Kệ cuối cửa hàng / khu chuyên biệt; ưu tiên gợi ý cá nhân hoá cho đúng nhóm khách cũ.,90.9,23,2.93
90214D,"LETTER ""D"" BLING KEY RING",2,Hàng ngách khách quen,Kệ cuối cửa hàng / khu chuyên biệt; ưu tiên gợi ý cá nhân hoá cho đúng nhóm khách cũ.,90.82,50,1.0224
90059E,DIAMANTE HAIR GRIP PACK/2 RUBY,2,Hàng ngách khách quen,Kệ cuối cửa hàng / khu chuyên biệt; ưu tiên gợi ý cá nhân hoá cho đúng nhóm khách cũ.,88.30999999999999,33,1.6712121212121211
37462B,"PET MUG, BUDGIE",2,Hàng ngách khách quen,Kệ cuối cửa hàng / khu chuyên biệt; ưu tiên gợi ý cá nhân hoá cho đúng nhóm khách cũ.,87.28,32,0.754375
90039C,FIRE POLISHED GLASS BRACELET BLACK,2,Hàng ngách khách quen,Kệ cuối cửa hàng / khu chuyên biệt; ưu tiên gợi ý cá nhân hoá cho đúng nhóm khách cũ.,86.65,12,3.783333333333333
23614,SET 10 CARDS 12 DAYS WRAP  17058,2,Hàng ngách khách quen,Kệ cuối cửa hàng / khu chuyên biệt; ưu tiên gợi ý cá nhân hoá cho đúng nhóm khách cũ.,86.58000000000001,11,3.33
84251B,"GREETING CARD, STICKY GORDON",2,Hàng ngách khách quen,Kệ cuối cửa hàng / khu chuyên biệt; ưu tiên gợi ý cá nhân hoá cho đúng nhóm khách cũ.,84.84,61,0.3998360655737705
84450B,PINK/YELLOW RABBIT SAT EASTER,2,Hàng ngách khách quen,Kệ cuối cửa hàng / khu chuyên biệt; ưu tiên gợi ý cá nhân hoá cho đúng nhóm khách cũ.,84.55,35,0.722
90141C,TURQ PENDANT TRIPLE SHELL NECKLACE,2,Hàng ngách khách quen,Kệ cuối cửa hàng / khu chuyên biệt; ưu tiên gợi ý cá nhân hoá cho đúng nhóm khách cũ.,83.69,13,5.295384615384616
90177E,DROP DIAMANTE EARRINGS GREEN,2,Hàng ngách khách quen,Kệ cuối cửa hàng / khu chuyên biệt; ưu tiên gợi ý cá nhân hoá cho đúng nhóm khách cũ.,82.71000000000001,22,2.9545454545454546
90183B,AMETHYST DROP EARRINGS W LONG BEADS,2,Hàng ngách khách quen,Kệ cuối cửa hàng / khu chuyên biệt; ưu tiên gợi ý cá nhân hoá cho đúng nhóm khách cũ.,81.92999999999999,24,2.9304166666666664
DCGS0069,OOH LA LA DOGS COLLAR,2,Hàng ngách khách quen,Kệ cuối cửa hàng / khu chuyên biệt; ưu tiên gợi ý cá nhân hoá cho đúng nhóm khách cũ.,80.31,5,16.062
90059F,DIAMANTE HAIR GRIP PACK/2 LT ROSE,2,Hàng ngách khách quen,Kệ cuối cửa hàng / khu chuyên biệt; ưu tiên gợi ý cá nhân hoá cho đúng nhóm khách cũ.,79.86999999999999,27,1.6688888888888886
90038B,GLASS AND PAINTED BEADS BRACELET OL,2,Hàng ngách khách quen,Kệ cuối cửa hàng / khu chuyên biệt; ưu tiên gợi ý cá nhân hoá cho đúng nhóm khách cũ.,79.19,13,3.7838461538461536
90039B,FIRE POLISHED GLASS BRACELET MONTAN,2,Hàng ngách khách quen,Kệ cuối cửa hàng / khu chuyên biệt; ưu tiên gợi ý cá nhân hoá cho đúng nhóm khách cũ.,78.99,11,3.771818181818182
90214H,"LETTER ""H"" BLING KEY RING",2,Hàng ngách khách quen,Kệ cuối cửa hàng / khu chuyên biệt; ưu tiên gợi ý cá nhân hoá cho đúng nhóm khách cũ.,77.71,53,0.9809433962264151
21595,Dad's Cab Electronic Meter,2,Hàng ngách khách quen,Kệ cuối cửa hàng / khu chuyên biệt; ưu tiên gợi ý cá nhân hoá cho đúng nhóm khách cũ.,76.95,9,8.55
84251C,"GREETING CARD, TWO SISTERS.",2,Hàng ngách khách quen,Kệ cuối cửa hàng / khu chuyên biệt; ưu tiên gợi ý cá nhân hoá cho đúng nhóm khách cũ.,76.68,53,0.43830188679245285
90214N,"LETTER ""N"" BLING KEY RING",2,Hàng ngách khách quen,Kệ cuối cửa hàng / khu chuyên biệt; ưu tiên gợi ý cá nhân hoá cho đúng nhóm khách cũ.,76.39999999999999,43,1.048181818181818
21267,VINTAGE PINK TINSEL REEL ,2,Hàng ngách khách quen,Kệ cuối cửa hàng / khu chuyên biệt; ưu tiên gợi ý cá nhân hoá cho đúng nhóm khách cũ.,74.6,10,3.4200000000000004
90012A,MIDNIGHT BLUE DROP CRYSTAL NECKLACE,2,Hàng ngách khách quen,Kệ cuối cửa hàng / khu chuyên biệt; ưu tiên gợi ý cá nhân hoá cho đúng nhóm khách cũ.,74.38,7,8.097142857142858
90130C,GREEN STONE/CRYSTAL EARRINGS,2,Hàng ngách khách quen,Kệ cuối cửa hàng / khu chuyên biệt; ưu tiên gợi ý cá nhân hoá cho đúng nhóm khách cũ.,73.62,24,2.9441666666666664
90214B,"LETTER ""B"" BLING KEY RING",2,Hàng ngách khách quen,Kệ cuối cửa hàng / khu chuyên biệt; ưu tiên gợi ý cá nhân hoá cho đúng nhóm khách cũ.,72.33,40,1.0195
90187B,GREEN DROP EARRINGS W BEAD CLUSTER,2,Hàng ngách khách quen,Kệ cuối cửa hàng / khu chuyên biệt; ưu tiên gợi ý cá nhân hoá cho đúng nhóm khách cũ.,70.6,15,3.366
90202B,WHITE ENAMEL FLOWER HAIR TIE,2,Hàng ngách khách quen,Kệ cuối cửa hàng / khu chuyên biệt; ưu tiên gợi ý cá nhân hoá cho đúng nhóm khách cũ.,70.49,16,2.936875
90059C,DIAMANTE HAIR GRIP PACK/2 MONTANA,2,Hàng ngách khách quen,Kệ cuối cửa hàng / khu chuyên biệt; ưu tiên gợi ý cá nhân hoá cho đúng nhóm khách cũ.,68.17999999999999,23,1.671304347826087
90140,PINK SWEETIE NECKLACE,2,Hàng ngách khách quen,Kệ cuối cửa hàng / khu chuyên biệt; ưu tiên gợi ý cá nhân hoá cho đúng nhóm khách cũ.,67.9,7,7.557142857142857
90037C,TINY CRYSTAL BRACELET BLUE,2,Hàng ngách khách quen,Kệ cuối cửa hàng / khu chuyên biệt; ưu tiên gợi ý cá nhân hoá cho đúng nhóm khách cũ.,66.08,13,2.5330769230769232
90141B,IVORY PENDANT TRIPLE SHELL NECKLACE,2,Hàng ngách khách quen,Kệ cuối cửa hàng / khu chuyên biệt; ưu tiên gợi ý cá nhân hoá cho đúng nhóm khách cũ.,64.94,9,5.015555555555555
90205A,LARGE MINT DIAMANTE HAIRSLIDE,2,Hàng ngách khách quen,Kệ cuối cửa hàng / khu chuyên biệt; ưu tiên gợi ý cá nhân hoá cho đúng nhóm khách cũ.,63.46,22,1.674090909090909
20620,RED SPOTTY PASSPORT COVER,2,Hàng ngách khách quen,Kệ cuối cửa hàng / khu chuyên biệt; ưu tiên gợi ý cá nhân hoá cho đúng nhóm khách cũ.,61.76,14,4.104285714285714
23629,SET 10 CARDS DRESSING UP 17077,2,Hàng ngách khách quen,Kệ cuối cửa hàng / khu chuyên biệt; ưu tiên gợi ý cá nhân hoá cho đúng nhóm khách cũ.,59.760000000000005,10,2.49
90171,DAISY RING,2,Hàng ngách khách quen,Kệ cuối cửa hàng / khu chuyên biệt; ưu tiên gợi ý cá nhân hoá cho đúng nhóm khách cũ.,59.650000000000006,27,1.2725925925925925
90011B,BLACK CRYSTAL DROP EARRINGS,2,Hàng ngách khách quen,Kệ cuối cửa hàng / khu chuyên biệt; ưu tiên gợi ý cá nhân hoá cho đúng nhóm khách cũ.,59.06,15,2.954
90188,DROP EARRINGS W FLOWER & LEAF,2,Hàng ngách khách quen,Kệ cuối cửa hàng / khu chuyên biệt; ưu tiên gợi ý cá nhân hoá cho đúng nhóm khách cũ.,58.5,20,2.5475
90033,IVORY SHELL HEART EARRINGS,2,Hàng ngách khách quen,Kệ cuối cửa hàng / khu chuyên biệt; ưu tiên gợi ý cá nhân hoá cho đúng nhóm khách cũ.,55.879999999999995,18,2.535555555555556
90182C,BLACK 3 BEAD DROP EARRINGS,2,Hàng ngách khách quen,Kệ cuối cửa hàng / khu chuyên biệt; ưu tiên gợi ý cá nhân hoá cho đúng nhóm khách cũ.,55.74,13,2.926153846153846
90177A,CLASSIC DIAMANTE EARRINGS JET,2,Hàng ngách khách quen,Kệ cuối cửa hàng / khu chuyên biệt; ưu tiên gợi ý cá nhân hoá cho đúng nhóm khách cũ.,55.690000000000005,14,2.924285714285714
23603,SET 10 CARD KRAFT REINDEER 17084,2,Hàng ngách khách quen,Kệ cuối cửa hàng / khu chuyên biệt; ưu tiên gợi ý cá nhân hoá cho đúng nhóm khách cũ.,49.800000000000004,14,2.4899999999999998
90052,CRACKED GLAZE NECKLACE BROWN,2,Hàng ngách khách quen,Kệ cuối cửa hàng / khu chuyên biệt; ưu tiên gợi ý cá nhân hoá cho đúng nhóm khách cũ.,49.58,5,7.136
37462E,"PET MUG, GOLDFISH",2,Hàng ngách khách quen,Kệ cuối cửa hàng / khu chuyên biệt; ưu tiên gợi ý cá nhân hoá cho đúng nhóm khách cũ.,47.12,28,0.6485714285714286
90181C,BLACK GLASS/SHELL/PEARL NECKLACE,2,Hàng ngách khách quen,Kệ cuối cửa hàng / khu chuyên biệt; ưu tiên gợi ý cá nhân hoá cho đúng nhóm khách cũ.,46.93,5,9.386
90001A,ANTIQUE RASPBERRY FLOWER EARRINGS,2,Hàng ngách khách quen,Kệ cuối cửa hàng / khu chuyên biệt; ưu tiên gợi ý cá nhân hoá cho đúng nhóm khách cũ.,46.6,10,4.235
90059B,DIAMANTE HAIR GRIP PACK/2 BLACK DIA,2,Hàng ngách khách quen,Kệ cuối cửa hàng / khu chuyên biệt; ưu tiên gợi ý cá nhân hoá cho đúng nhóm khách cũ.,44.87,16,1.67
90011A,MIDNIGHT BLUE CRYSTAL DROP EARRINGS,2,Hàng ngách khách quen,Kệ cuối cửa hàng / khu chuyên biệt; ưu tiên gợi ý cá nhân hoá cho đúng nhóm khách cũ.,44.28,15,2.952
90125E,AMBER BERTIE GLASS BEAD BAG CHARM,2,Hàng ngách khách quen,Kệ cuối cửa hàng / khu chuyên biệt; ưu tiên gợi ý cá nhân hoá cho đúng nhóm khách cũ.,44.19,17,2.5035294117647062
90054,CRACKED GLAZE EARRINGS RED,2,Hàng ngách khách quen,Kệ cuối cửa hàng / khu chuyên biệt; ưu tiên gợi ý cá nhân hoá cho đúng nhóm khách cũ.,43.019999999999996,17,2.5305882352941174
21596,Hypochondriac Pill Stress Ball,2,Hàng ngách khách quen,Kệ cuối cửa hàng / khu chuyên biệt; ưu tiên gợi ý cá nhân hoá cho đúng nhóm khách cũ.,42.64,9,4.26
90027C,GLASS BEAD HOOP EARRINGS GREEN,2,Hàng ngách khách quen,Kệ cuối cửa hàng / khu chuyên biệt; ưu tiên gợi ý cá nhân hoá cho đúng nhóm khách cũ.,41.17,12,2.9391666666666665
90183C,BLACK DROP EARRINGS W LONG BEADS,2,Hàng ngách khách quen,Kệ cuối cửa hàng / khu chuyên biệt; ưu tiên gợi ý cá nhân hoá cho đúng nhóm khách cũ.,41.019999999999996,14,2.9299999999999997
90130D,RED STONE/CRYSTAL EARRINGS,2,Hàng ngách khách quen,Kệ cuối cửa hàng / khu chuyên biệt; ưu tiên gợi ý cá nhân hoá cho đúng nhóm khách cũ.,38.31,8,2.945
90027B,GLASS BEAD HOOP EARRINGS MONTANA,2,Hàng ngách khách quen,Kệ cuối cửa hàng / khu chuyên biệt; ưu tiên gợi ý cá nhân hoá cho đúng nhóm khách cũ.,38.28,10,2.943
84251J,"GREETING CARD, THE BLACK CAT",2,Hàng ngách khách quen,Kệ cuối cửa hàng / khu chuyên biệt; ưu tiên gợi ý cá nhân hoá cho đúng nhóm khách cũ.,37.04,17,0.7458823529411764
90141D,ROSE PENDANT TRIPLE SHELL NECKLACE,2,Hàng ngách khách quen,Kệ cuối cửa hàng / khu chuyên biệt; ưu tiên gợi ý cá nhân hoá cho đúng nhóm khách cũ.,36.33,5,5.286
90037D,TINY CRYSTALS BRACELET BLACK,2,Hàng ngách khách quen,Kệ cuối cửa hàng / khu chuyên biệt; ưu tiên gợi ý cá nhân hoá cho đúng nhóm khách cũ.,35.87,8,2.56625
90132,LIGHT TOPAZ TEAL/AQUA COL NECKLACE,2,Hàng ngách khách quen,Kệ cuối cửa hàng / khu chuyên biệt; ưu tiên gợi ý cá nhân hoá cho đúng nhóm khách cũ.,35.63,7,5.090000000000001
90011C,GREEN CRYSTAL DROP EARRINGS,2,Hàng ngách khách quen,Kệ cuối cửa hàng / khu chuyên biệt; ưu tiên gợi ý cá nhân hoá cho đúng nhóm khách cũ.,35.33,7,2.94
DCGS0058,MISO PRETTY  GUM,2,Hàng ngách khách quen,Kệ cuối cửa hàng / khu chuyên biệt; ưu tiên gợi ý cá nhân hoá cho đúng nhóm khách cũ.,34.82,30,0.8286666666666667
90076,MONTANA DIAMOND CLUSTER EARRINGS,2,Hàng ngách khách quen,Kệ cuối cửa hàng / khu chuyên biệt; ưu tiên gợi ý cá nhân hoá cho đúng nhóm khách cũ.,33.0,7,2.892857142857143
DCGS0003,BOXED GLASS ASHTRAY,2,Hàng ngách khách quen,Kệ cuối cửa hàng / khu chuyên biệt; ưu tiên gợi ý cá nhân hoá cho đúng nhóm khách cũ.,32.589999999999996,13,2.506923076923077
23632,SET 10 CARDS CHEERFUL ROBIN 17065,2,Hàng ngách khách quen,Kệ cuối cửa hàng / khu chuyên biệt; ưu tiên gợi ý cá nhân hoá cho đúng nhóm khách cũ.,31.200000000000003,10,2.08
21919,Electronic Talking Breath-A-Loser,2,Hàng ngách khách quen,Kệ cuối cửa hàng / khu chuyên biệt; ưu tiên gợi ý cá nhân hoá cho đúng nhóm khách cũ.,30.47,5,5.081999999999999
90025F,BAROQUE BUTTERFLY EARRINGS CRYSTAL,2,Hàng ngách khách quen,Kệ cuối cửa hàng / khu chuyên biệt; ưu tiên gợi ý cá nhân hoá cho đúng nhóm khách cũ.,30.23,8,3.77875
90214V,"LETTER ""V"" BLING KEY RING",2,Hàng ngách khách quen,Kệ cuối cửa hàng / khu chuyên biệt; ưu tiên gợi ý cá nhân hoá cho đúng nhóm khách cũ.,28.98,24,0.9525
23613,SET 10 XMAS CARDS & BADGES 17070,2,Hàng ngách khách quen,Kệ cuối cửa hàng / khu chuyên biệt; ưu tiên gợi ý cá nhân hoá cho đúng nhóm khách cũ.,27.39,6,2.49
23637,SET 10 CARDS OUT OF ORDER 17216,2,Hàng ngách khách quen,Kệ cuối cửa hàng / khu chuyên biệt; ưu tiên gợi ý cá nhân hoá cho đúng nhóm khách cũ.,27.39,9,2.49
90187A,BLUE DROP EARRINGS W BEAD CLUSTER,2,Hàng ngách khách quen,Kệ cuối cửa hàng / khu chuyên biệt; ưu tiên gợi ý cá nhân hoá cho đúng nhóm khách cũ.,27.04,7,3.3842857142857143
23636,SET 10 CARDS WISHING TREE 17116,2,Hàng ngách khách quen,Kệ cuối cửa hàng / khu chuyên biệt; ưu tiên gợi ý cá nhân hoá cho đúng nhóm khách cũ.,26.19,7,2.91
90182A,AMBER 3 BEAD DROP EARRINGS,2,Hàng ngách khách quen,Kệ cuối cửa hàng / khu chuyên biệt; ưu tiên gợi ý cá nhân hoá cho đúng nhóm khách cũ.,26.16,9,2.9066666666666667
90041,PEARL AND CHERRY QUARTZ BRACLET,2,Hàng ngách khách quen,Kệ cuối cửa hàng / khu chuyên biệt; ưu tiên gợi ý cá nhân hoá cho đúng nhóm khách cũ.,25.67,6,3.6950000000000003
90055,CRACKED GLAZE EARRINGS BROWN,2,Hàng ngách khách quen,Kệ cuối cửa hàng / khu chuyên biệt; ưu tiên gợi ý cá nhân hoá cho đúng nhóm khách cũ.,25.28,10,2.528
90053,CRACKED GLAZE EARRINGS IVORY,2,Hàng ngách khách quen,Kệ cuối cửa hàng / khu chuyên biệt; ưu tiên gợi ý cá nhân hoá cho đúng nhóm khách cũ.,25.23,10,2.523
23620,SET 10 CARDS PERFECT POST 17090,2,Hàng ngách khách quen,Kệ cuối cửa hàng / khu chuyên biệt; ưu tiên gợi ý cá nhân hoá cho đúng nhóm khách cũ.,24.900000000000002,7,2.4899999999999998
90011E,AMBER CRYSTAL DROP EARRINGS,2,Hàng ngách khách quen,Kệ cuối cửa hàng / khu chuyên biệt; ưu tiên gợi ý cá nhân hoá cho đúng nhóm khách cũ.,23.61,8,2.95125
23623,SET 10 CARD CHRISTMAS WELCOME 17112,2,Hàng ngách khách quen,Kệ cuối cửa hàng / khu chuyên biệt; ưu tiên gợi ý cá nhân hoá cho đúng nhóm khách cũ.,23.28,6,2.91
90025C,BAROQUE BUTTERFLY EARRINGS GREEN,2,Hàng ngách khách quen,Kệ cuối cửa hàng / khu chuyên biệt; ưu tiên gợi ý cá nhân hoá cho đúng nhóm khách cũ.,22.56,6,3.76
23640,SET 10 CARDS SCOTTIE DOG 17211,2,Hàng ngách khách quen,Kệ cuối cửa hàng / khu chuyên biệt; ưu tiên gợi ý cá nhân hoá cho đúng nhóm khách cũ.,22.410000000000004,8,2.49
90214Z,"LETTER ""Z"" BLING KEY RING",2,Hàng ngách khách quen,Kệ cuối cửa hàng / khu chuyên biệt; ưu tiên gợi ý cá nhân hoá cho đúng nhóm khách cũ.,21.49,18,0.9011111111111111
90128D,PURPLE LEAVES AND BEADS PHONE CHAR,2,Hàng ngách khách quen,Kệ cuối cửa hàng / khu chuyên biệt; ưu tiên gợi ý cá nhân hoá cho đúng nhóm khách cũ.,21.24,7,1.9628571428571426
21594,Dr. Jam's Arouzer Stress Ball,2,Hàng ngách khách quen,Kệ cuối cửa hàng / khu chuyên biệt; ưu tiên gợi ý cá nhân hoá cho đúng nhóm khách cũ.,21.06,5,4.212
23616,SET 10 CARDS JINGLE BELLS 17217,2,Hàng ngách khách quen,Kệ cuối cửa hàng / khu chuyên biệt; ưu tiên gợi ý cá nhân hoá cho đúng nhóm khách cũ.,19.92,7,2.4899999999999998
23646,SET 10 CARDS JINGLE BELLS 16957,2,Hàng ngách khách quen,Kệ cuối cửa hàng / khu chuyên biệt; ưu tiên gợi ý cá nhân hoá cho đúng nhóm khách cũ.,19.92,5,2.49
90182B,AMETHYST 3 BEAD DROP EARRINGS,2,Hàng ngách khách quen,Kệ cuối cửa hàng / khu chuyên biệt; ưu tiên gợi ý cá nhân hoá cho đúng nhóm khách cũ.,17.53,6,2.921666666666667
23644,SET 10 CARDS CHRISTMAS TREE 16955,2,Hàng ngách khách quen,Kệ cuối cửa hàng / khu chuyên biệt; ưu tiên gợi ý cá nhân hoá cho đúng nhóm khách cũ.,16.65,5,3.3299999999999996
84250M,"GREETING CARD, BLACKPOOL ROCK",2,Hàng ngách khách quen,Kệ cuối cửa hàng / khu chuyên biệt; ưu tiên gợi ý cá nhân hoá cho đúng nhóm khách cũ.,15.9,13,0.7992307692307693
90011D,PURPLE CRYSTAL DROP EARRINGS,2,Hàng ngách khách quen,Kệ cuối cửa hàng / khu chuyên biệt; ưu tiên gợi ý cá nhân hoá cho đúng nhóm khách cũ.,14.75,5,2.95
23634,SET 10 CARDS XMAS CHOIR 17068,2,Hàng ngách khách quen,Kệ cuối cửa hàng / khu chuyên biệt; ưu tiên gợi ý cá nhân hoá cho đúng nhóm khách cũ.,14.55,5,2.91
90077,BLACK DIAMOND CLUSTER EARRINGS,2,Hàng ngách khách quen,Kệ cuối cửa hàng / khu chuyên biệt; ưu tiên gợi ý cá nhân hoá cho đúng nhóm khách cũ.,14.399999999999999,5,2.88
23607,SET 10 CARDS HATS & STOCKINGS 17081,2,Hàng ngách khách quen,Kệ cuối cửa hàng / khu chuyên biệt; ưu tiên gợi ý cá nhân hoá cho đúng nhóm khách cũ.,13.28,7,1.66
84247J,PACK/12 RUSSIAN DOLL CARDS,2,Hàng ngách khách quen,Kệ cuối cửa hàng / khu chuyên biệt; ưu tiên gợi ý cá nhân hoá cho đúng nhóm khách cũ.,12.780000000000001,9,1.3244444444444445
22206,"MUG , DOTCOMGIFTSHOP.COM ",2,Hàng ngách khách quen,Kệ cuối cửa hàng / khu chuyên biệt; ưu tiên gợi ý cá nhân hoá cho đúng nhóm khách cũ.,11.82,10,0.842
22656,VINTAGE BLUE KITCHEN CABINET,3,Hàng đuôi dài bán chậm,Không chiếm kệ chính: gom vào khu 'mẫu trưng bày' hoặc chỉ bán online/đặt trước; rà soát loại bớt mã.,9290.0,37,214.86486486486487
22827,RUSTIC  SEVENTEEN DRAWER SIDEBOARD,3,Hàng đuôi dài bán chậm,Không chiếm kệ chính: gom vào khu 'mẫu trưng bày' hoặc chỉ bán online/đặt trước; rà soát loại bớt mã.,7150.0,35,158.71428571428572
22826,LOVE SEAT ANTIQUE WHITE METAL,3,Hàng đuôi dài bán chậm,Không chiếm kệ chính: gom vào khu 'mẫu trưng bày' hoặc chỉ bán online/đặt trước; rà soát loại bớt mã.,6210.0,41,114.02439024390245
22833,HALL CABINET WITH 3 DRAWERS,3,Hàng đuôi dài bán chậm,Không chiếm kệ chính: gom vào khu 'mẫu trưng bày' hoặc chỉ bán online/đặt trước; rà soát loại bớt mã.,4163.54,13,48.14846153846155
20785,FUSCHIA RETRO BAR STOOL,3,Hàng đuôi dài bán chậm,Không chiếm kệ chính: gom vào khu 'mẫu trưng bày' hoặc chỉ bán online/đặt trước; rà soát loại bớt mã.,3672.35,36,37.55945945945946
22823,CHEST NATURAL WOOD 20 DRAWERS,3,Hàng đuôi dài bán chậm,Không chiếm kệ chính: gom vào khu 'mẫu trưng bày' hoặc chỉ bán online/đặt trước; rà soát loại bớt mã.,3655.0,18,117.5
20786,BLACK RETRO BAR STOOL,3,Hàng đuôi dài bán chậm,Không chiếm kệ chính: gom vào khu 'mẫu trưng bày' hoặc chỉ bán online/đặt trước; rà soát loại bớt mã.,3533.9,31,36.876875
84472,PINK AND LILAC QUILTED THROW ,3,Hàng đuôi dài bán chậm,Không chiếm kệ chính: gom vào khu 'mẫu trưng bày' hoặc chỉ bán online/đặt trước; rà soát loại bớt mã.,3402.32,30,46.424
22828,REGENCY MIRROR WITH SHUTTERS,3,Hàng đuôi dài bán chậm,Không chiếm kệ chính: gom vào khu 'mẫu trưng bày' hoặc chỉ bán online/đặt trước; rà soát loại bớt mã.,2565.0,11,154.0909090909091
20787,BLUE RETRO BAR STOOL,3,Hàng đuôi dài bán chậm,Không chiếm kệ chính: gom vào khu 'mẫu trưng bày' hoặc chỉ bán online/đặt trước; rà soát loại bớt mã.,2535.1,30,38.021875
21686,MEDINA STAMPED METAL STOOL,3,Hàng đuôi dài bán chậm,Không chiếm kệ chính: gom vào khu 'mẫu trưng bày' hoặc chỉ bán online/đặt trước; rà soát loại bớt mã.,2460.1400000000003,33,39.29515151515152
22803,IVORY EMBROIDERED QUILT ,3,Hàng đuôi dài bán chậm,Không chiếm kệ chính: gom vào khu 'mẫu trưng bày' hoặc chỉ bán online/đặt trước; rà soát loại bớt mã.,2237.84,36,39.10861111111112
22824,3 TIER SWEETHEART GARDEN SHELF,3,Hàng đuôi dài bán chậm,Không chiếm kệ chính: gom vào khu 'mẫu trưng bày' hoặc chỉ bán online/đặt trước; rà soát loại bớt mã.,2153.9500000000003,48,35.7
21761,WOOD AND GLASS MEDICINE CABINET,3,Hàng đuôi dài bán chậm,Không chiếm kệ chính: gom vào khu 'mẫu trưng bày' hoặc chỉ bán online/đặt trước; rà soát loại bớt mã.,1814.75,24,29.575
21780,MA CAMPAGNE 4 DRAWER WALL SHELF,3,Hàng đuôi dài bán chậm,Không chiếm kệ chính: gom vào khu 'mẫu trưng bày' hoặc chỉ bán online/đặt trước; rà soát loại bớt mã.,1745.85,32,10.9125
21760,FRENCH STYLE WALL DRESSER,3,Hàng đuôi dài bán chậm,Không chiếm kệ chính: gom vào khu 'mẫu trưng bày' hoặc chỉ bán online/đặt trước; rà soát loại bớt mã.,1740.0,12,116.92307692307692
84619,BLUE GINGHAM ROSE QUILT ,3,Hàng đuôi dài bán chậm,Không chiếm kệ chính: gom vào khu 'mẫu trưng bày' hoặc chỉ bán online/đặt trước; rà soát loại bớt mã.,1622.96,29,35.91413793103448
23462,ROCOCO WALL MIRROR WHITE,3,Hàng đuôi dài bán chậm,Không chiếm kệ chính: gom vào khu 'mẫu trưng bày' hoặc chỉ bán online/đặt trước; rà soát loại bớt mã.,1607.04,46,20.69695652173913
84616,SILVER ROCCOCO CHANDELIER,3,Hàng đuôi dài bán chậm,Không chiếm kệ chính: gom vào khu 'mẫu trưng bày' hoặc chỉ bán online/đặt trước; rà soát loại bớt mã.,1472.62,25,27.726799999999997
22929,SCHOOL DESK AND CHAIR ,3,Hàng đuôi dài bán chậm,Không chiếm kệ chính: gom vào khu 'mẫu trưng bày' hoặc chỉ bán online/đặt trước; rà soát loại bớt mã.,1459.75,17,64.17058823529412
23104,IVORY CAFE HANGING LAMP ,3,Hàng đuôi dài bán chậm,Không chiếm kệ chính: gom vào khu 'mẫu trưng bày' hoặc chỉ bán online/đặt trước; rà soát loại bớt mã.,1405.42,46,12.859130434782609
21277,FRENCH STYLE EMBOSSED HEART CABINET,3,Hàng đuôi dài bán chậm,Không chiếm kệ chính: gom vào khu 'mẫu trưng bày' hoặc chỉ bán online/đặt trước; rà soát loại bớt mã.,1309.3899999999999,48,24.660208333333333
84609,TALL ROCOCO CANDLE HOLDER,3,Hàng đuôi dài bán chậm,Không chiếm kệ chính: gom vào khu 'mẫu trưng bày' hoặc chỉ bán online/đặt trước; rà soát loại bớt mã.,1289.24,38,10.889473684210527
84816,DANISH ROSE BEDSIDE CABINET,3,Hàng đuôi dài bán chậm,Không chiếm kệ chính: gom vào khu 'mẫu trưng bày' hoặc chỉ bán online/đặt trước; rà soát loại bớt mã.,1278.3500000000001,20,39.45
21759,METAL WALL SHELF UNIT WITH HOOKS,3,Hàng đuôi dài bán chậm,Không chiếm kệ chính: gom vào khu 'mẫu trưng bày' hoặc chỉ bán online/đặt trước; rà soát loại bớt mã.,1274.47,13,54.18692307692308
85163B,BLACK BAROQUE WALL CLOCK ,3,Hàng đuôi dài bán chậm,Không chiếm kệ chính: gom vào khu 'mẫu trưng bày' hoặc chỉ bán online/đặt trước; rà soát loại bớt mã.,1268.6599999999999,66,14.094090909090909
84967B,BLUE KASHMIRI OCCASIONAL TABLE,3,Hàng đuôi dài bán chậm,Không chiếm kệ chính: gom vào khu 'mẫu trưng bày' hoặc chỉ bán online/đặt trước; rà soát loại bớt mã.,1249.45,11,65.87272727272727
21752,GLASS CAKE STAND MIRRORED BASE,3,Hàng đuôi dài bán chậm,Không chiếm kệ chính: gom vào khu 'mẫu trưng bày' hoặc chỉ bán online/đặt trước; rà soát loại bớt mã.,1244.81,37,17.717027027027026
23142,IVORY WIRE KITCHEN ORGANISER,3,Hàng đuôi dài bán chậm,Không chiếm kệ chính: gom vào khu 'mẫu trưng bày' hoặc chỉ bán online/đặt trước; rà soát loại bớt mã.,1220.8200000000002,40,11.11675
84823,DANISH ROSE FOLDING CHAIR,3,Hàng đuôi dài bán chậm,Không chiếm kệ chính: gom vào khu 'mẫu trưng bày' hoặc chỉ bán online/đặt trước; rà soát loại bớt mã.,1210.0,29,12.363793103448277
23444,Next Day Carriage,3,Hàng đuôi dài bán chậm,Không chiếm kệ chính: gom vào khu 'mẫu trưng bày' hoặc chỉ bán online/đặt trước; rà soát loại bớt mã.,1200.0,79,15.189873417721518
84830,LARGE ENGLISH ARBORETUM,3,Hàng đuôi dài bán chậm,Không chiếm kệ chính: gom vào khu 'mẫu trưng bày' hoặc chỉ bán online/đặt trước; rà soát loại bớt mã.,1195.15,7,15.357142857142858
22761,CHEST 7 DRAWER MA CAMPAGNE,3,Hàng đuôi dài bán chậm,Không chiếm kệ chính: gom vào khu 'mẫu trưng bày' hoặc chỉ bán online/đặt trước; rà soát loại bớt mã.,1182.78,34,25.308235294117647
37475,SET/4 COLOURFUL MIXING BOWLS,3,Hàng đuôi dài bán chậm,Không chiếm kệ chính: gom vào khu 'mẫu trưng bày' hoặc chỉ bán online/đặt trước; rà soát loại bớt mã.,1160.56,72,10.565833333333332
21763,VINTAGE WOODEN BAR STOOL,3,Hàng đuôi dài bán chậm,Không chiếm kệ chính: gom vào khu 'mẫu trưng bày' hoặc chỉ bán online/đặt trước; rà soát loại bớt mã.,1157.8999999999999,17,27.95294117647059
21779,MA CAMPAGNE MINI WOODEN CHEST,3,Hàng đuôi dài bán chậm,Không chiếm kệ chính: gom vào khu 'mẫu trưng bày' hoặc chỉ bán online/đặt trước; rà soát loại bớt mã.,1097.8000000000002,22,4.612272727272727
84358,FLOOR LAMP SHADE WOOD BASE,3,Hàng đuôi dài bán chậm,Không chiếm kệ chính: gom vào khu 'mẫu trưng bày' hoặc chỉ bán online/đặt trước; rà soát loại bớt mã.,1097.48,29,12.642413793103447
20892,SET/3 TALL GLASS CANDLE HOLDER PINK,3,Hàng đuôi dài bán chậm,Không chiếm kệ chính: gom vào khu 'mẫu trưng bày' hoặc chỉ bán online/đặt trước; rà soát loại bớt mã.,1095.35,38,16.152894736842104
21632,VINTAGE PINK DECORATIVE PARASOL,3,Hàng đuôi dài bán chậm,Không chiếm kệ chính: gom vào khu 'mẫu trưng bày' hoặc chỉ bán online/đặt trước; rà soát loại bớt mã.,1076.22,53,11.170377358490565
85126,LARGE ROUND CUTGLASS CANDLESTICK,3,Hàng đuôi dài bán chậm,Không chiếm kệ chính: gom vào khu 'mẫu trưng bày' hoặc chỉ bán online/đặt trước; rà soát loại bớt mã.,1069.16,34,7.093999999999999
85163A,WHITE BAROQUE WALL CLOCK ,3,Hàng đuôi dài bán chậm,Không chiếm kệ chính: gom vào khu 'mẫu trưng bày' hoặc chỉ bán online/đặt trước; rà soát loại bớt mã.,1058.17,57,12.29877192982456
84707A,SILVER JEWELLED MIRROR TRINKET TRAY,3,Hàng đuôi dài bán chậm,Không chiếm kệ chính: gom vào khu 'mẫu trưng bày' hoặc chỉ bán online/đặt trước; rà soát loại bớt mã.,1045.8799999999999,64,10.487656249999999
84405A,S/3 PINK COL METAL BASKET W HANDLE,3,Hàng đuôi dài bán chậm,Không chiếm kệ chính: gom vào khu 'mẫu trưng bày' hoặc chỉ bán online/đặt trước; rà soát loại bớt mã.,1042.16,50,11.7106
21269,ANTIQUE CREAM CUTLERY SHELF ,3,Hàng đuôi dài bán chậm,Không chiếm kệ chính: gom vào khu 'mẫu trưng bày' hoặc chỉ bán online/đặt trước; rà soát loại bớt mã.,1036.84,65,9.41323076923077
23544,WALL ART MID CENTURY MODERN ,3,Hàng đuôi dài bán chậm,Không chiếm kệ chính: gom vào khu 'mẫu trưng bày' hoặc chỉ bán online/đặt trước; rà soát loại bớt mã.,1015.78,20,7.523000000000001
23460,SWEETHEART WALL TIDY ,3,Hàng đuôi dài bán chậm,Không chiếm kệ chính: gom vào khu 'mẫu trưng bày' hoặc chỉ bán online/đặt trước; rà soát loại bớt mã.,1007.0799999999999,43,9.900930232558139
21335,LIBRARY LAMP,3,Hàng đuôi dài bán chậm,Không chiếm kệ chính: gom vào khu 'mẫu trưng bày' hoặc chỉ bán online/đặt trước; rà soát loại bớt mã.,989.62,28,25.33285714285714
21303,FILIGREE WALL MIRROR  ANTIQUE WHITE,3,Hàng đuôi dài bán chậm,Không chiếm kệ chính: gom vào khu 'mẫu trưng bày' hoặc chỉ bán online/đặt trước; rà soát loại bớt mã.,985.54,30,15.434666666666667
21299,EDWARDIAN TOILET ROLL UNIT ,3,Hàng đuôi dài bán chậm,Không chiếm kệ chính: gom vào khu 'mẫu trưng bày' hoặc chỉ bán online/đặt trước; rà soát loại bớt mã.,966.35,34,11.016176470588235
90175A,WHITE GLASS CHUNKY CHARM BRACELET,3,Hàng đuôi dài bán chậm,Không chiếm kệ chính: gom vào khu 'mẫu trưng bày' hoặc chỉ bán online/đặt trước; rà soát loại bớt mã.,964.4499999999999,62,9.030806451612902
84360,TABLE LAMP WHITE SHADE WOOD BASE,3,Hàng đuôi dài bán chậm,Không chiếm kệ chính: gom vào khu 'mẫu trưng bày' hoặc chỉ bán online/đặt trước; rà soát loại bớt mã.,956.8900000000001,40,6.240243902439024
84664,CHERRY BLOSSOM BATHROOM CABINET,3,Hàng đuôi dài bán chậm,Không chiếm kệ chính: gom vào khu 'mẫu trưng bày' hoặc chỉ bán online/đặt trước; rà soát loại bớt mã.,955.35,51,4.95
21129,SILVER FISHING GNOME ,3,Hàng đuôi dài bán chậm,Không chiếm kệ chính: gom vào khu 'mẫu trưng bày' hoặc chỉ bán online/đặt trước; rà soát loại bớt mã.,949.44,60,9.0145
23540,WALL ART THE MAGIC FOREST ,3,Hàng đuôi dài bán chậm,Không chiếm kệ chính: gom vào khu 'mẫu trưng bày' hoặc chỉ bán online/đặt trước; rà soát loại bớt mã.,947.0600000000001,14,8.424285714285714
21331,MOROCCAN BEATEN METAL DISH LARGE,3,Hàng đuôi dài bán chậm,Không chiếm kệ chính: gom vào khu 'mẫu trưng bày' hoặc chỉ bán online/đặt trước; rà soát loại bớt mã.,946.6800000000001,30,14.569333333333333
90147,CHUNKY SILVER NECKLACE PASTEL FLOWE,3,Hàng đuôi dài bán chậm,Không chiếm kệ chính: gom vào khu 'mẫu trưng bày' hoặc chỉ bán online/đặt trước; rà soát loại bớt mã.,937.4499999999999,58,10.15508474576271
85121B,RETRO LAUNDRY TUB PINK,3,Hàng đuôi dài bán chậm,Không chiếm kệ chính: gom vào khu 'mẫu trưng bày' hoặc chỉ bán online/đặt trước; rà soát loại bớt mã.,936.74,48,12.071875
23099,FRENCH CARRIAGE LANTERN,3,Hàng đuôi dài bán chậm,Không chiếm kệ chính: gom vào khu 'mẫu trưng bày' hoặc chỉ bán online/đặt trước; rà soát loại bớt mã.,925.35,58,7.039152542372881
85121C,RETRO LAUNDRY TUB PISTACHIO,3,Hàng đuôi dài bán chậm,Không chiếm kệ chính: gom vào khu 'mẫu trưng bày' hoặc chỉ bán online/đặt trước; rà soát loại bớt mã.,918.91,53,9.960943396226416
84600,NEW BAROQUE JEWELLERY BOX ,3,Hàng đuôi dài bán chậm,Không chiếm kệ chính: gom vào khu 'mẫu trưng bày' hoặc chỉ bán online/đặt trước; rà soát loại bớt mã.,918.27,52,9.616730769230768
23413,VINTAGE COFFEE GRINDER BOX,3,Hàng đuôi dài bán chậm,Không chiếm kệ chính: gom vào khu 'mẫu trưng bày' hoặc chỉ bán online/đặt trước; rà soát loại bớt mã.,909.3100000000001,58,6.318275862068965
23532,WALL ART WORK REST AND PLAY  ,3,Hàng đuôi dài bán chậm,Không chiếm kệ chính: gom vào khu 'mẫu trưng bày' hoặc chỉ bán online/đặt trước; rà soát loại bớt mã.,901.58,31,5.301612903225807
23472, NINE DRAWER OFFICE TIDY,3,Hàng đuôi dài bán chậm,Không chiếm kệ chính: gom vào khu 'mẫu trưng bày' hoặc chỉ bán online/đặt trước; rà soát loại bớt mã.,894.42,33,16.09060606060606
84666,SQUARE CHERRY BLOSSOM CABINET,3,Hàng đuôi dài bán chậm,Không chiếm kệ chính: gom vào khu 'mẫu trưng bày' hoặc chỉ bán online/đặt trước; rà soát loại bớt mã.,892.7,33,3.9499999999999997
84974,S/2 ZINC HEART DESIGN PLANTERS,3,Hàng đuôi dài bán chậm,Không chiếm kệ chính: gom vào khu 'mẫu trưng bày' hoặc chỉ bán online/đặt trước; rà soát loại bớt mã.,879.55,57,9.932758620689654
21185, HOME SWEET HOME  BLACKBOARD,3,Hàng đuôi dài bán chậm,Không chiếm kệ chính: gom vào khu 'mẫu trưng bày' hoặc chỉ bán online/đặt trước; rà soát loại bớt mã.,876.29,44,7.369318181818182
21270,ANTIQUE CREAM CUTLERY CUPBOARD,3,Hàng đuôi dài bán chậm,Không chiếm kệ chính: gom vào khu 'mẫu trưng bày' hoặc chỉ bán online/đặt trước; rà soát loại bớt mã.,874.43,51,12.022115384615384
23479,WIRE EGG BASKET ,3,Hàng đuôi dài bán chậm,Không chiếm kệ chính: gom vào khu 'mẫu trưng bày' hoặc chỉ bán online/đặt trước; rà soát loại bớt mã.,872.38,44,8.26659090909091
85161,ACRYLIC GEOMETRIC LAMP,3,Hàng đuôi dài bán chậm,Không chiếm kệ chính: gom vào khu 'mẫu trưng bày' hoặc chỉ bán online/đặt trước; rà soát loại bớt mã.,863.85,32,18.25212121212121
84632,DECORATIVE HANGING SHELVING UNIT,3,Hàng đuôi dài bán chậm,Không chiếm kệ chính: gom vào khu 'mẫu trưng bày' hoặc chỉ bán online/đặt trước; rà soát loại bớt mã.,859.25,11,59.040909090909096
22486,PLASMATRONIC LAMP,3,Hàng đuôi dài bán chậm,Không chiếm kệ chính: gom vào khu 'mẫu trưng bày' hoặc chỉ bán online/đặt trước; rà soát loại bớt mã.,856.4,40,9.821
21300,ANTIQUE EDWARDIAN DRESSER,3,Hàng đuôi dài bán chậm,Không chiếm kệ chính: gom vào khu 'mẫu trưng bày' hoặc chỉ bán online/đặt trước; rà soát loại bớt mã.,841.7,12,23.479166666666668
21128,GOLD FISHING GNOME,3,Hàng đuôi dài bán chậm,Không chiếm kệ chính: gom vào khu 'mẫu trưng bày' hoặc chỉ bán online/đặt trước; rà soát loại bớt mã.,841.63,57,9.536315789473685
84782A,PINK 3 TIER GLASS PLATE STAND,3,Hàng đuôi dài bán chậm,Không chiếm kệ chính: gom vào khu 'mẫu trưng bày' hoặc chỉ bán online/đặt trước; rà soát loại bớt mã.,840.45,26,9.903846153846153
79342B,BROWN FLOWER LIGHTS,3,Hàng đuôi dài bán chậm,Không chiếm kệ chính: gom vào khu 'mẫu trưng bày' hoặc chỉ bán online/đặt trước; rà soát loại bớt mã.,838.52,35,8.864857142857142
84762B,PINK PICNIC BARBECUE BUCKET,3,Hàng đuôi dài bán chậm,Không chiếm kệ chính: gom vào khu 'mẫu trưng bày' hoặc chỉ bán online/đặt trước; rà soát loại bớt mã.,837.77,48,8.7825
21552,CERAMIC BIRDHOUSE BLACK ROSE  LARGE,3,Hàng đuôi dài bán chậm,Không chiếm kệ chính: gom vào khu 'mẫu trưng bày' hoặc chỉ bán online/đặt trước; rà soát loại bớt mã.,837.6,35,6.259722222222222
23017,APOTHECARY MEASURING JAR,3,Hàng đuôi dài bán chậm,Không chiếm kệ chính: gom vào khu 'mẫu trưng bày' hoặc chỉ bán online/đặt trước; rà soát loại bớt mã.,826.28,22,12.759545454545453
21551,CERAMIC BIRDHOUSE BUTTERFLY LARGE,3,Hàng đuôi dài bán chậm,Không chiếm kệ chính: gom vào khu 'mẫu trưng bày' hoặc chỉ bán online/đặt trước; rà soát loại bớt mã.,824.95,22,6.8
21375,LARGE CAMPHOR WOOD FIELD MUSHROOM ,3,Hàng đuôi dài bán chậm,Không chiếm kệ chính: gom vào khu 'mẫu trưng bày' hoặc chỉ bán online/đặt trước; rà soát loại bớt mã.,817.6,61,8.058225806451611
20833,SHAKER THROW  QUILTED,3,Hàng đuôi dài bán chậm,Không chiếm kệ chính: gom vào khu 'mẫu trưng bày' hoặc chỉ bán online/đặt trước; rà soát loại bớt mã.,811.8,5,27.630000000000003
85145,JARDIN ETCHED GLASS LARGE BELL JAR,3,Hàng đuôi dài bán chậm,Không chiếm kệ chính: gom vào khu 'mẫu trưng bày' hoặc chỉ bán online/đặt trước; rà soát loại bớt mã.,809.05,30,9.403333333333334
37333,"RETRO ""TEA FOR ONE"" ",3,Hàng đuôi dài bán chậm,Không chiếm kệ chính: gom vào khu 'mẫu trưng bày' hoặc chỉ bán online/đặt trước; rà soát loại bớt mã.,805.1,58,6.922586206896551
23409,PHOTO FRAME LINEN AND LACE LARGE,3,Hàng đuôi dài bán chậm,Không chiếm kệ chính: gom vào khu 'mẫu trưng bày' hoặc chỉ bán online/đặt trước; rà soát loại bớt mã.,801.6800000000001,43,3.8148837209302324
85044,RED REINDEER STRING OF 20 LIGHTS,3,Hàng đuôi dài bán chậm,Không chiếm kệ chính: gom vào khu 'mẫu trưng bày' hoặc chỉ bán online/đặt trước; rà soát loại bớt mã.,801.4,40,6.930249999999999
22825,DECORATIVE PLANT POT WITH FRIEZE,3,Hàng đuôi dài bán chậm,Không chiếm kệ chính: gom vào khu 'mẫu trưng bày' hoặc chỉ bán online/đặt trước; rà soát loại bớt mã.,799.02,38,8.34
20997,ROSE DU SUD CUSHION COVER ,3,Hàng đuôi dài bán chậm,Không chiếm kệ chính: gom vào khu 'mẫu trưng bày' hoặc chỉ bán online/đặt trước; rà soát loại bớt mã.,796.74,83,4.718433734939759
23487,SWEET HEART CAKE CARRIER,3,Hàng đuôi dài bán chậm,Không chiếm kệ chính: gom vào khu 'mẫu trưng bày' hoặc chỉ bán online/đặt trước; rà soát loại bớt mã.,795.5799999999999,44,10.365454545454545
45008C,DECORATIVE NET CANOPY CREAM,3,Hàng đuôi dài bán chậm,Không chiếm kệ chính: gom vào khu 'mẫu trưng bày' hoặc chỉ bán online/đặt trước; rà soát loại bớt mã.,792.0699999999999,34,12.162647058823529
84029C,BROWN FURRY HOT WATER BOTTLE,3,Hàng đuôi dài bán chậm,Không chiếm kệ chính: gom vào khu 'mẫu trưng bày' hoặc chỉ bán online/đặt trước; rà soát loại bớt mã.,773.97,49,4.62204081632653
23115,RED APPLES CHOPPING BOARD   ,3,Hàng đuôi dài bán chậm,Không chiếm kệ chính: gom vào khu 'mẫu trưng bày' hoặc chỉ bán online/đặt trước; rà soát loại bớt mã.,770.32,45,5.8406666666666665
21554,CERAMIC BIRDHOUSE RED ROOF LARGE,3,Hàng đuôi dài bán chậm,Không chiếm kệ chính: gom vào khu 'mẫu trưng bày' hoặc chỉ bán online/đặt trước; rà soát loại bớt mã.,767.75,22,6.479545454545455
84712B,PINK JEWELLED PHOTO FRAME,3,Hàng đuôi dài bán chậm,Không chiếm kệ chính: gom vào khu 'mẫu trưng bày' hoặc chỉ bán online/đặt trước; rà soát loại bớt mã.,767.1600000000001,60,7.797
23140,TRIPLE WIRE HOOK IVORY HEART,3,Hàng đuôi dài bán chậm,Không chiếm kệ chính: gom vào khu 'mẫu trưng bày' hoặc chỉ bán online/đặt trước; rà soát loại bớt mã.,766.1,52,4.535769230769231
84963A,PINK PAINTED KASHMIRI CHAIR,3,Hàng đuôi dài bán chậm,Không chiếm kệ chính: gom vào khu 'mẫu trưng bày' hoặc chỉ bán online/đặt trước; rà soát loại bớt mã.,763.35,9,41.738888888888894
23458,DOLLY CABINET 3 DRAWERS ,3,Hàng đuôi dài bán chậm,Không chiếm kệ chính: gom vào khu 'mẫu trưng bày' hoặc chỉ bán online/đặt trước; rà soát loại bớt mã.,762.4499999999999,30,14.95
84762C,GREEN PICNIC BARBECUE BUCKET,3,Hàng đuôi dài bán chậm,Không chiếm kệ chính: gom vào khu 'mẫu trưng bày' hoặc chỉ bán online/đặt trước; rà soát loại bớt mã.,761.25,43,8.556511627906977
21298,EDWARDIAN 2 DRAWER WALL CABINET ,3,Hàng đuôi dài bán chậm,Không chiếm kệ chính: gom vào khu 'mẫu trưng bày' hoặc chỉ bán online/đặt trước; rà soát loại bớt mã.,755.8,14,19.37857142857143
85135A,YELLOW DRAGONFLY HELICOPTER,3,Hàng đuôi dài bán chậm,Không chiếm kệ chính: gom vào khu 'mẫu trưng bày' hoặc chỉ bán online/đặt trước; rà soát loại bớt mã.,754.59,63,8.032380952380953
47581B,FAIRY CAKE WICKER PICNIC BASKET ,3,Hàng đuôi dài bán chậm,Không chiếm kệ chính: gom vào khu 'mẫu trưng bày' hoặc chỉ bán online/đặt trước; rà soát loại bớt mã.,753.77,36,16.319444444444443
84653,GREEN ROSE QUILT ,3,Hàng đuôi dài bán chậm,Không chiếm kệ chính: gom vào khu 'mẫu trưng bày' hoặc chỉ bán online/đặt trước; rà soát loại bớt mã.,750.48,12,54.88166666666667
21344,MOROCCAN BEATEN METAL DISH,3,Hàng đuôi dài bán chậm,Không chiếm kệ chính: gom vào khu 'mẫu trưng bày' hoặc chỉ bán online/đặt trước; rà soát loại bớt mã.,749.82,26,8.916153846153845
84615,PINK ROUND BUTTERFLY MIRROR ,3,Hàng đuôi dài bán chậm,Không chiếm kệ chính: gom vào khu 'mẫu trưng bày' hoặc chỉ bán online/đặt trước; rà soát loại bớt mã.,748.48,21,5.614285714285714
84620,BLUE GINGHAM ROSE CUSHION COVER,3,Hàng đuôi dài bán chậm,Không chiếm kệ chính: gom vào khu 'mẫu trưng bày' hoặc chỉ bán online/đặt trước; rà soát loại bớt mã.,746.61,50,6.5352
23114,VINTAGE LEAF CHOPPING BOARD  ,3,Hàng đuôi dài bán chậm,Không chiếm kệ chính: gom vào khu 'mẫu trưng bày' hoặc chỉ bán online/đặt trước; rà soát loại bớt mã.,737.95,45,5.451333333333333
84715,SET OF 6 ICE CREAM SKITTLES,3,Hàng đuôi dài bán chậm,Không chiếm kệ chính: gom vào khu 'mẫu trưng bày' hoặc chỉ bán online/đặt trước; rà soát loại bớt mã.,734.8900000000001,47,3.393617021276596
23454,THREE MINI HANGING FRAMES,3,Hàng đuôi dài bán chậm,Không chiếm kệ chính: gom vào khu 'mẫu trưng bày' hoặc chỉ bán online/đặt trước; rà soát loại bớt mã.,733.2,52,4.5190909090909095
84708B,PINK JEWELLED PHOTO FRAME ,3,Hàng đuôi dài bán chậm,Không chiếm kệ chính: gom vào khu 'mẫu trưng bày' hoặc chỉ bán online/đặt trước; rà soát loại bớt mã.,732.7900000000001,53,5.391851851851852
21001,ROSE DU SUD WASHBAG ,3,Hàng đuôi dài bán chậm,Không chiếm kệ chính: gom vào khu 'mẫu trưng bày' hoặc chỉ bán online/đặt trước; rà soát loại bớt mã.,717.8000000000001,90,4.899222222222222
23042,PAPER LANTERN 7 POINT SNOW STAR,3,Hàng đuôi dài bán chậm,Không chiếm kệ chính: gom vào khu 'mẫu trưng bày' hoặc chỉ bán online/đặt trước; rà soát loại bớt mã.,711.51,28,7.361428571428571
23070,EDWARDIAN HEART PHOTO FRAME,3,Hàng đuôi dài bán chậm,Không chiếm kệ chính: gom vào khu 'mẫu trưng bày' hoặc chỉ bán online/đặt trước; rà soát loại bớt mã.,709.5400000000001,44,5.090909090909091
21308,LOUVRE VANITY MIRROR,3,Hàng đuôi dài bán chậm,Không chiếm kệ chính: gom vào khu 'mẫu trưng bày' hoặc chỉ bán online/đặt trước; rà soát loại bớt mã.,705.9,6,12.158333333333333
84917,WHITE HAND TOWEL WITH BUTTERFLY,3,Hàng đuôi dài bán chậm,Không chiếm kệ chính: gom vào khu 'mẫu trưng bày' hoặc chỉ bán online/đặt trước; rà soát loại bớt mã.,686.03,53,4.334150943396226
84563A,PINK & WHITE BREAKFAST TRAY,3,Hàng đuôi dài bán chậm,Không chiếm kệ chính: gom vào khu 'mẫu trưng bày' hoặc chỉ bán online/đặt trước; rà soát loại bớt mã.,685.15,62,6.021612903225806
21674,RIDGED GLASS PENDANT LAMPSHADE,3,Hàng đuôi dài bán chậm,Không chiếm kệ chính: gom vào khu 'mẫu trưng bày' hoặc chỉ bán online/đặt trước; rà soát loại bớt mã.,680.8499999999999,9,16.505555555555553
90160C,TURQ+RED BOUDICCA LARGE BRACELET,3,Hàng đuôi dài bán chậm,Không chiếm kệ chính: gom vào khu 'mẫu trưng bày' hoặc chỉ bán online/đặt trước; rà soát loại bớt mã.,677.0,45,7.005333333333334
85096,HILDA CANDY SPOT RABBIT,3,Hàng đuôi dài bán chậm,Không chiếm kệ chính: gom vào khu 'mẫu trưng bày' hoặc chỉ bán online/đặt trước; rà soát loại bớt mã.,676.92,66,4.50089552238806
84824,DANISH ROSE UMBRELLA STAND,3,Hàng đuôi dài bán chậm,Không chiếm kệ chính: gom vào khu 'mẫu trưng bày' hoặc chỉ bán online/đặt trước; rà soát loại bớt mã.,676.4499999999999,32,18.4484375
23428,IVORY RETRO KITCHEN WALL CLOCK,3,Hàng đuôi dài bán chậm,Không chiếm kệ chính: gom vào khu 'mẫu trưng bày' hoặc chỉ bán online/đặt trước; rà soát loại bớt mã.,675.91,33,9.915454545454546
90082D,DIAMANTE BOW BROOCH BLACK COLOUR,3,Hàng đuôi dài bán chậm,Không chiếm kệ chính: gom vào khu 'mẫu trưng bày' hoặc chỉ bán online/đặt trước; rà soát loại bớt mã.,664.3499999999999,51,6.51156862745098
90184C,BLACK CHUNKY BEAD BRACELET W STRAP,3,Hàng đuôi dài bán chậm,Không chiếm kệ chính: gom vào khu 'mẫu trưng bày' hoặc chỉ bán online/đặt trước; rà soát loại bớt mã.,661.04,50,9.1038
21764,VINTAGE WOODEN PLATE RACK,3,Hàng đuôi dài bán chậm,Không chiếm kệ chính: gom vào khu 'mẫu trưng bày' hoặc chỉ bán online/đặt trước; rà soát loại bớt mã.,659.1500000000001,11,39.49545454545455
71403,"PINK/WHITE ""KEEP CLEAN"" BULLET BIN",3,Hàng đuôi dài bán chậm,Không chiếm kệ chính: gom vào khu 'mẫu trưng bày' hoặc chỉ bán online/đặt trước; rà soát loại bớt mã.,656.0500000000001,69,4.638260869565218
85168B,BLACK BAROQUE CARRIAGE CLOCK,3,Hàng đuôi dài bán chậm,Không chiếm kệ chính: gom vào khu 'mẫu trưng bày' hoặc chỉ bán online/đặt trước; rà soát loại bớt mã.,652.17,52,9.157884615384615
35004P,SET OF 3 PINK FLYING DUCKS,3,Hàng đuôi dài bán chậm,Không chiếm kệ chính: gom vào khu 'mẫu trưng bày' hoặc chỉ bán online/đặt trước; rà soát loại bớt mã.,651.69,44,6.940227272727273
37474,SET/4 2 TONE EGG SHAPE MIXING BOWLS,3,Hàng đuôi dài bán chậm,Không chiếm kệ chính: gom vào khu 'mẫu trưng bày' hoặc chỉ bán online/đặt trước; rà soát loại bớt mã.,651.05,44,10.812222222222221
21350,GINGHAM HEART WREATH,3,Hàng đuôi dài bán chậm,Không chiếm kệ chính: gom vào khu 'mẫu trưng bày' hoặc chỉ bán online/đặt trước; rà soát loại bớt mã.,647.7500000000001,42,2.940909090909091
84865,NEW BAROQUE BLACK PHOTO ALBUM,3,Hàng đuôi dài bán chậm,Không chiếm kệ chính: gom vào khu 'mẫu trưng bày' hoặc chỉ bán online/đặt trước; rà soát loại bớt mã.,639.42,48,9.396666666666667
84766,SILVER ROCOCO CANDLE STICK,3,Hàng đuôi dài bán chậm,Không chiếm kệ chính: gom vào khu 'mẫu trưng bày' hoặc chỉ bán online/đặt trước; rà soát loại bớt mã.,638.0,27,4.57962962962963
23492,VINTAGE JINGLE BELLS WREATH,3,Hàng đuôi dài bán chậm,Không chiếm kệ chính: gom vào khu 'mẫu trưng bày' hoặc chỉ bán online/đặt trước; rà soát loại bớt mã.,635.38,28,8.549285714285714
23456,MEDIUM PARLOUR PICTURE FRAME ,3,Hàng đuôi dài bán chậm,Không chiếm kệ chính: gom vào khu 'mẫu trưng bày' hoặc chỉ bán online/đặt trước; rà soát loại bớt mã.,634.1,36,4.116666666666667
23019,SMALL APOTHECARY MEASURING JAR ,3,Hàng đuôi dài bán chậm,Không chiếm kệ chính: gom vào khu 'mẫu trưng bày' hoặc chỉ bán online/đặt trước; rà soát loại bớt mã.,629.0500000000001,28,8.078571428571427
90184B,AMETHYST CHUNKY BEAD BRACELET W STR,3,Hàng đuôi dài bán chậm,Không chiếm kệ chính: gom vào khu 'mẫu trưng bày' hoặc chỉ bán online/đặt trước; rà soát loại bớt mã.,625.48,47,9.110212765957447
21004,ROSE DU SUD CHILDS APRON,3,Hàng đuôi dài bán chậm,Không chiếm kệ chính: gom vào khu 'mẫu trưng bày' hoặc chỉ bán online/đặt trước; rà soát loại bớt mã.,625.07,70,4.793943661971831
20694,FLORAL PINK MONSTER,3,Hàng đuôi dài bán chậm,Không chiếm kệ chính: gom vào khu 'mẫu trưng bày' hoặc chỉ bán online/đặt trước; rà soát loại bớt mã.,622.33,54,4.398363636363636
23180,MUM'S KITCHEN CLOCK,3,Hàng đuôi dài bán chậm,Không chiếm kệ chính: gom vào khu 'mẫu trưng bày' hoặc chỉ bán online/đặt trước; rà soát loại bớt mã.,621.09,49,5.939387755102041
84707B,PINK JEWELLED MIRROR TRINKET TRAY,3,Hàng đuôi dài bán chậm,Không chiếm kệ chính: gom vào khu 'mẫu trưng bày' hoặc chỉ bán online/đặt trước; rà soát loại bớt mã.,618.52,51,8.634509803921569
20696,FLORAL SOFT CAR TOY,3,Hàng đuôi dài bán chậm,Không chiếm kệ chính: gom vào khu 'mẫu trưng bày' hoặc chỉ bán online/đặt trước; rà soát loại bớt mã.,617.9399999999999,60,4.625666666666667
23471,SIX DRAWER OFFICE TIDY,3,Hàng đuôi dài bán chậm,Không chiếm kệ chính: gom vào khu 'mẫu trưng bày' hoặc chỉ bán online/đặt trước; rà soát loại bớt mã.,616.79,27,10.162592592592592
84932C,SMALL ORIENTAL BLUE FOLDING STOOL,3,Hàng đuôi dài bán chậm,Không chiếm kệ chính: gom vào khu 'mẫu trưng bày' hoặc chỉ bán online/đặt trước; rà soát loại bớt mã.,615.4,34,3.105882352941176
47583A,SET OF 3 WICKER BASKET ROSE,3,Hàng đuôi dài bán chậm,Không chiếm kệ chính: gom vào khu 'mẫu trưng bày' hoặc chỉ bán online/đặt trước; rà soát loại bớt mã.,612.8199999999999,6,26.30333333333333
23018,LARGE APOTHECARY MEASURING JAR ,3,Hàng đuôi dài bán chậm,Không chiếm kệ chính: gom vào khu 'mẫu trưng bày' hoặc chỉ bán online/đặt trước; rà soát loại bớt mã.,612.1600000000001,21,12.900476190476192
20695,FLORAL BLUE MONSTER,3,Hàng đuôi dài bán chậm,Không chiếm kệ chính: gom vào khu 'mẫu trưng bày' hoặc chỉ bán online/đặt trước; rà soát loại bớt mã.,604.58,61,4.856393442622951
82095,HEART BUTTONS JEWELLERY BOX,3,Hàng đuôi dài bán chậm,Không chiếm kệ chính: gom vào khu 'mẫu trưng bày' hoặc chỉ bán online/đặt trước; rà soát loại bớt mã.,600.91,48,6.192916666666666
23520,EMBROIDERED RIBBON REEL RUBY ,3,Hàng đuôi dài bán chậm,Không chiếm kệ chính: gom vào khu 'mẫu trưng bày' hoặc chỉ bán online/đặt trước; rà soát loại bớt mã.,600.55,32,3.9675
85146,JARDIN ETCHED GLASS SMALL BELL JAR,3,Hàng đuôi dài bán chậm,Không chiếm kệ chính: gom vào khu 'mẫu trưng bày' hoặc chỉ bán online/đặt trước; rà soát loại bớt mã.,599.38,29,5.614516129032259
90143,SILVER BRACELET W PASTEL FLOWER,3,Hàng đuôi dài bán chậm,Không chiếm kệ chính: gom vào khu 'mẫu trưng bày' hoặc chỉ bán online/đặt trước; rà soát loại bớt mã.,599.13,41,7.63390243902439
82011C,BATHROOM SCALES FOOTPRINTS IN SAND,3,Hàng đuôi dài bán chậm,Không chiếm kệ chính: gom vào khu 'mẫu trưng bày' hoặc chỉ bán online/đặt trước; rà soát loại bớt mã.,595.1800000000001,71,5.237887323943662
21304,ARCHED GREY MIRROR,3,Hàng đuôi dài bán chậm,Không chiếm kệ chính: gom vào khu 'mẫu trưng bày' hoặc chỉ bán online/đặt trước; rà soát loại bớt mã.,591.58,18,11.132222222222222
84963B,BLUE PAINTED KASHMIRI CHAIR,3,Hàng đuôi dài bán chậm,Không chiếm kệ chính: gom vào khu 'mẫu trưng bày' hoặc chỉ bán online/đặt trước; rà soát loại bớt mã.,591.5,6,42.958333333333336
20794,BLUE  TILE HOOK,3,Hàng đuôi dài bán chậm,Không chiếm kệ chính: gom vào khu 'mẫu trưng bày' hoặc chỉ bán online/đặt trước; rà soát loại bớt mã.,591.02,48,3.4424489795918363
84563B,BLUE & WHITE BREAKFAST TRAY,3,Hàng đuôi dài bán chậm,Không chiếm kệ chính: gom vào khu 'mẫu trưng bày' hoặc chỉ bán online/đặt trước; rà soát loại bớt mã.,590.04,59,5.206271186440678
21893,POTTING SHED SEED TIN,3,Hàng đuôi dài bán chậm,Không chiếm kệ chính: gom vào khu 'mẫu trưng bày' hoặc chỉ bán online/đặt trước; rà soát loại bớt mã.,587.8,20,5.4975000000000005
90199C,5 STRAND GLASS NECKLACE CRYSTAL,3,Hàng đuôi dài bán chậm,Không chiếm kệ chính: gom vào khu 'mẫu trưng bày' hoặc chỉ bán online/đặt trước; rà soát loại bớt mã.,585.29,31,6.3130303030303025
90195A,PURPLE GEMSTONE BRACELET,3,Hàng đuôi dài bán chậm,Không chiếm kệ chính: gom vào khu 'mẫu trưng bày' hoặc chỉ bán online/đặt trước; rà soát loại bớt mã.,585.1999999999999,44,8.693181818181818
21553,CERAMIC BIRDHOUSE FINCH BLUE  LARGE,3,Hàng đuôi dài bán chậm,Không chiếm kệ chính: gom vào khu 'mẫu trưng bày' hoặc chỉ bán online/đặt trước; rà soát loại bớt mã.,581.27,39,7.881282051282051
23537,WALL ART I LOVE LONDON ,3,Hàng đuôi dài bán chậm,Không chiếm kệ chính: gom vào khu 'mẫu trưng bày' hoặc chỉ bán online/đặt trước; rà soát loại bớt mã.,581.13,34,6.9405882352941175
20781,GOLD EAR MUFF HEADPHONES,3,Hàng đuôi dài bán chậm,Không chiếm kệ chính: gom vào khu 'mẫu trưng bày' hoặc chỉ bán online/đặt trước; rà soát loại bớt mã.,579.93,61,6.378196721311475
90010B,BLACK/WHITE GLASS/SILVER BRACELET,3,Hàng đuôi dài bán chậm,Không chiếm kệ chính: gom vào khu 'mẫu trưng bày' hoặc chỉ bán online/đặt trước; rà soát loại bớt mã.,578.02,34,9.342647058823529
35922,EASTER BUNNY WREATH,3,Hàng đuôi dài bán chậm,Không chiếm kệ chính: gom vào khu 'mẫu trưng bày' hoặc chỉ bán online/đặt trước; rà soát loại bớt mã.,575.99,36,7.111666666666666
23016,GLASS TWIST BON BON JAR,3,Hàng đuôi dài bán chậm,Không chiếm kệ chính: gom vào khu 'mẫu trưng bày' hoặc chỉ bán online/đặt trước; rà soát loại bớt mã.,575.25,24,8.714583333333332
84924A,WAKE UP COCKEREL CALENDAR SIGN ,3,Hàng đuôi dài bán chậm,Không chiếm kệ chính: gom vào khu 'mẫu trưng bày' hoặc chỉ bán online/đặt trước; rà soát loại bớt mã.,571.0,62,4.855483870967742
23455,SMALL PARLOUR PICTURE FRAME,3,Hàng đuôi dài bán chậm,Không chiếm kệ chính: gom vào khu 'mẫu trưng bày' hoặc chỉ bán online/đặt trước; rà soát loại bớt mã.,569.4300000000001,35,2.867777777777778
84773,RED ROSE AND LACE C/COVER,3,Hàng đuôi dài bán chậm,Không chiếm kệ chính: gom vào khu 'mẫu trưng bày' hoặc chỉ bán online/đặt trước; rà soát loại bớt mã.,560.5,48,2.95
85090,CANDY SPOT APRON,3,Hàng đuôi dài bán chậm,Không chiếm kệ chính: gom vào khu 'mẫu trưng bày' hoặc chỉ bán online/đặt trước; rà soát loại bớt mã.,559.2800000000001,53,5.87925925925926
84306,S/3 PINK SQUARE PLANTERS ROSES,3,Hàng đuôi dài bán chậm,Không chiếm kệ chính: gom vào khu 'mẫu trưng bày' hoặc chỉ bán online/đặt trước; rà soát loại bớt mã.,557.4799999999999,31,12.064193548387097
23069,EDWARDIAN PHOTO FRAME,3,Hàng đuôi dài bán chậm,Không chiếm kệ chính: gom vào khu 'mẫu trưng bày' hoặc chỉ bán online/đặt trước; rà soát loại bớt mã.,556.21,32,6.4440625
90120D,WHITE MURANO TWIST BRACELET,3,Hàng đuôi dài bán chậm,Không chiếm kệ chính: gom vào khu 'mẫu trưng bày' hoặc chỉ bán online/đặt trước; rà soát loại bớt mã.,554.13,40,4.20025
23457,LARGE PARLOUR PICTURE FRAME,3,Hàng đuôi dài bán chậm,Không chiếm kệ chính: gom vào khu 'mẫu trưng bày' hoặc chỉ bán online/đặt trước; rà soát loại bớt mã.,549.88,31,5.109354838709678
23484,HEART TRELLIS TRIPLE T-LIGHT HOLDER,3,Hàng đuôi dài bán chậm,Không chiếm kệ chính: gom vào khu 'mẫu trưng bày' hoặc chỉ bán online/đặt trước; rà soát loại bớt mã.,547.35,35,3.673333333333334
23074,EMBOSSED HEART TRINKET BOX,3,Hàng đuôi dài bán chậm,Không chiếm kệ chính: gom vào khu 'mẫu trưng bày' hoặc chỉ bán online/đặt trước; rà soát loại bớt mã.,547.27,48,2.623125
21339,MARAKESH LANTERN LARGE,3,Hàng đuôi dài bán chậm,Không chiếm kệ chính: gom vào khu 'mẫu trưng bày' hoặc chỉ bán online/đặt trước; rà soát loại bớt mã.,544.5,12,19.257692307692306
23043,PAPER LANTERN 9 POINT HOLLY STAR L,3,Hàng đuôi dài bán chậm,Không chiếm kệ chính: gom vào khu 'mẫu trưng bày' hoặc chỉ bán online/đặt trước; rà soát loại bớt mã.,543.51,23,7.33
85027L,FRENCH CHATEAU LARGE PLATTER ,3,Hàng đuôi dài bán chậm,Không chiếm kệ chính: gom vào khu 'mẫu trưng bày' hoặc chỉ bán online/đặt trước; rà soát loại bớt mã.,538.5,40,4.65
84592,CROCHET ROSE PURSE WITH SUEDE BACK,3,Hàng đuôi dài bán chậm,Không chiếm kệ chính: gom vào khu 'mẫu trưng bày' hoặc chỉ bán online/đặt trước; rà soát loại bớt mã.,536.4000000000001,47,3.443829787234043
84414B,FUSCHIA/GREEN STRIPE WOOLLY BLANKET,3,Hàng đuôi dài bán chậm,Không chiếm kệ chính: gom vào khu 'mẫu trưng bày' hoặc chỉ bán online/đặt trước; rà soát loại bớt mã.,536.24,9,13.965555555555556
84661B,BLACK SQUARE TABLE CLOCK,3,Hàng đuôi dài bán chậm,Không chiếm kệ chính: gom vào khu 'mẫu trưng bày' hoặc chỉ bán online/đặt trước; rà soát loại bớt mã.,535.18,52,3.266730769230769
23660,HENRIETTA HEN MUG ,3,Hàng đuôi dài bán chậm,Không chiếm kệ chính: gom vào khu 'mẫu trưng bày' hoặc chỉ bán online/đặt trước; rà soát loại bớt mã.,534.66,42,2.2404761904761905
90203,SILVER CHARM NECKLACE 70CM,3,Hàng đuôi dài bán chậm,Không chiếm kệ chính: gom vào khu 'mẫu trưng bày' hoặc chỉ bán online/đặt trước; rà soát loại bớt mã.,534.27,34,7.547941176470588
21418,STARFISH SOAP DISH,3,Hàng đuôi dài bán chậm,Không chiếm kệ chính: gom vào khu 'mẫu trưng bày' hoặc chỉ bán online/đặt trước; rà soát loại bớt mã.,533.8399999999999,66,3.4825373134328355
85030,FRENCH CHATEAU OVAL PLATTER,3,Hàng đuôi dài bán chậm,Không chiếm kệ chính: gom vào khu 'mẫu trưng bày' hoặc chỉ bán online/đặt trước; rà soát loại bớt mã.,531.4499999999999,29,5.05344827586207
21734,SMALL MARAKESH LANTERN ON STICK,3,Hàng đuôi dài bán chậm,Không chiếm kệ chính: gom vào khu 'mẫu trưng bày' hoặc chỉ bán online/đặt trước; rà soát loại bớt mã.,529.49,29,5.727666666666667
90160D,PINK BOUDICCA LARGE BRACELET,3,Hàng đuôi dài bán chậm,Không chiếm kệ chính: gom vào khu 'mẫu trưng bày' hoặc chỉ bán online/đặt trước; rà soát loại bớt mã.,529.22,25,6.9764
23060,HEART BEADED TRELLIS DECORATION,3,Hàng đuôi dài bán chậm,Không chiếm kệ chính: gom vào khu 'mẫu trưng bày' hoặc chỉ bán online/đặt trước; rà soát loại bớt mã.,528.1700000000001,42,2.2197727272727272
35004S,SET OF 3 SILVER FLYING DUCKS,3,Hàng đuôi dài bán chậm,Không chiếm kệ chính: gom vào khu 'mẫu trưng bày' hoặc chỉ bán online/đặt trước; rà soát loại bớt mã.,518.4,25,7.512
84762A,WHITE PICNIC BARBECUE BUCKET,3,Hàng đuôi dài bán chậm,Không chiếm kệ chính: gom vào khu 'mẫu trưng bày' hoặc chỉ bán online/đặt trước; rà soát loại bớt mã.,517.4300000000001,29,9.866551724137931
23136,IVORY WIRE SWEETHEART LETTER TRAY,3,Hàng đuôi dài bán chậm,Không chiếm kệ chính: gom vào khu 'mẫu trưng bày' hoặc chỉ bán online/đặt trước; rà soát loại bớt mã.,511.89,49,4.034081632653061
84782C,GREEN 3 TIER GLASS PLATE STAND,3,Hàng đuôi dài bán chậm,Không chiếm kệ chính: gom vào khu 'mẫu trưng bày' hoặc chỉ bán online/đặt trước; rà soát loại bớt mã.,509.9,18,9.616666666666667
20753,RETRO PINK SPOT WASHING UP GLOVES,3,Hàng đuôi dài bán chậm,Không chiếm kệ chính: gom vào khu 'mẫu trưng bày' hoặc chỉ bán online/đặt trước; rà soát loại bớt mã.,509.00000000000006,56,2.6607142857142856
84877B,GREEN ROUND COMPACT MIRROR,3,Hàng đuôi dài bán chậm,Không chiếm kệ chính: gom vào khu 'mẫu trưng bày' hoặc chỉ bán online/đặt trước; rà soát loại bớt mã.,504.43,43,2.682093023255814
85142,JARDIN ETCHED GLASS GINGER JAR,3,Hàng đuôi dài bán chậm,Không chiếm kệ chính: gom vào khu 'mẫu trưng bày' hoặc chỉ bán online/đặt trước; rà soát loại bớt mã.,502.58,34,9.403823529411765
20845,ZINC HEART LATTICE 2 WALL PLANTER,3,Hàng đuôi dài bán chậm,Không chiếm kệ chính: gom vào khu 'mẫu trưng bày' hoặc chỉ bán online/đặt trước; rà soát loại bớt mã.,502.27,24,7.169583333333333
90014A,SILVER/MOP ORBIT NECKLACE,3,Hàng đuôi dài bán chậm,Không chiếm kệ chính: gom vào khu 'mẫu trưng bày' hoặc chỉ bán online/đặt trước; rà soát loại bớt mã.,502.01,40,9.677249999999999
90010E,AMBER GLASS/SILVER BRACELET,3,Hàng đuôi dài bán chậm,Không chiếm kệ chính: gom vào khu 'mẫu trưng bày' hoặc chỉ bán online/đặt trước; rà soát loại bớt mã.,501.65,35,8.912285714285714
23117,POPPY FIELDS CHOPPING BOARD,3,Hàng đuôi dài bán chậm,Không chiếm kệ chính: gom vào khu 'mẫu trưng bày' hoặc chỉ bán online/đặt trước; rà soát loại bớt mã.,501.23,45,5.598888888888888
23021,GLASS BONNE JAM JAR,3,Hàng đuôi dài bán chậm,Không chiếm kệ chính: gom vào khu 'mẫu trưng bày' hoặc chỉ bán online/đặt trước; rà soát loại bớt mã.,500.82000000000005,27,4.441851851851852
84706D,CHERRY BLOSSOM TABLE CLOCK ,3,Hàng đuôi dài bán chậm,Không chiếm kệ chính: gom vào khu 'mẫu trưng bày' hoặc chỉ bán online/đặt trước; rà soát loại bớt mã.,500.19,16,4.771249999999999
23560,SET OF 6 RIBBONS COUNTRY STYLE,3,Hàng đuôi dài bán chậm,Không chiếm kệ chính: gom vào khu 'mẫu trưng bày' hoặc chỉ bán online/đặt trước; rà soát loại bớt mã.,499.18,26,3.543846153846154
23466,TUSCAN VILLA DOVECOTE BIRD FEEDER,3,Hàng đuôi dài bán chậm,Không chiếm kệ chính: gom vào khu 'mẫu trưng bày' hoặc chỉ bán online/đặt trước; rà soát loại bớt mã.,498.03,27,10.084444444444443
23045,PAPER LANTERN 5 POINT STAR MOON ,3,Hàng đuôi dài bán chậm,Không chiếm kệ chính: gom vào khu 'mẫu trưng bày' hoặc chỉ bán online/đặt trước; rà soát loại bớt mã.,497.9800000000001,25,4.4812
35600D,PINK AND WHITE CHRISTMAS TREE 180CM,3,Hàng đuôi dài bán chậm,Không chiếm kệ chính: gom vào khu 'mẫu trưng bày' hoặc chỉ bán online/đặt trước; rà soát loại bớt mã.,497.70000000000005,13,7.084615384615384
90160B,RED BOUDICCA LARGE BRACELET,3,Hàng đuôi dài bán chậm,Không chiếm kệ chính: gom vào khu 'mẫu trưng bày' hoặc chỉ bán online/đặt trước; rà soát loại bớt mã.,490.92,29,6.8420689655172415
21663,VINTAGE GLASS SUGAR CADDY,3,Hàng đuôi dài bán chậm,Không chiếm kệ chính: gom vào khu 'mẫu trưng bày' hoặc chỉ bán online/đặt trước; rà soát loại bớt mã.,488.16,32,7.245625
23422,PANTRY HOOK BALLOON WHISK ,3,Hàng đuôi dài bán chậm,Không chiếm kệ chính: gom vào khu 'mẫu trưng bày' hoặc chỉ bán online/đặt trước; rà soát loại bớt mã.,477.89,47,2.777872340425532
21132,SILVER STANDING GNOME   ,3,Hàng đuôi dài bán chậm,Không chiếm kệ chính: gom vào khu 'mẫu trưng bày' hoặc chỉ bán online/đặt trước; rà soát loại bớt mã.,476.61,47,5.723191489361702
23561,SET OF 6 RIBBONS PARTY,3,Hàng đuôi dài bán chậm,Không chiếm kệ chính: gom vào khu 'mẫu trưng bày' hoặc chỉ bán online/đặt trước; rà soát loại bớt mã.,476.0,16,3.40875
21536,DAIRY MAID  SMALL  MILK JUG,3,Hàng đuôi dài bán chậm,Không chiếm kệ chính: gom vào khu 'mẫu trưng bày' hoặc chỉ bán online/đặt trước; rà soát loại bớt mã.,474.74000000000007,61,2.2688888888888887
85136B,BLUE SHARK HELICOPTER,3,Hàng đuôi dài bán chậm,Không chiếm kệ chính: gom vào khu 'mẫu trưng bày' hoặc chỉ bán online/đặt trước; rà soát loại bớt mã.,473.77000000000004,47,8.020638297872342
84901,BLACK FACE LAMB WITH PANTS,3,Hàng đuôi dài bán chậm,Không chiếm kệ chính: gom vào khu 'mẫu trưng bày' hoặc chỉ bán online/đặt trước; rà soát loại bớt mã.,471.13,74,3.8594594594594596
84972L,GIANT PINK HEART MEMO HOLDER,3,Hàng đuôi dài bán chậm,Không chiếm kệ chính: gom vào khu 'mẫu trưng bày' hoặc chỉ bán online/đặt trước; rà soát loại bớt mã.,462.15000000000003,46,3.95
72789,BASKET/8 SCENTED LOVE TOKEN CANDLES,3,Hàng đuôi dài bán chậm,Không chiếm kệ chính: gom vào khu 'mẫu trưng bày' hoặc chỉ bán online/đặt trước; rà soát loại bớt mã.,461.53,45,3.837608695652174
90195B,BLACK GEMSTONE BRACELET,3,Hàng đuôi dài bán chậm,Không chiếm kệ chính: gom vào khu 'mẫu trưng bày' hoặc chỉ bán online/đặt trước; rà soát loại bớt mã.,460.69,26,8.768846153846154
84915,HAND TOWEL PINK FLOWER AND DAISY,3,Hàng đuôi dài bán chậm,Không chiếm kệ chính: gom vào khu 'mẫu trưng bày' hoặc chỉ bán online/đặt trước; rà soát loại bớt mã.,459.56,37,4.340810810810811
84948,SILVER HANGING T-LIGHT HOLDER DOME,3,Hàng đuôi dài bán chậm,Không chiếm kệ chính: gom vào khu 'mẫu trưng bày' hoặc chỉ bán online/đặt trước; rà soát loại bớt mã.,459.2099999999999,36,1.7905405405405406
16207B,PINK HEART RED HANDBAG,3,Hàng đuôi dài bán chậm,Không chiếm kệ chính: gom vào khu 'mẫu trưng bày' hoặc chỉ bán online/đặt trước; rà soát loại bớt mã.,457.65000000000003,46,2.654782608695652
90145,SILVER HOOP EARRINGS WITH FLOWER,3,Hàng đuôi dài bán chậm,Không chiếm kệ chính: gom vào khu 'mẫu trưng bày' hoặc chỉ bán online/đặt trước; rà soát loại bớt mã.,455.86,45,6.132666666666667
21757,LIGHTHOUSE PRINTED METAL SIGN,3,Hàng đuôi dài bán chậm,Không chiếm kệ chính: gom vào khu 'mẫu trưng bày' hoặc chỉ bán online/đặt trước; rà soát loại bớt mã.,454.3,42,6.3058139534883715
84508B,STRIPES DESIGN TEDDY,3,Hàng đuôi dài bán chậm,Không chiếm kệ chính: gom vào khu 'mẫu trưng bày' hoặc chỉ bán online/đặt trước; rà soát loại bớt mã.,453.76,74,2.8228378378378376
90120B,BLUE MURANO TWIST BRACELET,3,Hàng đuôi dài bán chậm,Không chiếm kệ chính: gom vào khu 'mẫu trưng bày' hoặc chỉ bán online/đặt trước; rà soát loại bớt mã.,451.44,42,4.192619047619048
82081,PINK HEARTS PHOTO ALBUM,3,Hàng đuôi dài bán chậm,Không chiếm kệ chính: gom vào khu 'mẫu trưng bày' hoặc chỉ bán online/đặt trước; rà soát loại bớt mã.,451.35,23,5.259130434782609
84857C,PINK MONTE CARLO HANDBAG,3,Hàng đuôi dài bán chậm,Không chiếm kệ chính: gom vào khu 'mẫu trưng bày' hoặc chỉ bán online/đặt trước; rà soát loại bớt mã.,445.03,17,4.375294117647059
90010A,MIDNIGHT BLUE GLASS/SILVER BRACELET,3,Hàng đuôi dài bán chậm,Không chiếm kệ chính: gom vào khu 'mẫu trưng bày' hoặc chỉ bán online/đặt trước; rà soát loại bớt mã.,443.84999999999997,30,9.071666666666665
90198B,VINTAGE ROSE BEAD BRACELET BLACK,3,Hàng đuôi dài bán chậm,Không chiếm kệ chính: gom vào khu 'mẫu trưng bày' hoặc chỉ bán online/đặt trước; rà soát loại bớt mã.,441.9,49,4.244693877551021
90154,LAZER CUT NECKLACE W PASTEL BEADS,3,Hàng đuôi dài bán chậm,Không chiếm kệ chính: gom vào khu 'mẫu trưng bày' hoặc chỉ bán online/đặt trước; rà soát loại bớt mã.,439.65,7,8.707142857142857
79030A,"TUMBLER, ENGLISH ROSE",3,Hàng đuôi dài bán chậm,Không chiếm kệ chính: gom vào khu 'mẫu trưng bày' hoặc chỉ bán online/đặt trước; rà soát loại bớt mã.,438.25,33,5.692424242424242
79071B,ENGLISH ROSE METAL WASTE BIN,3,Hàng đuôi dài bán chậm,Không chiếm kệ chính: gom vào khu 'mẫu trưng bày' hoặc chỉ bán online/đặt trước; rà soát loại bớt mã.,433.70000000000005,66,3.1742424242424243
45016,DECORATIVE NET CANOPY LEOPARD,3,Hàng đuôi dài bán chậm,Không chiếm kệ chính: gom vào khu 'mẫu trưng bày' hoặc chỉ bán online/đặt trước; rà soát loại bớt mã.,423.73,25,5.946923076923077
23044,PAPER LANTERN 9 POINT HOLLY STAR S,3,Hàng đuôi dài bán chậm,Không chiếm kệ chính: gom vào khu 'mẫu trưng bày' hoặc chỉ bán online/đặt trước; rà soát loại bớt mã.,423.29,25,4.309230769230769
21729,SMALL MARAKESH METAL  LANTERN ,3,Hàng đuôi dài bán chậm,Không chiếm kệ chính: gom vào khu 'mẫu trưng bày' hoặc chỉ bán online/đặt trước; rà soát loại bớt mã.,422.9,30,4.051290322580646
47579,TEA TIME BREAKFAST BASKET,3,Hàng đuôi dài bán chậm,Không chiếm kệ chính: gom vào khu 'mẫu trưng bày' hoặc chỉ bán online/đặt trước; rà soát loại bớt mã.,420.87,55,2.5601785714285716
84770,ROUND GEORGIAN SILVER MIRROR,3,Hàng đuôi dài bán chậm,Không chiếm kệ chính: gom vào khu 'mẫu trưng bày' hoặc chỉ bán online/đặt trước; rà soát loại bớt mã.,419.25000000000006,16,3.825
84532B,FAIRY CAKES RECTANGLUAR BOXES,3,Hàng đuôi dài bán chậm,Không chiếm kệ chính: gom vào khu 'mẫu trưng bày' hoặc chỉ bán online/đặt trước; rà soát loại bớt mã.,417.58,31,7.502903225806452
85097B,BLUE ROCKING SINGING CANARY,3,Hàng đuôi dài bán chậm,Không chiếm kệ chính: gom vào khu 'mẫu trưng bày' hoặc chỉ bán online/đặt trước; rà soát loại bớt mã.,417.17,40,4.135365853658537
72803B,OCEAN SCENT CANDLE JEWELLED DRAWER,3,Hàng đuôi dài bán chậm,Không chiếm kệ chính: gom vào khu 'mẫu trưng bày' hoặc chỉ bán online/đặt trước; rà soát loại bớt mã.,416.35,37,4.5746153846153845
35240,ENAMEL BLUE RIM OVAL TRAY SET/2,3,Hàng đuôi dài bán chậm,Không chiếm kệ chính: gom vào khu 'mẫu trưng bày' hoặc chỉ bán online/đặt trước; rà soát loại bớt mã.,416.01,39,8.49
22395,PAPERWEIGHT VINTAGE PAISLEY,3,Hàng đuôi dài bán chậm,Không chiếm kệ chính: gom vào khu 'mẫu trưng bày' hoặc chỉ bán online/đặt trước; rà soát loại bớt mã.,413.76,53,3.0911320754716978
84007,MAGIC GARDEN MOUNT FUJI,3,Hàng đuôi dài bán chậm,Không chiếm kệ chính: gom vào khu 'mẫu trưng bày' hoặc chỉ bán online/đặt trước; rà soát loại bớt mã.,413.12,39,2.6815384615384614
23459,DOLLY CABINET 2 DRAWERS ,3,Hàng đuôi dài bán chậm,Không chiếm kệ chính: gom vào khu 'mẫu trưng bày' hoặc chỉ bán online/đặt trước; rà soát loại bớt mã.,412.5,19,12.5
21341,KASBAH LANTERN WITH GLASS ,3,Hàng đuôi dài bán chậm,Không chiếm kệ chính: gom vào khu 'mẫu trưng bày' hoặc chỉ bán online/đặt trước; rà soát loại bớt mã.,410.64000000000004,29,7.1865517241379315
90149,SILVER FLOWR PINK SHELL NECKLACE,3,Hàng đuôi dài bán chậm,Không chiếm kệ chính: gom vào khu 'mẫu trưng bày' hoặc chỉ bán online/đặt trước; rà soát loại bớt mã.,410.26000000000005,9,7.371111111111111
21252,SET OF MEADOW  FLOWER STICKERS,3,Hàng đuôi dài bán chậm,Không chiếm kệ chính: gom vào khu 'mẫu trưng bày' hoặc chỉ bán online/đặt trước; rà soát loại bớt mã.,408.66,22,3.3613636363636363
84984D,ORIENTAL RED C/COVER ,3,Hàng đuôi dài bán chậm,Không chiếm kệ chính: gom vào khu 'mẫu trưng bày' hoặc chỉ bán online/đặt trước; rà soát loại bớt mã.,404.91,21,6.063333333333334
23339,EGG FRYING PAN BLUE ,3,Hàng đuôi dài bán chậm,Không chiếm kệ chính: gom vào khu 'mẫu trưng bày' hoặc chỉ bán online/đặt trước; rà soát loại bớt mã.,400.84000000000003,76,2.511578947368421
23576,SNACK TRAY RED VINTAGE DOILY,3,Hàng đuôi dài bán chậm,Không chiếm kệ chính: gom vào khu 'mẫu trưng bày' hoặc chỉ bán online/đặt trước; rà soát loại bớt mã.,400.03999999999996,37,2.4010526315789473
23429,RED RETRO KITCHEN WALL CLOCK,3,Hàng đuôi dài bán chậm,Không chiếm kệ chính: gom vào khu 'mẫu trưng bày' hoặc chỉ bán online/đặt trước; rà soát loại bớt mã.,400.01,23,8.887391304347826
23039,T-LIGHT HOLDER SILVER HEART HANDLE,3,Hàng đuôi dài bán chậm,Không chiếm kệ chính: gom vào khu 'mẫu trưng bày' hoặc chỉ bán online/đặt trước; rà soát loại bớt mã.,399.71,28,2.3906896551724137
85007,SET OF 3 VINTAGE TEA TIME BOXES,3,Hàng đuôi dài bán chậm,Không chiếm kệ chính: gom vào khu 'mẫu trưng bày' hoặc chỉ bán online/đặt trước; rà soát loại bớt mã.,399.62,21,4.180454545454546
85167A,WHITE GRAND BAROQUE PHOTO FRAME,3,Hàng đuôi dài bán chậm,Không chiếm kệ chính: gom vào khu 'mẫu trưng bày' hoặc chỉ bán online/đặt trước; rà soát loại bớt mã.,396.8,14,4.235714285714286
90180A,BLACK+WHITE NECKLACE W TASSEL,3,Hàng đuôi dài bán chậm,Không chiếm kệ chính: gom vào khu 'mẫu trưng bày' hoặc chỉ bán online/đặt trước; rà soát loại bớt mã.,396.64,28,9.73
90120A,PINK MURANO TWIST BRACELET,3,Hàng đuôi dài bán chậm,Không chiếm kệ chính: gom vào khu 'mẫu trưng bày' hoặc chỉ bán online/đặt trước; rà soát loại bớt mã.,395.68,41,4.258536585365854
21736,GOLD SCROLL GLASS T-LIGHT HOLDER,3,Hàng đuôi dài bán chậm,Không chiếm kệ chính: gom vào khu 'mẫu trưng bày' hoặc chỉ bán online/đặt trước; rà soát loại bớt mã.,393.69000000000005,27,2.343571428571429
22869,NUMBER TILE COTTAGE GARDEN 1,3,Hàng đuôi dài bán chậm,Không chiếm kệ chính: gom vào khu 'mẫu trưng bày' hoặc chỉ bán online/đặt trước; rà soát loại bớt mã.,393.63,57,3.066140350877193
23661,MILK MAIDS MUG ,3,Hàng đuôi dài bán chậm,Không chiếm kệ chính: gom vào khu 'mẫu trưng bày' hoặc chỉ bán online/đặt trước; rà soát loại bớt mã.,393.59,33,2.2335294117647058
84952A,CLEAR LOVE BIRD T-LIGHT HOLDER,3,Hàng đuôi dài bán chậm,Không chiếm kệ chính: gom vào khu 'mẫu trưng bày' hoặc chỉ bán online/đặt trước; rà soát loại bớt mã.,392.53,39,3.135897435897436
90124B,BLUE MURANO TWIST NECKLACE,3,Hàng đuôi dài bán chậm,Không chiếm kệ chính: gom vào khu 'mẫu trưng bày' hoặc chỉ bán online/đặt trước; rà soát loại bớt mã.,391.18,30,10.054333333333334
84711A,SILVER OVAL SHAPE TRINKET BOX,3,Hàng đuôi dài bán chậm,Không chiếm kệ chính: gom vào khu 'mẫu trưng bày' hoặc chỉ bán online/đặt trước; rà soát loại bớt mã.,390.95,24,9.000416666666666
23150,IVORY SWEETHEART SOAP DISH,3,Hàng đuôi dài bán chậm,Không chiếm kệ chính: gom vào khu 'mẫu trưng bày' hoặc chỉ bán online/đặt trước; rà soát loại bớt mã.,390.75000000000006,49,2.9436734693877553
47562,ENGLISH ROSE IRONING BOARD COVER,3,Hàng đuôi dài bán chậm,Không chiếm kệ chính: gom vào khu 'mẫu trưng bày' hoặc chỉ bán online/đặt trước; rà soát loại bớt mã.,390.0,41,3.75
84081,WHITE CERAMIC PARTY SET (5PCS),3,Hàng đuôi dài bán chậm,Không chiếm kệ chính: gom vào khu 'mẫu trưng bày' hoặc chỉ bán online/đặt trước; rà soát loại bớt mã.,389.3,20,5.212000000000001
23337,EGG FRYING PAN MINT ,3,Hàng đuôi dài bán chậm,Không chiếm kệ chính: gom vào khu 'mẫu trưng bày' hoặc chỉ bán online/đặt trước; rà soát loại bớt mã.,388.75,69,2.287971014492754
84497,BUTTONS AND STRIPES NOTEBOOK ,3,Hàng đuôi dài bán chậm,Không chiếm kệ chính: gom vào khu 'mẫu trưng bày' hoặc chỉ bán online/đặt trước; rà soát loại bớt mã.,387.13,37,4.15102564102564
84292,ROSE PINK METAL FOLDING CHAIR,3,Hàng đuôi dài bán chậm,Không chiếm kệ chính: gom vào khu 'mẫu trưng bày' hoặc chỉ bán online/đặt trước; rà soát loại bớt mã.,385.98,14,10.534285714285714
23116,VEGETABLE GARDEN CHOPPING BOARD,3,Hàng đuôi dài bán chậm,Không chiếm kệ chính: gom vào khu 'mẫu trưng bày' hoặc chỉ bán online/đặt trước; rà soát loại bớt mã.,382.44,22,6.240909090909091
90184A,AMBER CHUNKY BEAD BRACELET W STRAP,3,Hàng đuôi dài bán chậm,Không chiếm kệ chính: gom vào khu 'mẫu trưng bày' hoặc chỉ bán online/đặt trước; rà soát loại bớt mã.,380.82,25,9.146799999999999
84533B,FAIRY CAKES ROUND NESTING BOXES,3,Hàng đuôi dài bán chậm,Không chiếm kệ chính: gom vào khu 'mẫu trưng bày' hoặc chỉ bán online/đặt trước; rà soát loại bớt mã.,377.93,24,7.096666666666667
85033G,SET/6 GOLD REINDEER T-LIGHT CANDLES,3,Hàng đuôi dài bán chậm,Không chiếm kệ chính: gom vào khu 'mẫu trưng bày' hoặc chỉ bán online/đặt trước; rà soát loại bớt mã.,376.05,32,2.742424242424242
84680,CLASSICAL ROSE URN,3,Hàng đuôi dài bán chậm,Không chiếm kệ chính: gom vào khu 'mẫu trưng bày' hoặc chỉ bán online/đặt trước; rà soát loại bớt mã.,372.3,17,7.06764705882353
84741C,CITRUS GARLAND FELT FLOWERS ,3,Hàng đuôi dài bán chậm,Không chiếm kệ chính: gom vào khu 'mẫu trưng bày' hoặc chỉ bán online/đặt trước; rà soát loại bớt mã.,372.14,51,2.125576923076923
84877D,BLUE ROUND COMPACT MIRROR,3,Hàng đuôi dài bán chậm,Không chiếm kệ chính: gom vào khu 'mẫu trưng bày' hoặc chỉ bán online/đặt trước; rà soát loại bớt mã.,371.84999999999997,43,2.9727906976744185
84429A,MEDIUM PINK BUDDHA HEAD ,3,Hàng đuôi dài bán chậm,Không chiếm kệ chính: gom vào khu 'mẫu trưng bày' hoặc chỉ bán online/đặt trước; rà soát loại bớt mã.,371.78000000000003,42,4.005
78033,FLAG OF ST GEORGE CHAIR,3,Hàng đuôi dài bán chậm,Không chiếm kệ chính: gom vào khu 'mẫu trưng bày' hoặc chỉ bán online/đặt trước; rà soát loại bớt mã.,370.6,16,5.525
90082B,DIAMANTE BOW BROOCH RED COLOUR,3,Hàng đuôi dài bán chậm,Không chiếm kệ chính: gom vào khu 'mẫu trưng bày' hoặc chỉ bán online/đặt trước; rà soát loại bớt mã.,368.29999999999995,25,6.35
20906,VINTAGE NOTEBOOK BEAUTY GIRL,3,Hàng đuôi dài bán chậm,Không chiếm kệ chính: gom vào khu 'mẫu trưng bày' hoặc chỉ bán online/đặt trước; rà soát loại bớt mã.,368.24,47,4.0925
22870,NUMBER TILE COTTAGE GARDEN 2,3,Hàng đuôi dài bán chậm,Không chiếm kệ chính: gom vào khu 'mẫu trưng bày' hoặc chỉ bán online/đặt trước; rà soát loại bớt mã.,367.96999999999997,46,3.2091489361702124
23575,SNACK TRAY PAISLEY PARK,3,Hàng đuôi dài bán chậm,Không chiếm kệ chính: gom vào khu 'mẫu trưng bày' hoặc chỉ bán online/đặt trước; rà soát loại bớt mã.,367.34999999999997,32,2.5823529411764703
47504G,ENGLISH ROSE TAPE MEASURE,3,Hàng đuôi dài bán chậm,Không chiếm kệ chính: gom vào khu 'mẫu trưng bày' hoặc chỉ bán online/đặt trước; rà soát loại bớt mã.,366.81,57,1.92859649122807
90002D,FLOWER BURST SILVER RING CRYSTAL,3,Hàng đuôi dài bán chậm,Không chiếm kệ chính: gom vào khu 'mẫu trưng bày' hoặc chỉ bán online/đặt trước; rà soát loại bớt mã.,365.74,34,3.7570588235294116
90160A,PURPLE BOUDICCA LARGE BRACELET,3,Hàng đuôi dài bán chậm,Không chiếm kệ chính: gom vào khu 'mẫu trưng bày' hoặc chỉ bán online/đặt trước; rà soát loại bớt mã.,362.51,25,6.98
84760S,SMALL HANGING GLASS+ZINC LANTERN,3,Hàng đuôi dài bán chậm,Không chiếm kệ chính: gom vào khu 'mẫu trưng bày' hoặc chỉ bán online/đặt trước; rà soát loại bớt mã.,360.21,36,1.9478378378378376
90036E,"FLOWER GLASS GARLD NECKL36""AMETHYST",3,Hàng đuôi dài bán chậm,Không chiếm kệ chính: gom vào khu 'mẫu trưng bày' hoặc chỉ bán online/đặt trước; rà soát loại bớt mã.,358.87,28,7.991785714285714
23579,SNACK TRAY I LOVE LONDON,3,Hàng đuôi dài bán chậm,Không chiếm kệ chính: gom vào khu 'mẫu trưng bày' hoặc chỉ bán online/đặt trước; rà soát loại bớt mã.,358.75,35,2.6265714285714283
84711B,PINK OVAL SHAPE TRINKET BOX,3,Hàng đuôi dài bán chậm,Không chiếm kệ chính: gom vào khu 'mẫu trưng bày' hoặc chỉ bán online/đặt trước; rà soát loại bớt mã.,357.71,30,8.988
21038,SET/4 MODERN VINTAGE COTTON NAPKINS,3,Hàng đuôi dài bán chậm,Không chiếm kệ chính: gom vào khu 'mẫu trưng bày' hoặc chỉ bán online/đặt trước; rà soát loại bớt mã.,355.48,52,2.2201923076923076
20799,PINK MILKSHAKE GLASS,3,Hàng đuôi dài bán chậm,Không chiếm kệ chính: gom vào khu 'mẫu trưng bày' hoặc chỉ bán online/đặt trước; rà soát loại bớt mã.,355.33,26,3.1257692307692304
90019A,SILVER M.O.P ORBIT BRACELET,3,Hàng đuôi dài bán chậm,Không chiếm kệ chính: gom vào khu 'mẫu trưng bày' hoặc chỉ bán online/đặt trước; rà soát loại bớt mã.,354.59000000000003,51,5.2829411764705885
90082A,DIAMANTE BOW BROOCH GREEN COLOUR,3,Hàng đuôi dài bán chậm,Không chiếm kệ chính: gom vào khu 'mẫu trưng bày' hoặc chỉ bán online/đặt trước; rà soát loại bớt mã.,353.71,32,6.4799999999999995
84898F,YELLOW FLOWERS FELT HANDBAG KIT,3,Hàng đuôi dài bán chậm,Không chiếm kệ chính: gom vào khu 'mẫu trưng bày' hoặc chỉ bán online/đặt trước; rà soát loại bớt mã.,352.75,52,2.1796153846153845
46000R,POLYESTER FILLER PAD 45x30cm,3,Hàng đuôi dài bán chậm,Không chiếm kệ chính: gom vào khu 'mẫu trưng bày' hoặc chỉ bán online/đặt trước; rà soát loại bớt mã.,352.34999999999997,61,1.45
23420,PANTRY HOOK TEA STRAINER ,3,Hàng đuôi dài bán chậm,Không chiếm kệ chính: gom vào khu 'mẫu trưng bày' hoặc chỉ bán online/đặt trước; rà soát loại bớt mã.,351.37,32,2.33625
90201C,RED ENAMEL FLOWER RING,3,Hàng đuôi dài bán chậm,Không chiếm kệ chính: gom vào khu 'mẫu trưng bày' hoặc chỉ bán online/đặt trước; rà soát loại bớt mã.,350.94000000000005,46,2.9495652173913043
90161A,ANT COPPER RED BOUDICCA BRACELET,3,Hàng đuôi dài bán chậm,Không chiếm kệ chính: gom vào khu 'mẫu trưng bày' hoặc chỉ bán online/đặt trước; rà soát loại bớt mã.,349.96000000000004,43,5.023953488372093
23421,PANTRY HOOK SPATULA,3,Hàng đuôi dài bán chậm,Không chiếm kệ chính: gom vào khu 'mẫu trưng bày' hoặc chỉ bán online/đặt trước; rà soát loại bớt mã.,349.2,33,2.5148484848484847
82011B,BATHROOM SCALES RUBBER DUCKS,3,Hàng đuôi dài bán chậm,Không chiếm kệ chính: gom vào khu 'mẫu trưng bày' hoặc chỉ bán online/đặt trước; rà soát loại bớt mã.,348.8,48,4.251041666666667
90148,LONG SILVER NECKLACE PASTEL FLOWER,3,Hàng đuôi dài bán chậm,Không chiếm kệ chính: gom vào khu 'mẫu trưng bày' hoặc chỉ bán online/đặt trước; rà soát loại bớt mã.,343.98,18,12.735
84881,BLUE WIRE SPIRAL CANDLE HOLDER,3,Hàng đuôi dài bán chậm,Không chiếm kệ chính: gom vào khu 'mẫu trưng bày' hoặc chỉ bán online/đặt trước; rà soát loại bớt mã.,342.94,24,6.8808333333333325
20940,SET/6 GARDEN GNOME T-LIGHT CANDLES,3,Hàng đuôi dài bán chậm,Không chiếm kệ chính: gom vào khu 'mẫu trưng bày' hoặc chỉ bán online/đặt trước; rà soát loại bớt mã.,342.75,22,3.475454545454546
90191,SILVER LARIAT 40CM,3,Hàng đuôi dài bán chậm,Không chiếm kệ chính: gom vào khu 'mẫu trưng bày' hoặc chỉ bán online/đặt trước; rà soát loại bớt mã.,342.6,21,11.324761904761905
35833P,4 PINK FLOCK CHRISTMAS BALLS,3,Hàng đuôi dài bán chậm,Không chiếm kệ chính: gom vào khu 'mẫu trưng bày' hoặc chỉ bán online/đặt trước; rà soát loại bớt mã.,342.17,64,2.33578125
18096C,WHITE ROUND PORCELAIN TLIGHT HOLDER,3,Hàng đuôi dài bán chậm,Không chiếm kệ chính: gom vào khu 'mẫu trưng bày' hoặc chỉ bán online/đặt trước; rà soát loại bớt mã.,339.84,26,3.839230769230769
79303B,BLUE STAR BLOCK TABLE LAMP,3,Hàng đuôi dài bán chậm,Không chiếm kệ chính: gom vào khu 'mẫu trưng bày' hoặc chỉ bán online/đặt trước; rà soát loại bớt mã.,339.57,10,4.752000000000001
84509E,SET OF 4 CAROUSEL PLACEMATS ,3,Hàng đuôi dài bán chậm,Không chiếm kệ chính: gom vào khu 'mẫu trưng bày' hoặc chỉ bán online/đặt trước; rà soát loại bớt mã.,338.6,33,4.237272727272727
23015,CORDIAL GLASS JUG,3,Hàng đuôi dài bán chậm,Không chiếm kệ chính: gom vào khu 'mẫu trưng bày' hoặc chỉ bán online/đặt trước; rà soát loại bớt mã.,338.38,18,8.691052631578946
84576,BLUE CAT BISCUIT BARREL PINK HEART,3,Hàng đuôi dài bán chậm,Không chiếm kệ chính: gom vào khu 'mẫu trưng bày' hoặc chỉ bán online/đặt trước; rà soát loại bớt mã.,337.04,32,4.8925
35914,PINK CHICK EGG WARMER + EGG CUP,3,Hàng đuôi dài bán chậm,Không chiếm kệ chính: gom vào khu 'mẫu trưng bày' hoặc chỉ bán online/đặt trước; rà soát loại bớt mã.,336.58,56,1.637758620689655
20847,ZINC HEART LATTICE CHARGER LARGE,3,Hàng đuôi dài bán chậm,Không chiếm kệ chính: gom vào khu 'mẫu trưng bày' hoặc chỉ bán online/đặt trước; rà soát loại bớt mã.,334.35,27,4.747407407407407
90014B,GOLD M PEARL  ORBIT NECKLACE,3,Hàng đuôi dài bán chậm,Không chiếm kệ chính: gom vào khu 'mẫu trưng bày' hoặc chỉ bán online/đặt trước; rà soát loại bớt mã.,333.71,28,9.73
23047,PAPER LANTERN 5 POINT SEQUIN STAR,3,Hàng đuôi dài bán chậm,Không chiếm kệ chính: gom vào khu 'mẫu trưng bày' hoặc chỉ bán online/đặt trước; rà soát loại bớt mã.,333.5,25,5.75
90175C,BLUE GLASS CHUNKY CHARM BRACELET,3,Hàng đuôi dài bán chậm,Không chiếm kệ chính: gom vào khu 'mẫu trưng bày' hoặc chỉ bán online/đặt trước; rà soát loại bớt mã.,332.95,20,9.04
47583B,SET OF 3 WICKER BASKET TEA AND CAKE,3,Hàng đuôi dài bán chậm,Không chiếm kệ chính: gom vào khu 'mẫu trưng bày' hoặc chỉ bán online/đặt trước; rà soát loại bớt mã.,332.6,6,21.958333333333332
21420,OYSTER TRINKET BOX,3,Hàng đuôi dài bán chậm,Không chiếm kệ chính: gom vào khu 'mẫu trưng bày' hoặc chỉ bán online/đặt trước; rà soát loại bớt mã.,332.16,31,3.613125
35637C,PINK STRING CURTAIN WITH POLE,3,Hàng đuôi dài bán chậm,Không chiếm kệ chính: gom vào khu 'mẫu trưng bày' hoặc chỉ bán online/đặt trước; rà soát loại bớt mã.,331.14,19,6.51
84870C,GREEN GEISHA GIRL ,3,Hàng đuôi dài bán chậm,Không chiếm kệ chính: gom vào khu 'mẫu trưng bày' hoặc chỉ bán online/đặt trước; rà soát loại bớt mã.,330.36,41,3.4463414634146345
35921,EASTER BUNNY HANGING GARLAND,3,Hàng đuôi dài bán chậm,Không chiếm kệ chính: gom vào khu 'mẫu trưng bày' hoặc chỉ bán online/đặt trước; rà soát loại bớt mã.,330.32,49,2.8282
22878,NUMBER TILE COTTAGE GARDEN No,3,Hàng đuôi dài bán chậm,Không chiếm kệ chính: gom vào khu 'mẫu trưng bày' hoặc chỉ bán online/đặt trước; rà soát loại bớt mã.,330.26000000000005,45,3.420666666666667
37467,PIG MUG IN TWO COLOUR DESIGNS,3,Hàng đuôi dài bán chậm,Không chiếm kệ chính: gom vào khu 'mẫu trưng bày' hoặc chỉ bán online/đặt trước; rà soát loại bớt mã.,328.51,64,2.58890625
84902,PINK KNITTED COW STUFFED TOY,3,Hàng đuôi dài bán chậm,Không chiếm kệ chính: gom vào khu 'mẫu trưng bày' hoặc chỉ bán online/đặt trước; rà soát loại bớt mã.,326.33,53,3.930377358490566
84706A,ENGLISH ROSE TABLE CLOCK,3,Hàng đuôi dài bán chậm,Không chiếm kệ chính: gom vào khu 'mẫu trưng bày' hoặc chỉ bán online/đặt trước; rà soát loại bớt mã.,325.88,7,7.339999999999999
21309,LOUVRE CHALKBOARD,3,Hàng đuôi dài bán chậm,Không chiếm kệ chính: gom vào khu 'mẫu trưng bày' hoặc chỉ bán online/đặt trước; rà soát loại bớt mã.,325.6,5,9.16
23037,CANDLE HOLDER SILVER MADELINE,3,Hàng đuôi dài bán chậm,Không chiếm kệ chính: gom vào khu 'mẫu trưng bày' hoặc chỉ bán online/đặt trước; rà soát loại bớt mã.,325.15999999999997,20,1.886
84870B,BLUE GEISHA GIRL ,3,Hàng đuôi dài bán chậm,Không chiếm kệ chính: gom vào khu 'mẫu trưng bày' hoặc chỉ bán online/đặt trước; rà soát loại bớt mã.,322.61,40,3.658
90178A,AMBER CHUNKY GLASS+BEAD NECKLACE,3,Hàng đuôi dài bán chậm,Không chiếm kệ chính: gom vào khu 'mẫu trưng bày' hoặc chỉ bán online/đặt trước; rà soát loại bớt mã.,322.40999999999997,21,11.938571428571427
84661A,WHITE SQUARE TABLE CLOCK,3,Hàng đuôi dài bán chậm,Không chiếm kệ chính: gom vào khu 'mẫu trưng bày' hoặc chỉ bán online/đặt trước; rà soát loại bớt mã.,319.01,45,3.015111111111111
85089,CANDY SPOT BUNNY,3,Hàng đuôi dài bán chậm,Không chiếm kệ chính: gom vào khu 'mẫu trưng bày' hoặc chỉ bán online/đặt trước; rà soát loại bớt mã.,317.54,29,3.9010000000000002
85033S,SET/6 SILVER REINDEER T-LIGHTS,3,Hàng đuôi dài bán chậm,Không chiếm kệ chính: gom vào khu 'mẫu trưng bày' hoặc chỉ bán online/đặt trước; rà soát loại bớt mã.,317.35,49,1.567
85129B,BEADED CRYSTAL HEART GREEN SMALL,3,Hàng đuôi dài bán chậm,Không chiếm kệ chính: gom vào khu 'mẫu trưng bày' hoặc chỉ bán online/đặt trước; rà soát loại bớt mã.,315.11,56,1.7257142857142858
46000U,POLYESTER FILLER PAD 30CMx30CM,3,Hàng đuôi dài bán chậm,Không chiếm kệ chính: gom vào khu 'mẫu trưng bày' hoặc chỉ bán online/đặt trước; rà soát loại bớt mã.,313.75,51,1.25
90000D,COPPER/OLIVE GREEN FLOWER NECKLACE,3,Hàng đuôi dài bán chậm,Không chiếm kệ chính: gom vào khu 'mẫu trưng bày' hoặc chỉ bán online/đặt trước; rà soát loại bớt mã.,313.75,34,6.20764705882353
35638B,PINK/BLUE STRING CURTAIN ,3,Hàng đuôi dài bán chậm,Không chiếm kệ chính: gom vào khu 'mẫu trưng bày' hoặc chỉ bán online/đặt trước; rà soát loại bớt mã.,313.28999999999996,11,6.6036363636363635
84802A,WHITE ANEMONE ARTIFICIAL FLOWER,3,Hàng đuôi dài bán chậm,Không chiếm kệ chính: gom vào khu 'mẫu trưng bày' hoặc chỉ bán online/đặt trước; rà soát loại bớt mã.,312.65000000000003,24,1.6900000000000002
90016B,GOLD/M.O.P PENDANT ORBIT NECKLACE,3,Hàng đuôi dài bán chậm,Không chiếm kệ chính: gom vào khu 'mẫu trưng bày' hoặc chỉ bán online/đặt trước; rà soát loại bớt mã.,312.14,30,8.433333333333334
22872,NUMBER TILE COTTAGE GARDEN 4,3,Hàng đuôi dài bán chậm,Không chiếm kệ chính: gom vào khu 'mẫu trưng bày' hoặc chỉ bán online/đặt trước; rà soát loại bớt mã.,311.3,39,3.132051282051282
35979,SIX STRING SCANDINAVIAN HEART DECS,3,Hàng đuôi dài bán chậm,Không chiếm kệ chính: gom vào khu 'mẫu trưng bày' hoặc chỉ bán online/đặt trước; rà soát loại bớt mã.,311.03000000000003,27,3.823571428571429
84623,PINK GINGHAM ROSE FLOOR CUSHION,3,Hàng đuôi dài bán chậm,Không chiếm kệ chính: gom vào khu 'mẫu trưng bày' hoặc chỉ bán online/đặt trước; rà soát loại bớt mã.,310.44,14,8.072142857142858
20795,LARGE BLUE PROVENCAL CERAMIC BALL,3,Hàng đuôi dài bán chậm,Không chiếm kệ chính: gom vào khu 'mẫu trưng bày' hoặc chỉ bán online/đặt trước; rà soát loại bớt mã.,308.7,29,2.956896551724138
84906,PINK B'FLY C/COVER W BOBBLES,3,Hàng đuôi dài bán chậm,Không chiếm kệ chính: gom vào khu 'mẫu trưng bày' hoặc chỉ bán online/đặt trước; rà soát loại bớt mã.,307.47,21,5.32
21196,ROUND WHITE CONFETTI IN TUBE,3,Hàng đuôi dài bán chậm,Không chiếm kệ chính: gom vào khu 'mẫu trưng bày' hoặc chỉ bán online/đặt trước; rà soát loại bớt mã.,306.89,22,1.9382608695652173
84671B,CROCHET BEAR WITH BLUE STRIPES,3,Hàng đuôi dài bán chậm,Không chiếm kệ chính: gom vào khu 'mẫu trưng bày' hoặc chỉ bán online/đặt trước; rà soát loại bớt mã.,306.77,32,3.185151515151515
23495,SET OF 3 PANTRY WOODEN SPOONS,3,Hàng đuôi dài bán chậm,Không chiếm kệ chính: gom vào khu 'mẫu trưng bày' hoặc chỉ bán online/đặt trước; rà soát loại bớt mã.,306.66,41,1.7221951219512195
84219,BOX/12 MOTHER & CHICK IN BASKET/BOW,3,Hàng đuôi dài bán chậm,Không chiếm kệ chính: gom vào khu 'mẫu trưng bày' hoặc chỉ bán online/đặt trước; rà soát loại bớt mã.,303.86,28,2.5967857142857143
90036D,"FLOWER GLASS GARLAND NECKL.36""BLACK",3,Hàng đuôi dài bán chậm,Không chiếm kệ chính: gom vào khu 'mẫu trưng bày' hoặc chỉ bán online/đặt trước; rà soát loại bớt mã.,302.29,16,7.961875
85147,JARDIN ETCHED GLASS CANDLEHLDR LONG,3,Hàng đuôi dài bán chậm,Không chiếm kệ chính: gom vào khu 'mẫu trưng bày' hoặc chỉ bán online/đặt trước; rà soát loại bớt mã.,301.95,16,4.95
23430,BLUE RETRO KITCHEN WALL CLOCK,3,Hàng đuôi dài bán chậm,Không chiếm kệ chính: gom vào khu 'mẫu trưng bày' hoặc chỉ bán online/đặt trước; rà soát loại bớt mã.,301.88,18,8.621111111111112
35645,VINTAGE BEAD PINK JEWEL BOX,3,Hàng đuôi dài bán chậm,Không chiếm kệ chính: gom vào khu 'mẫu trưng bày' hoặc chỉ bán online/đặt trước; rà soát loại bớt mã.,301.81,34,5.501764705882353
21321,GLASS CHALICE BLUE  LARGE ,3,Hàng đuôi dài bán chậm,Không chiếm kệ chính: gom vào khu 'mẫu trưng bày' hoặc chỉ bán online/đặt trước; rà soát loại bớt mã.,301.8,18,3.076111111111111
90098,NECKLACE+BRACELET PINK BUTTERFLY,3,Hàng đuôi dài bán chậm,Không chiếm kệ chính: gom vào khu 'mẫu trưng bày' hoặc chỉ bán online/đặt trước; rà soát loại bớt mã.,301.28,55,2.3189090909090906
90035C,"PEARL & SHELL 42""NECKL. IVORY",3,Hàng đuôi dài bán chậm,Không chiếm kệ chính: gom vào khu 'mẫu trưng bày' hoặc chỉ bán online/đặt trước; rà soát loại bớt mã.,301.0,5,10.75
90124A,PINK MURANO TWIST NECKLACE,3,Hàng đuôi dài bán chậm,Không chiếm kệ chính: gom vào khu 'mẫu trưng bày' hoặc chỉ bán online/đặt trước; rà soát loại bớt mã.,299.28,20,9.989
84627,CANDY STRIPE ROSE C/COVER ,3,Hàng đuôi dài bán chậm,Không chiếm kệ chính: gom vào khu 'mẫu trưng bày' hoặc chỉ bán online/đặt trước; rà soát loại bớt mã.,297.5,19,5.95
84247N,PACK/12 BLUE FOLKART CARDS,3,Hàng đuôi dài bán chậm,Không chiếm kệ chính: gom vào khu 'mẫu trưng bày' hoặc chỉ bán online/đặt trước; rà soát loại bớt mã.,297.48,53,2.3926415094339624
22954,HEN PARTY CORDON BARRIER TAPE,3,Hàng đuôi dài bán chậm,Không chiếm kệ chính: gom vào khu 'mẫu trưng bày' hoặc chỉ bán online/đặt trước; rà soát loại bớt mã.,293.89,50,1.3878
90185D,CRYSTAL DIAMANTE EXPANDABLE RING,3,Hàng đuôi dài bán chậm,Không chiếm kệ chính: gom vào khu 'mẫu trưng bày' hoặc chỉ bán online/đặt trước; rà soát loại bớt mã.,293.33,35,4.252571428571429
84482,BUTTONS DESIGN JEWELLERY BOX,3,Hàng đuôi dài bán chậm,Không chiếm kệ chính: gom vào khu 'mẫu trưng bày' hoặc chỉ bán online/đặt trước; rà soát loại bớt mã.,293.02,32,4.106666666666667
90030B,RED KUKUI COCONUT SEED NECKLACE,3,Hàng đuôi dài bán chậm,Không chiếm kệ chính: gom vào khu 'mẫu trưng bày' hoặc chỉ bán online/đặt trước; rà soát loại bớt mã.,292.08000000000004,36,4.014722222222222
23567,EGG CUP HENRIETTA HEN PINK,3,Hàng đuôi dài bán chậm,Không chiếm kệ chính: gom vào khu 'mẫu trưng bày' hoặc chỉ bán online/đặt trước; rà soát loại bớt mã.,291.58,37,1.823157894736842
21030,SPACE CADET RED,3,Hàng đuôi dài bán chậm,Không chiếm kệ chính: gom vào khu 'mẫu trưng bày' hoặc chỉ bán online/đặt trước; rà soát loại bớt mã.,290.9,51,1.2030769230769232
84529A,PINK KNITTED KIDS RUCKSACK,3,Hàng đuôi dài bán chậm,Không chiếm kệ chính: gom vào khu 'mẫu trưng bày' hoặc chỉ bán online/đặt trước; rà soát loại bớt mã.,290.78,19,6.563684210526316
23410,CURIO CABINET LINEN AND LACE ,3,Hàng đuôi dài bán chậm,Không chiếm kệ chính: gom vào khu 'mẫu trưng bày' hoặc chỉ bán online/đặt trước; rà soát loại bớt mã.,290.1,18,8.027777777777779
84882,GREEN WIRE STANDING CANDLE HOLDER,3,Hàng đuôi dài bán chậm,Không chiếm kệ chính: gom vào khu 'mẫu trưng bày' hoặc chỉ bán online/đặt trước; rà soát loại bớt mã.,289.43,36,4.704166666666667
22871,NUMBER TILE COTTAGE GARDEN 3 ,3,Hàng đuôi dài bán chậm,Không chiếm kệ chính: gom vào khu 'mẫu trưng bày' hoặc chỉ bán online/đặt trước; rà soát loại bớt mã.,289.39,30,3.266
72812,LARGE ZINC GLASS CANDLEHOLDER,3,Hàng đuôi dài bán chậm,Không chiếm kệ chính: gom vào khu 'mẫu trưng bày' hoặc chỉ bán online/đặt trước; rà soát loại bớt mã.,288.46000000000004,31,3.236774193548387
20987,GEISHA GIRL CHOPSTICKS SET/5,3,Hàng đuôi dài bán chậm,Không chiếm kệ chính: gom vào khu 'mẫu trưng bày' hoặc chỉ bán online/đặt trước; rà soát loại bớt mã.,288.35,22,3.0181818181818185
20821,GOLDIE LOOKING MIRROR,3,Hàng đuôi dài bán chậm,Không chiếm kệ chính: gom vào khu 'mẫu trưng bày' hoặc chỉ bán online/đặt trước; rà soát loại bớt mã.,286.42,25,7.882000000000001
90014C,SILVER/BLACK ORBIT NECKLACE,3,Hàng đuôi dài bán chậm,Không chiếm kệ chính: gom vào khu 'mẫu trưng bày' hoặc chỉ bán online/đặt trước; rà soát loại bớt mã.,284.67999999999995,20,9.756499999999999
90185B,AMETHYST DIAMANTE EXPANDABLE RING,3,Hàng đuôi dài bán chậm,Không chiếm kệ chính: gom vào khu 'mẫu trưng bày' hoặc chỉ bán online/đặt trước; rà soát loại bớt mã.,284.43,34,4.2385294117647065
20980,36 PENCILS TUBE POSY,3,Hàng đuôi dài bán chậm,Không chiếm kệ chính: gom vào khu 'mẫu trưng bày' hoặc chỉ bán online/đặt trước; rà soát loại bớt mã.,282.31,58,1.4045762711864407
84977,WIRE FLOWER T-LIGHT HOLDER,3,Hàng đuôi dài bán chậm,Không chiếm kệ chính: gom vào khu 'mẫu trưng bày' hoặc chỉ bán online/đặt trước; rà soát loại bớt mã.,281.33,44,1.3086363636363636
84508C,BLUE CIRCLES DESIGN TEDDY,3,Hàng đuôi dài bán chậm,Không chiếm kệ chính: gom vào khu 'mẫu trưng bày' hoặc chỉ bán online/đặt trước; rà soát loại bớt mã.,279.82,43,2.949302325581395
21412,VINTAGE GOLD TINSEL REEL,3,Hàng đuôi dài bán chậm,Không chiếm kệ chính: gom vào khu 'mẫu trưng bày' hoặc chỉ bán online/đặt trước; rà soát loại bớt mã.,279.0,67,1.7285135135135135
84625B,BLCK NEW BAROQUE CANDLESTICK CANDLE,3,Hàng đuôi dài bán chậm,Không chiếm kệ chính: gom vào khu 'mẫu trưng bày' hoặc chỉ bán online/đặt trước; rà soát loại bớt mã.,279.0,17,2.3323529411764707
84457,SET/3 RABBITS FLOWER SKIPPPING ROPE,3,Hàng đuôi dài bán chậm,Không chiếm kệ chính: gom vào khu 'mẫu trưng bày' hoặc chỉ bán online/đặt trước; rà soát loại bớt mã.,278.72999999999996,64,1.1467692307692305
21367,MIRRORED WALL ART GENTS,3,Hàng đuôi dài bán chậm,Không chiếm kệ chính: gom vào khu 'mẫu trưng bày' hoặc chỉ bán online/đặt trước; rà soát loại bớt mã.,278.47999999999996,60,2.5669999999999997
90146,FINE SILVER NECKLACE W PASTEL FLOWE,3,Hàng đuôi dài bán chậm,Không chiếm kệ chính: gom vào khu 'mẫu trưng bày' hoặc chỉ bán online/đặt trước; rà soát loại bớt mã.,276.49,19,7.4495000000000005
23137,ZINC WIRE SWEETHEART LETTER TRAY,3,Hàng đuôi dài bán chậm,Không chiếm kệ chính: gom vào khu 'mẫu trưng bày' hoặc chỉ bán online/đặt trước; rà soát loại bớt mã.,275.62,23,3.9765217391304346
21193,WHITE HONEYCOMB PAPER FAN ,3,Hàng đuôi dài bán chậm,Không chiếm kệ chính: gom vào khu 'mẫu trưng bày' hoặc chỉ bán online/đặt trước; rà soát loại bớt mã.,274.37,22,2.8434782608695657
90122A,PINK CRYSTAL+GLASS BRACELET,3,Hàng đuôi dài bán chậm,Không chiếm kệ chính: gom vào khu 'mẫu trưng bày' hoặc chỉ bán online/đặt trước; rà soát loại bớt mã.,273.89,31,5.000967741935484
23141,TRIPLE WIRE HOOK PINK HEART,3,Hàng đuôi dài bán chậm,Không chiếm kệ chính: gom vào khu 'mẫu trưng bày' hoặc chỉ bán online/đặt trước; rà soát loại bớt mã.,272.91,25,4.2404
79303D,LILAC FLOWER BLOCK TABLE LAMP,3,Hàng đuôi dài bán chậm,Không chiếm kệ chính: gom vào khu 'mẫu trưng bày' hoặc chỉ bán online/đặt trước; rà soát loại bớt mã.,272.45,19,4.860526315789474
22874,NUMBER TILE COTTAGE GARDEN 6,3,Hàng đuôi dài bán chậm,Không chiếm kệ chính: gom vào khu 'mẫu trưng bày' hoặc chỉ bán online/đặt trước; rà soát loại bớt mã.,272.02,28,2.7824137931034483
90185C,BLACK DIAMANTE EXPANDABLE RING,3,Hàng đuôi dài bán chậm,Không chiếm kệ chính: gom vào khu 'mẫu trưng bày' hoặc chỉ bán online/đặt trước; rà soát loại bớt mã.,271.96,32,4.24875
90032,IVORY SHELL HEART NECKLACE,3,Hàng đuôi dài bán chậm,Không chiếm kệ chính: gom vào khu 'mẫu trưng bày' hoặc chỉ bán online/đặt trước; rà soát loại bớt mã.,271.88,24,6.118333333333333
22877,NUMBER TILE COTTAGE GARDEN 9,3,Hàng đuôi dài bán chậm,Không chiếm kệ chính: gom vào khu 'mẫu trưng bày' hoặc chỉ bán online/đặt trước; rà soát loại bớt mã.,271.64,28,2.5785714285714287
47586A,PINK FAIRY CAKE CUSHION COVER,3,Hàng đuôi dài bán chậm,Không chiếm kệ chính: gom vào khu 'mẫu trưng bày' hoặc chỉ bán online/đặt trước; rà soát loại bớt mã.,270.43,29,2.32
22868,NUMBER TILE COTTAGE GARDEN 0 ,3,Hàng đuôi dài bán chậm,Không chiếm kệ chính: gom vào khu 'mẫu trưng bày' hoặc chỉ bán online/đặt trước; rà soát loại bớt mã.,270.38,27,3.008518518518519
47351B,BLUE  VOILE LAMPSHADE,3,Hàng đuôi dài bán chậm,Không chiếm kệ chính: gom vào khu 'mẫu trưng bày' hoặc chỉ bán online/đặt trước; rà soát loại bớt mã.,269.90000000000003,14,2.9214285714285717
47591A,CAROUSEL DES CHILD'S APRON,3,Hàng đuôi dài bán chậm,Không chiếm kệ chính: gom vào khu 'mẫu trưng bày' hoặc chỉ bán online/đặt trước; rà soát loại bớt mã.,269.53999999999996,70,1.6547142857142856
90122C,TURQUOISE CRYSTAL+GLASS BRACELET,3,Hàng đuôi dài bán chậm,Không chiếm kệ chính: gom vào khu 'mẫu trưng bày' hoặc chỉ bán online/đặt trước; rà soát loại bớt mã.,269.1,30,5.009
72793,BLACK BOX MIRROR LANTERN,3,Hàng đuôi dài bán chậm,Không chiếm kệ chính: gom vào khu 'mẫu trưng bày' hoặc chỉ bán online/đặt trước; rà soát loại bớt mã.,268.75,10,5.5600000000000005
20818,GOLD TEDDY BEAR,3,Hàng đuôi dài bán chậm,Không chiếm kệ chính: gom vào khu 'mẫu trưng bày' hoặc chỉ bán online/đặt trước; rà soát loại bớt mã.,268.5,30,4.491666666666666
22875,NUMBER TILE COTTAGE GARDEN 7,3,Hàng đuôi dài bán chậm,Không chiếm kệ chính: gom vào khu 'mẫu trưng bày' hoặc chỉ bán online/đặt trước; rà soát loại bớt mã.,268.34999999999997,30,2.8273333333333333
21372,MIRRORED WALL ART TABLE LAMP,3,Hàng đuôi dài bán chậm,Không chiếm kệ chính: gom vào khu 'mẫu trưng bày' hoặc chỉ bán online/đặt trước; rà soát loại bớt mã.,267.01,50,2.5941176470588236
23476,WOODLAND LARGE RED FELT HEART,3,Hàng đuôi dài bán chậm,Không chiếm kệ chính: gom vào khu 'mẫu trưng bày' hoặc chỉ bán online/đặt trước; rà soát loại bớt mã.,264.72,22,1.4700000000000002
90157,RIVIERA NECKLACE,3,Hàng đuôi dài bán chậm,Không chiếm kệ chính: gom vào khu 'mẫu trưng bày' hoặc chỉ bán online/đặt trước; rà soát loại bớt mã.,263.28000000000003,24,4.982916666666667
22873,NUMBER TILE COTTAGE GARDEN 5,3,Hàng đuôi dài bán chậm,Không chiếm kệ chính: gom vào khu 'mẫu trưng bày' hoặc chỉ bán online/đặt trước; rà soát loại bớt mã.,262.5,31,2.8693548387096777
72799D,BLUE PILLAR CANDLE SILVER FLOCK,3,Hàng đuôi dài bán chậm,Không chiếm kệ chính: gom vào khu 'mẫu trưng bày' hoặc chỉ bán online/đặt trước; rà soát loại bớt mã.,260.67,18,3.742105263157895
84597B,RETRO BROWN BALL ASHTRAY ,3,Hàng đuôi dài bán chậm,Không chiếm kệ chính: gom vào khu 'mẫu trưng bày' hoặc chỉ bán online/đặt trước; rà soát loại bớt mã.,259.37,27,1.612962962962963
84613C,BLUE NEW BAROQUE FLOCK CANDLESTICK,3,Hàng đuôi dài bán chậm,Không chiếm kệ chính: gom vào khu 'mẫu trưng bày' hoặc chỉ bán online/đặt trước; rà soát loại bớt mã.,258.06,12,4.580000000000001
90035A,"PEARL & SHELL 42""NECKL. GREEN",3,Hàng đuôi dài bán chậm,Không chiếm kệ chính: gom vào khu 'mẫu trưng bày' hoặc chỉ bán online/đặt trước; rà soát loại bớt mã.,257.55,16,10.721874999999999
84371,BIG PINK POODLE,3,Hàng đuôi dài bán chậm,Không chiếm kệ chính: gom vào khu 'mẫu trưng bày' hoặc chỉ bán online/đặt trước; rà soát loại bớt mã.,257.1,6,17.375
90040B,MURANO STYLE GLASS BRACELET BLACK,3,Hàng đuôi dài bán chậm,Không chiếm kệ chính: gom vào khu 'mẫu trưng bày' hoặc chỉ bán online/đặt trước; rà soát loại bớt mã.,255.97,36,3.6669444444444443
22882,NUMBER TILE VINTAGE FONT 3,3,Hàng đuôi dài bán chậm,Không chiếm kệ chính: gom vào khu 'mẫu trưng bày' hoặc chỉ bán online/đặt trước; rà soát loại bớt mã.,255.07999999999998,50,2.9504
84461,12 PINK HEN+CHICKS IN BASKET,3,Hàng đuôi dài bán chậm,Không chiếm kệ chính: gom vào khu 'mẫu trưng bày' hoặc chỉ bán online/đặt trước; rà soát loại bớt mã.,253.79,40,2.60775
22876,NUMBER TILE COTTAGE GARDEN 8,3,Hàng đuôi dài bán chậm,Không chiếm kệ chính: gom vào khu 'mẫu trưng bày' hoặc chỉ bán online/đặt trước; rà soát loại bớt mã.,252.22,23,2.9117391304347824
21032,SPACE CADET WHITE,3,Hàng đuôi dài bán chậm,Không chiếm kệ chính: gom vào khu 'mẫu trưng bày' hoặc chỉ bán online/đặt trước; rà soát loại bớt mã.,252.16,50,1.4007999999999998
21370,MIRRORED WALL ART FOXY,3,Hàng đuôi dài bán chậm,Không chiếm kệ chính: gom vào khu 'mẫu trưng bày' hoặc chỉ bán online/đặt trước; rà soát loại bớt mã.,251.97,22,7.356363636363636
23149,ANTIQUE IVORY WIRE BOWL SMALL,3,Hàng đuôi dài bán chậm,Không chiếm kệ chính: gom vào khu 'mẫu trưng bày' hoặc chỉ bán online/đặt trước; rà soát loại bớt mã.,251.45000000000002,21,2.7252380952380952
90081C,LILY BROOCH OLIVE COLOUR,3,Hàng đuôi dài bán chậm,Không chiếm kệ chính: gom vào khu 'mẫu trưng bày' hoặc chỉ bán online/đặt trước; rà soát loại bớt mã.,250.47000000000003,36,5.032500000000001
20836,FRENCH PAISLEY CUSHION COVER,3,Hàng đuôi dài bán chậm,Không chiếm kệ chính: gom vào khu 'mẫu trưng bày' hoặc chỉ bán online/đặt trước; rà soát loại bớt mã.,250.0,22,1.1209090909090909
21460,GREEN EASTER EGG HUNT START POST,3,Hàng đuôi dài bán chậm,Không chiếm kệ chính: gom vào khu 'mẫu trưng bày' hoặc chỉ bán online/đặt trước; rà soát loại bớt mã.,249.64999999999998,27,2.3655555555555554
23465,TUSCAN VILLA BIRD FEEDER,3,Hàng đuôi dài bán chậm,Không chiếm kệ chính: gom vào khu 'mẫu trưng bày' hoặc chỉ bán online/đặt trước; rà soát loại bớt mã.,247.63,16,8.77375
84621,BLUE GINGHAM ROSE FLOOR CUSHION ,3,Hàng đuôi dài bán chậm,Không chiếm kệ chính: gom vào khu 'mẫu trưng bày' hoặc chỉ bán online/đặt trước; rà soát loại bớt mã.,247.26,15,9.064
90036C,"FLOWER GLASS GARLAND NECKL.36""BLUE",3,Hàng đuôi dài bán chậm,Không chiếm kệ chính: gom vào khu 'mẫu trưng bày' hoặc chỉ bán online/đặt trước; rà soát loại bớt mã.,246.83,15,7.975333333333334
82011A,"BATHROOM SCALES, TROPICAL BEACH",3,Hàng đuôi dài bán chậm,Không chiếm kệ chính: gom vào khu 'mẫu trưng bày' hoặc chỉ bán online/đặt trước; rà soát loại bớt mã.,246.58,34,4.359705882352941
47503H,ASS FLORAL PRINT SPIRIT LEVEL ,3,Hàng đuôi dài bán chậm,Không chiếm kệ chính: gom vào khu 'mẫu trưng bày' hoặc chỉ bán online/đặt trước; rà soát loại bớt mã.,246.12,60,1.9179365079365078
90081A,LILY BROOCH AMETHYST COLOUR,3,Hàng đuôi dài bán chậm,Không chiếm kệ chính: gom vào khu 'mẫu trưng bày' hoặc chỉ bán online/đặt trước; rà soát loại bớt mã.,242.8,24,4.960416666666667
90196A,PURPLE GEMSTONE NECKLACE 45CM,3,Hàng đuôi dài bán chậm,Không chiếm kệ chính: gom vào khu 'mẫu trưng bày' hoặc chỉ bán online/đặt trước; rà soát loại bớt mã.,242.25,11,12.75
90196B,BLACK GEMSTONE NECKLACE 45CM,3,Hàng đuôi dài bán chậm,Không chiếm kệ chính: gom vào khu 'mẫu trưng bày' hoặc chỉ bán online/đặt trước; rà soát loại bớt mã.,241.98,14,12.730714285714285
23143,ZINC WIRE KITCHEN ORGANISER,3,Hàng đuôi dài bán chậm,Không chiếm kệ chính: gom vào khu 'mẫu trưng bày' hoặc chỉ bán online/đặt trước; rà soát loại bớt mã.,239.97,16,9.929375
84629,WHITE 3 FRAME BIRDS AND TREE ,3,Hàng đuôi dài bán chậm,Không chiếm kệ chính: gom vào khu 'mẫu trưng bày' hoặc chỉ bán online/đặt trước; rà soát loại bớt mã.,237.8,13,12.796153846153846
82553,POP'S GREASY SPOON METAL SIGN,3,Hàng đuôi dài bán chậm,Không chiếm kệ chính: gom vào khu 'mẫu trưng bày' hoặc chỉ bán online/đặt trước; rà soát loại bớt mã.,237.73,42,2.5773809523809526
82585,SWEET VALENCIA CANDLE+CUP,3,Hàng đuôi dài bán chậm,Không chiếm kệ chính: gom vào khu 'mẫu trưng bày' hoặc chỉ bán online/đặt trước; rà soát loại bớt mã.,235.9,47,1.8791836734693876
90210D,PURPLE ACRYLIC FACETED BANGLE,3,Hàng đuôi dài bán chậm,Không chiếm kệ chính: gom vào khu 'mẫu trưng bày' hoặc chỉ bán online/đặt trước; rà soát loại bớt mã.,235.73000000000002,23,2.4991304347826087
23580,SNACK TRAY HAPPY FOREST  ,3,Hàng đuôi dài bán chậm,Không chiếm kệ chính: gom vào khu 'mẫu trưng bày' hoặc chỉ bán online/đặt trước; rà soát loại bớt mã.,234.92,25,2.2116
20855,PINK PATCH PURSE BLUE HEART,3,Hàng đuôi dài bán chậm,Không chiếm kệ chính: gom vào khu 'mẫu trưng bày' hoặc chỉ bán online/đặt trước; rà soát loại bớt mã.,234.29999999999998,47,1.65
84247K,"FOLK ART GREETING CARD,pack/12",3,Hàng đuôi dài bán chậm,Không chiếm kệ chính: gom vào khu 'mẫu trưng bày' hoặc chỉ bán online/đặt trước; rà soát loại bớt mã.,233.48000000000002,28,3.2764285714285717
90185A,AMBER DIAMANTE EXPANDABLE RING,3,Hàng đuôi dài bán chậm,Không chiếm kệ chính: gom vào khu 'mẫu trưng bày' hoặc chỉ bán online/đặt trước; rà soát loại bớt mã.,233.29,26,4.233076923076923
23036,T-LIGHT HOLDER SILVER PETIT FOUR ,3,Hàng đuôi dài bán chậm,Không chiếm kệ chính: gom vào khu 'mẫu trưng bày' hoặc chỉ bán online/đặt trước; rà soát loại bớt mã.,232.42000000000002,16,1.325625
90210B,CLEAR ACRYLIC FACETED BANGLE,3,Hàng đuôi dài bán chậm,Không chiếm kệ chính: gom vào khu 'mẫu trưng bày' hoặc chỉ bán online/đặt trước; rà soát loại bớt mã.,232.04000000000002,24,2.705833333333333
16202C,BEIGE PHOTO ALBUM,3,Hàng đuôi dài bán chậm,Không chiếm kệ chính: gom vào khu 'mẫu trưng bày' hoặc chỉ bán online/đặt trước; rà soát loại bớt mã.,230.59,12,3.9766666666666666
21226,POCKET MIRROR WOODLAND,3,Hàng đuôi dài bán chậm,Không chiếm kệ chính: gom vào khu 'mẫu trưng bày' hoặc chỉ bán online/đặt trước; rà soát loại bớt mã.,230.54999999999998,37,1.073157894736842
37508,NEW ENGLAND CERAMIC CAKE SERVER,3,Hàng đuôi dài bán chậm,Không chiếm kệ chính: gom vào khu 'mẫu trưng bày' hoặc chỉ bán online/đặt trước; rà soát loại bớt mã.,229.57,46,2.60695652173913
72781,BLACK SILOUETTE CANDLE PLATE ,3,Hàng đuôi dài bán chậm,Không chiếm kệ chính: gom vào khu 'mẫu trưng bày' hoặc chỉ bán online/đặt trước; rà soát loại bớt mã.,229.5,15,2.0453333333333332
90122B,JADE CRYSTAL+GLASS BRACELET,3,Hàng đuôi dài bán chậm,Không chiếm kệ chính: gom vào khu 'mẫu trưng bày' hoặc chỉ bán online/đặt trước; rà soát loại bớt mã.,228.99,26,4.999615384615385
90199B,5 STRAND GLASS NECKLACE AMETHYST,3,Hàng đuôi dài bán chậm,Không chiếm kệ chính: gom vào khu 'mẫu trưng bày' hoặc chỉ bán online/đặt trước; rà soát loại bớt mã.,228.60999999999999,31,6.350322580645161
35809B,ENAMEL BLUE RIM TEA CONTAINER,3,Hàng đuôi dài bán chậm,Không chiếm kệ chính: gom vào khu 'mẫu trưng bày' hoặc chỉ bán online/đặt trước; rà soát loại bớt mã.,227.54000000000002,33,2.5727272727272728
72750D,F.FAIRY S/3 CANDLE/GLASS,3,Hàng đuôi dài bán chậm,Không chiếm kệ chính: gom vào khu 'mẫu trưng bày' hoặc chỉ bán online/đặt trước; rà soát loại bớt mã.,226.5,11,2.6772727272727272
90003D,CRYSTAL PAIR HEART HAIR SLIDES,3,Hàng đuôi dài bán chậm,Không chiếm kệ chính: gom vào khu 'mẫu trưng bày' hoặc chỉ bán online/đặt trước; rà soát loại bớt mã.,226.17,32,3.7734375
90155,RESIN NECKLACE W PASTEL BEADS,3,Hàng đuôi dài bán chậm,Không chiếm kệ chính: gom vào khu 'mẫu trưng bày' hoặc chỉ bán online/đặt trước; rà soát loại bớt mã.,226.16,21,7.555238095238095
21369,MIRRORED WALL ART SPLODGES,3,Hàng đuôi dài bán chậm,Không chiếm kệ chính: gom vào khu 'mẫu trưng bày' hoặc chỉ bán online/đặt trước; rà soát loại bớt mã.,225.36,22,2.914090909090909
35597B,BLACKCHRISTMAS TREE 30CM,3,Hàng đuôi dài bán chậm,Không chiếm kệ chính: gom vào khu 'mẫu trưng bày' hoặc chỉ bán online/đặt trước; rà soát loại bớt mã.,224.1,7,1.5514285714285714
21102,"CANDLE IN JAR COLLAGE , VANILLA",3,Hàng đuôi dài bán chậm,Không chiếm kệ chính: gom vào khu 'mẫu trưng bày' hoặc chỉ bán online/đặt trước; rà soát loại bớt mã.,221.07999999999998,20,3.0614999999999997
35833G,4 GOLD FLOCK CHRISTMAS BALLS,3,Hàng đuôi dài bán chậm,Không chiếm kệ chính: gom vào khu 'mẫu trưng bày' hoặc chỉ bán online/đặt trước; rà soát loại bớt mã.,220.66,34,1.657058823529412
62086A,PINK RETRO BIG FLOWER BAG,3,Hàng đuôi dài bán chậm,Không chiếm kệ chính: gom vào khu 'mẫu trưng bày' hoặc chỉ bán online/đặt trước; rà soát loại bớt mã.,220.35,24,1.95
90124C,GREEN MURANO TWIST NECKLACE,3,Hàng đuôi dài bán chậm,Không chiếm kệ chính: gom vào khu 'mẫu trưng bày' hoặc chỉ bán online/đặt trước; rà soát loại bớt mã.,220.20999999999998,16,10.031875
85168A,WHITE BAROQUE CARRIAGE CLOCK,3,Hàng đuôi dài bán chậm,Không chiếm kệ chính: gom vào khu 'mẫu trưng bày' hoặc chỉ bán online/đặt trước; rà soát loại bớt mã.,218.89999999999998,15,9.95
22884,NUMBER TILE VINTAGE FONT 5,3,Hàng đuôi dài bán chậm,Không chiếm kệ chính: gom vào khu 'mẫu trưng bày' hoặc chỉ bán online/đặt trước; rà soát loại bớt mã.,217.26,39,3.0048717948717947
84725,FREESTYLE CANVAS ART PICTURE,3,Hàng đuôi dài bán chậm,Không chiếm kệ chính: gom vào khu 'mẫu trưng bày' hoặc chỉ bán online/đặt trước; rà soát loại bớt mã.,216.49999999999997,29,2.1155172413793104
35793,S/3 PUPPIES CHRISTMAS DECORATIONS,3,Hàng đuôi dài bán chậm,Không chiếm kệ chính: gom vào khu 'mẫu trưng bày' hoặc chỉ bán online/đặt trước; rà soát loại bớt mã.,216.33,15,3.776875
37492A,YELLOW RED FLOWER PIGGY BANK,3,Hàng đuôi dài bán chậm,Không chiếm kệ chính: gom vào khu 'mẫu trưng bày' hoặc chỉ bán online/đặt trước; rà soát loại bớt mã.,216.07,11,4.274545454545454
90036A,FLOWER GARLAND NECKLACE RED,3,Hàng đuôi dài bán chậm,Không chiếm kệ chính: gom vào khu 'mẫu trưng bày' hoặc chỉ bán online/đặt trước; rà soát loại bớt mã.,215.76000000000002,20,8.005500000000001
84690,S/2 BEACH HUT STOOLS,3,Hàng đuôi dài bán chậm,Không chiếm kệ chính: gom vào khu 'mẫu trưng bày' hoặc chỉ bán online/đặt trước; rà soát loại bớt mã.,214.65,14,7.95
48179,DOOR MAT SWEET HOME,3,Hàng đuôi dài bán chậm,Không chiếm kệ chính: gom vào khu 'mẫu trưng bày' hoặc chỉ bán online/đặt trước; rà soát loại bớt mã.,214.47,11,9.736363636363636
90123A,PINK HEART OF GLASS BRACELET,3,Hàng đuôi dài bán chậm,Không chiếm kệ chính: gom vào khu 'mẫu trưng bày' hoặc chỉ bán online/đặt trước; rà soát loại bớt mã.,214.07,19,5.943157894736842
51012C,"FEATHER DUSTER, COAL BLACK",3,Hàng đuôi dài bán chậm,Không chiếm kệ chính: gom vào khu 'mẫu trưng bày' hoặc chỉ bán online/đặt trước; rà soát loại bớt mã.,213.75,27,1.25
16201A,PASTEL PINK PHOTO ALBUM,3,Hàng đuôi dài bán chậm,Không chiếm kệ chính: gom vào khu 'mẫu trưng bày' hoặc chỉ bán online/đặt trước; rà soát loại bớt mã.,213.37,9,3.7744444444444443
84313A,PINK TV TRAY TABLE ,3,Hàng đuôi dài bán chậm,Không chiếm kệ chính: gom vào khu 'mẫu trưng bày' hoặc chỉ bán online/đặt trước; rà soát loại bớt mã.,212.42,19,6.26
84247C,PACK/12 BLUE REINDEER CARD,3,Hàng đuôi dài bán chậm,Không chiếm kệ chính: gom vào khu 'mẫu trưng bày' hoặc chỉ bán online/đặt trước; rà soát loại bớt mã.,212.40000000000003,22,2.95
21368,MIRRORED WALL ART LADIES,3,Hàng đuôi dài bán chậm,Không chiếm kệ chính: gom vào khu 'mẫu trưng bày' hoặc chỉ bán online/đặt trước; rà soát loại bớt mã.,212.04,47,1.8668085106382977
22885,NUMBER TILE VINTAGE FONT 6 ,3,Hàng đuôi dài bán chậm,Không chiếm kệ chính: gom vào khu 'mẫu trưng bày' hoặc chỉ bán online/đặt trước; rà soát loại bớt mã.,210.26,35,3.003142857142857
84706F,RED PEONY TABLE CLOCK,3,Hàng đuôi dài bán chậm,Không chiếm kệ chính: gom vào khu 'mẫu trưng bày' hoặc chỉ bán online/đặt trước; rà soát loại bớt mã.,208.3,17,5.616666666666666
47574B,ENGLISH ROSE SCENTED HANGING HEART,3,Hàng đuôi dài bán chậm,Không chiếm kệ chính: gom vào khu 'mẫu trưng bày' hoặc chỉ bán online/đặt trước; rà soát loại bớt mã.,208.25,27,4.25
90016A,SILVER/M.O.P PENDANT ORBIT NECKLACE,3,Hàng đuôi dài bán chậm,Không chiếm kệ chính: gom vào khu 'mẫu trưng bày' hoặc chỉ bán online/đặt trước; rà soát loại bớt mã.,207.86,16,8.21
37485,ENGLISH ROSE TEA SET IN GIFT BOX,3,Hàng đuôi dài bán chậm,Không chiếm kệ chính: gom vào khu 'mẫu trưng bày' hoặc chỉ bán online/đặt trước; rà soát loại bớt mã.,207.69,15,4.5975
90210A,GREY ACRYLIC FACETED BANGLE,3,Hàng đuôi dài bán chậm,Không chiếm kệ chính: gom vào khu 'mẫu trưng bày' hoặc chỉ bán online/đặt trước; rà soát loại bớt mã.,207.34,21,2.6804761904761905
90186A,AMETHYST HOOP EARRING FLORAL LEAF,3,Hàng đuôi dài bán chậm,Không chiếm kệ chính: gom vào khu 'mẫu trưng bày' hoặc chỉ bán online/đặt trước; rà soát loại bớt mã.,203.73000000000002,33,2.952058823529412
48103,DOOR MAT KISS MY.......,3,Hàng đuôi dài bán chậm,Không chiếm kệ chính: gom vào khu 'mẫu trưng bày' hoặc chỉ bán online/đặt trước; rà soát loại bớt mã.,201.73,10,7.051
84723,CHERRY BLOSSOM CANVAS ART PICTURE,3,Hàng đuôi dài bán chậm,Không chiếm kệ chính: gom vào khu 'mẫu trưng bày' hoặc chỉ bán online/đặt trước; rà soát loại bớt mã.,201.3,12,5.95
20672,PINK TEATIME PRINT BOWL,3,Hàng đuôi dài bán chậm,Không chiếm kệ chính: gom vào khu 'mẫu trưng bày' hoặc chỉ bán online/đặt trước; rà soát loại bớt mã.,201.0,36,1.75
90144,SILVER DROP EARRINGS WITH FLOWER,3,Hàng đuôi dài bán chậm,Không chiếm kệ chính: gom vào khu 'mẫu trưng bày' hoặc chỉ bán online/đặt trước; rà soát loại bớt mã.,199.45,33,3.7712121212121215
79403,FROSTED WHITE BASE ,3,Hàng đuôi dài bán chậm,Không chiếm kệ chính: gom vào khu 'mẫu trưng bày' hoặc chỉ bán online/đặt trước; rà soát loại bớt mã.,199.01999999999998,36,1.1430555555555555
90000A,RASPBERRY ANT COPPER FLOWER NECKLAC,3,Hàng đuôi dài bán chậm,Không chiếm kệ chính: gom vào khu 'mẫu trưng bày' hoặc chỉ bán online/đặt trước; rà soát loại bớt mã.,198.98000000000002,21,6.049047619047619
84985B,SET OF 72 BLACK PAPER DOILIES ,3,Hàng đuôi dài bán chậm,Không chiếm kệ chính: gom vào khu 'mẫu trưng bày' hoặc chỉ bán online/đặt trước; rà soát loại bớt mã.,197.94,25,1.8244
22330,72 ROUND PINK DOILIES,3,Hàng đuôi dài bán chậm,Không chiếm kệ chính: gom vào khu 'mẫu trưng bày' hoặc chỉ bán online/đặt trước; rà soát loại bớt mã.,197.89999999999998,22,1.87
84855,BLOKEY SILVER TOOL SET,3,Hàng đuôi dài bán chậm,Không chiếm kệ chính: gom vào khu 'mẫu trưng bày' hoặc chỉ bán online/đặt trước; rà soát loại bớt mã.,196.70000000000002,15,5.875
90029,NEW BAROQUE SMALL NECKLACE BLACK,3,Hàng đuôi dài bán chậm,Không chiếm kệ chính: gom vào khu 'mẫu trưng bày' hoặc chỉ bán online/đặt trước; rà soát loại bớt mã.,195.14,12,8.47
21582,KINGS CHOICE SMALL TUBE MATCHES,3,Hàng đuôi dài bán chậm,Không chiếm kệ chính: gom vào khu 'mẫu trưng bày' hoặc chỉ bán online/đặt trước; rà soát loại bớt mã.,193.04999999999998,16,1.65
84899F,YELLOW PURPLE DAISY FELT PURSE KIT,3,Hàng đuôi dài bán chậm,Không chiếm kệ chính: gom vào khu 'mẫu trưng bày' hoặc chỉ bán online/đặt trước; rà soát loại bớt mã.,192.17,53,1.899811320754717
90178B,PURPLE CHUNKY GLASS+BEAD NECKLACE,3,Hàng đuôi dài bán chậm,Không chiếm kệ chính: gom vào khu 'mẫu trưng bày' hoặc chỉ bán online/đặt trước; rà soát loại bớt mã.,191.40999999999997,11,11.969090909090909
37506,NEW ENGLAND MILK JUG W GIFT BOX,3,Hàng đuôi dài bán chậm,Không chiếm kệ chính: gom vào khu 'mẫu trưng bày' hoặc chỉ bán online/đặt trước; rà soát loại bớt mã.,190.4,26,5.950000000000001
84255B,ORANGE COCKTAIL GLASS LAMP,3,Hàng đuôi dài bán chậm,Không chiếm kệ chính: gom vào khu 'mẫu trưng bày' hoặc chỉ bán online/đặt trước; rà soát loại bớt mã.,190.16,18,4.4911111111111115
84661C,PINK SQUARE TABLE CLOCK,3,Hàng đuôi dài bán chậm,Không chiếm kệ chính: gom vào khu 'mẫu trưng bày' hoặc chỉ bán online/đặt trước; rà soát loại bớt mã.,189.87,27,3.0051851851851854
84926C,FAIRY CAKES TILE COASTER,3,Hàng đuôi dài bán chậm,Không chiếm kệ chính: gom vào khu 'mẫu trưng bày' hoặc chỉ bán online/đặt trước; rà soát loại bớt mã.,189.6,31,1.7590322580645161
84803A,PINK ALLIUM  ARTIFICIAL FLOWER,3,Hàng đuôi dài bán chậm,Không chiếm kệ chính: gom vào khu 'mẫu trưng bày' hoặc chỉ bán online/đặt trước; rà soát loại bớt mã.,189.28,17,1.69
84744,S/6 SEW ON CROCHET FLOWERS,3,Hàng đuôi dài bán chậm,Không chiếm kệ chính: gom vào khu 'mẫu trưng bày' hoặc chỉ bán online/đặt trước; rà soát loại bớt mã.,188.77,31,1.3263636363636362
84706B,FAIRY CAKES TABLE CLOCK,3,Hàng đuôi dài bán chậm,Không chiếm kệ chính: gom vào khu 'mẫu trưng bày' hoặc chỉ bán online/đặt trước; rà soát loại bớt mã.,188.73,9,10.03111111111111
90159,COTE D'AZURE NECKLACE,3,Hàng đuôi dài bán chậm,Không chiếm kệ chính: gom vào khu 'mẫu trưng bày' hoặc chỉ bán online/đặt trước; rà soát loại bớt mã.,188.58,20,4.974
20837,FRENCH FLORAL CUSHION COVER ,3,Hàng đuôi dài bán chậm,Không chiếm kệ chính: gom vào khu 'mẫu trưng bày' hoặc chỉ bán online/đặt trước; rà soát loại bớt mã.,188.07,18,1.1844444444444444
90094,NECKLACE+BRACELET SET FRUIT SALAD ,3,Hàng đuôi dài bán chậm,Không chiếm kệ chính: gom vào khu 'mẫu trưng bày' hoặc chỉ bán online/đặt trước; rà soát loại bớt mã.,187.61999999999998,38,2.5356410256410253
90210C,RED   ACRYLIC FACETED BANGLE,3,Hàng đuôi dài bán chậm,Không chiếm kệ chính: gom vào khu 'mẫu trưng bày' hoặc chỉ bán online/đặt trước; rà soát loại bớt mã.,186.56,14,2.4185714285714286
84893,ANT WHITE IRON BASKET,3,Hàng đuôi dài bán chậm,Không chiếm kệ chính: gom vào khu 'mẫu trưng bày' hoặc chỉ bán online/đặt trước; rà soát loại bớt mã.,186.35000000000002,15,5.883333333333334
84452,METAL RABBIT LADDER EASTER ,3,Hàng đuôi dài bán chậm,Không chiếm kệ chính: gom vào khu 'mẫu trưng bày' hoặc chỉ bán online/đặt trước; rà soát loại bớt mã.,186.16,44,1.1748888888888889
84877A,PINK ROUND COMPACT MIRROR,3,Hàng đuôi dài bán chậm,Không chiếm kệ chính: gom vào khu 'mẫu trưng bày' hoặc chỉ bán online/đặt trước; rà soát loại bớt mã.,185.66,17,3.401764705882353
20968,GREEN FLORAL FELTCRAFT SHOULDER BAG,3,Hàng đuôi dài bán chậm,Không chiếm kệ chính: gom vào khu 'mẫu trưng bày' hoặc chỉ bán online/đặt trước; rà soát loại bớt mã.,185.11,19,4.749499999999999
35911B,PINK/FLOWER RABBIT EGG WARMER ,3,Hàng đuôi dài bán chậm,Không chiếm kệ chính: gom vào khu 'mẫu trưng bày' hoặc chỉ bán online/đặt trước; rà soát loại bớt mã.,184.76000000000002,24,1.50125
23416,CHAMBRE HOOK,3,Hàng đuôi dài bán chậm,Không chiếm kệ chính: gom vào khu 'mẫu trưng bày' hoặc chỉ bán online/đặt trước; rà soát loại bớt mã.,184.67999999999998,25,1.7564
20957,PORCELAIN HANGING BELL SMALL,3,Hàng đuôi dài bán chậm,Không chiếm kệ chính: gom vào khu 'mẫu trưng bày' hoặc chỉ bán online/đặt trước; rà soát loại bớt mã.,184.60999999999999,15,1.5773333333333333
84029D,LEOPARD PRINT HOT WATER BOTTLE,3,Hàng đuôi dài bán chậm,Không chiếm kệ chính: gom vào khu 'mẫu trưng bày' hoặc chỉ bán online/đặt trước; rà soát loại bớt mã.,183.98000000000002,15,4.223333333333334
90125A,PINK BERTIE GLASS BEAD BAG CHARM,3,Hàng đuôi dài bán chậm,Không chiếm kệ chính: gom vào khu 'mẫu trưng bày' hoặc chỉ bán online/đặt trước; rà soát loại bớt mã.,183.97,18,2.0233333333333334
90129F,RED GLASS TASSLE BAG CHARM,3,Hàng đuôi dài bán chậm,Không chiếm kệ chính: gom vào khu 'mẫu trưng bày' hoặc chỉ bán online/đặt trước; rà soát loại bớt mã.,183.26000000000002,41,2.1609756097560973
21018,BIRD BOX CHRISTMAS TREE DECORATION,3,Hàng đuôi dài bán chậm,Không chiếm kệ chính: gom vào khu 'mẫu trưng bày' hoặc chỉ bán online/đặt trước; rà soát loại bớt mã.,182.70999999999998,42,0.8877272727272728
17090A,LAVENDER INCENSE 40 CONES IN TIN,3,Hàng đuôi dài bán chậm,Không chiếm kệ chính: gom vào khu 'mẫu trưng bày' hoặc chỉ bán online/đặt trước; rà soát loại bớt mã.,182.65,26,1.2038461538461538
20796,SMALL BLUE PROVENCAL CERAMIC BALL,3,Hàng đuôi dài bán chậm,Không chiếm kệ chính: gom vào khu 'mẫu trưng bày' hoặc chỉ bán online/đặt trước; rà soát loại bớt mã.,182.15999999999997,22,2.3495454545454546
90065A,WHITE VINTAGE CRYSTAL BRACELET,3,Hàng đuôi dài bán chậm,Không chiếm kệ chính: gom vào khu 'mẫu trưng bày' hoặc chỉ bán online/đặt trước; rà soát loại bớt mã.,180.46,16,7.0600000000000005
90180B,PURPLE AMETHYST NECKLACE W TASSEL,3,Hàng đuôi dài bán chậm,Không chiếm kệ chính: gom vào khu 'mẫu trưng bày' hoặc chỉ bán online/đặt trước; rà soát loại bớt mã.,179.88,14,10.005714285714285
84464,S/60 PINK FLUFFY CHICKS IN BOX,3,Hàng đuôi dài bán chậm,Không chiếm kệ chính: gom vào khu 'mẫu trưng bày' hoặc chỉ bán online/đặt trước; rà soát loại bớt mã.,179.1,11,2.4954545454545456
90063A,WHITE VINT ART DECO CRYSTAL NECKLAC,3,Hàng đuôi dài bán chậm,Không chiếm kệ chính: gom vào khu 'mẫu trưng bày' hoặc chỉ bán online/đặt trước; rà soát loại bớt mã.,178.48,13,8.49846153846154
90013D,PURPLE VINTAGE EARRINGS,3,Hàng đuôi dài bán chậm,Không chiếm kệ chính: gom vào khu 'mẫu trưng bày' hoặc chỉ bán online/đặt trước; rà soát loại bớt mã.,178.11,17,3.998823529411765
90000B,MIDNIGHT BLUE COPPER FLOWER NECKLAC,3,Hàng đuôi dài bán chậm,Không chiếm kệ chính: gom vào khu 'mẫu trưng bày' hoặc chỉ bán online/đặt trước; rà soát loại bớt mã.,177.29000000000002,21,6.135714285714285
21031,SPACE CADET BLACK,3,Hàng đuôi dài bán chậm,Không chiếm kệ chính: gom vào khu 'mẫu trưng bày' hoặc chỉ bán online/đặt trước; rà soát loại bớt mã.,176.7,39,1.294102564102564
82607C,GLASS BONBON JAR. SUPERFINES,3,Hàng đuôi dài bán chậm,Không chiếm kệ chính: gom vào khu 'mẫu trưng bày' hoặc chỉ bán online/đặt trước; rà soát loại bớt mã.,175.60999999999999,43,1.901627906976744
84564,6 SEGMENT COLOURED SNACK BOWL ,3,Hàng đuôi dài bán chậm,Không chiếm kệ chính: gom vào khu 'mẫu trưng bày' hoặc chỉ bán online/đặt trước; rà soát loại bớt mã.,175.48000000000002,11,8.725454545454546
90123D,WHITE HEART OF GLASS BRACELET,3,Hàng đuôi dài bán chậm,Không chiếm kệ chính: gom vào khu 'mẫu trưng bày' hoặc chỉ bán online/đặt trước; rà soát loại bớt mã.,172.39,14,5.938571428571429
85185C,COW  SOCK PUPPET,3,Hàng đuôi dài bán chậm,Không chiếm kệ chính: gom vào khu 'mẫu trưng bày' hoặc chỉ bán online/đặt trước; rà soát loại bớt mã.,171.10000000000002,27,2.95
21461,BLUE EASTER EGG HUNT START POST,3,Hàng đuôi dài bán chậm,Không chiếm kệ chính: gom vào khu 'mẫu trưng bày' hoặc chỉ bán online/đặt trước; rà soát loại bớt mã.,171.04,23,2.336086956521739
90063B,BLACK VINT ART DEC CRYSTAL NECKLACE,3,Hàng đuôi dài bán chậm,Không chiếm kệ chính: gom vào khu 'mẫu trưng bày' hoặc chỉ bán online/đặt trước; rà soát loại bớt mã.,170.17000000000002,14,8.512142857142857
84531A,PINK KNITTED EGG COSY,3,Hàng đuôi dài bán chậm,Không chiếm kệ chính: gom vào khu 'mẫu trưng bày' hoặc chỉ bán online/đặt trước; rà soát loại bớt mã.,169.35999999999999,45,1.294468085106383
85205A,IVORY FELT EASTER RABBIT GARLAND,3,Hàng đuôi dài bán chậm,Không chiếm kệ chính: gom vào khu 'mẫu trưng bày' hoặc chỉ bán online/đặt trước; rà soát loại bớt mã.,168.29999999999998,21,2.55
90186B,CRYSTAL HOOP EARRING FLORAL LEAF,3,Hàng đuôi dài bán chậm,Không chiếm kệ chính: gom vào khu 'mẫu trưng bày' hoặc chỉ bán online/đặt trước; rà soát loại bớt mã.,168.26000000000002,31,2.95
37491C,GREEN/BLUE CERAMIC CANDLE HOLDER,3,Hàng đuôi dài bán chậm,Không chiếm kệ chính: gom vào khu 'mẫu trưng bày' hoặc chỉ bán online/đặt trước; rà soát loại bớt mã.,167.52,10,2.163
82587,TEXRIO TOMATOES CANDLE+CUP,3,Hàng đuôi dài bán chậm,Không chiếm kệ chính: gom vào khu 'mẫu trưng bày' hoặc chỉ bán online/đặt trước; rà soát loại bớt mã.,166.78,40,1.4558536585365853
84231,EASTER BUNNY WITH BASKET ON BACK,3,Hàng đuôi dài bán chậm,Không chiếm kệ chính: gom vào khu 'mẫu trưng bày' hoặc chỉ bán online/đặt trước; rà soát loại bớt mã.,166.21,50,0.8629411764705882
90060F,FIRE POLISHED GLASS NECKL GREEN,3,Hàng đuôi dài bán chậm,Không chiếm kệ chính: gom vào khu 'mẫu trưng bày' hoặc chỉ bán online/đặt trước; rà soát loại bớt mã.,166.14000000000001,18,5.924444444444444
90003B,ROSE COLOUR PAIR HEART HAIR SLIDES,3,Hàng đuôi dài bán chậm,Không chiếm kệ chính: gom vào khu 'mẫu trưng bày' hoặc chỉ bán online/đặt trước; rà soát loại bớt mã.,165.81,25,3.7780769230769233
84531B,BLUE KNITTED EGG COSY,3,Hàng đuôi dài bán chậm,Không chiếm kệ chính: gom vào khu 'mẫu trưng bày' hoặc chỉ bán online/đặt trước; rà soát loại bớt mã.,164.01,42,1.1726190476190477
85024C,PINK SMALL JEWELLED PHOTOFRAME,3,Hàng đuôi dài bán chậm,Không chiếm kệ chính: gom vào khu 'mẫu trưng bày' hoặc chỉ bán online/đặt trước; rà soát loại bớt mã.,163.35,42,1.65
16202E,BLACK PHOTO ALBUM ,3,Hàng đuôi dài bán chậm,Không chiếm kệ chính: gom vào khu 'mẫu trưng bày' hoặc chỉ bán online/đặt trước; rà soát loại bớt mã.,162.73,14,3.395
90162B,ANT SILVER LIME GREEN BOUDICCA RING,3,Hàng đuôi dài bán chậm,Không chiếm kệ chính: gom vào khu 'mẫu trưng bày' hoặc chỉ bán online/đặt trước; rà soát loại bớt mã.,162.25000000000003,20,2.95
20693,FLORAL DINOSAUR GREEN,3,Hàng đuôi dài bán chậm,Không chiếm kệ chính: gom vào khu 'mẫu trưng bày' hoặc chỉ bán online/đặt trước; rà soát loại bớt mã.,161.89000000000001,18,5.207777777777778
90129D,AMBER GLASS TASSLE BAG CHARM,3,Hàng đuôi dài bán chậm,Không chiếm kệ chính: gom vào khu 'mẫu trưng bày' hoặc chỉ bán online/đặt trước; rà soát loại bớt mã.,161.57000000000002,34,2.151764705882353
90123C,GREEN HEART OF GLASS BRACELET,3,Hàng đuôi dài bán chậm,Không chiếm kệ chính: gom vào khu 'mẫu trưng bày' hoặc chỉ bán online/đặt trước; rà soát loại bớt mã.,160.75,12,5.958333333333333
21353,SILVER SLEIGHBELL  WREATH,3,Hàng đuôi dài bán chậm,Không chiếm kệ chính: gom vào khu 'mẫu trưng bày' hoặc chỉ bán online/đặt trước; rà soát loại bớt mã.,160.45,9,8.994444444444445
22887,NUMBER TILE VINTAGE FONT 8,3,Hàng đuôi dài bán chậm,Không chiếm kệ chính: gom vào khu 'mẫu trưng bày' hoặc chỉ bán online/đặt trước; rà soát loại bớt mã.,160.35999999999999,28,2.9549999999999996
84599,CANDY STRIPE ROSE FLOOR CUSHION,3,Hàng đuôi dài bán chậm,Không chiếm kệ chính: gom vào khu 'mẫu trưng bày' hoặc chỉ bán online/đặt trước; rà soát loại bớt mã.,160.15,6,12.04
37479P,CUBIC MUG FLOCK PINK ON BROWN,3,Hàng đuôi dài bán chậm,Không chiếm kệ chính: gom vào khu 'mẫu trưng bày' hoặc chỉ bán online/đặt trước; rà soát loại bớt mã.,160.08,34,2.251714285714286
23305,SET 4 PICNIC CUTLERY BLUEBERRY,3,Hàng đuôi dài bán chậm,Không chiếm kệ chính: gom vào khu 'mẫu trưng bày' hoặc chỉ bán online/đặt trước; rà soát loại bớt mã.,159.9,9,1.9500000000000002
37379A,PINK CHERRY BLOSSOM CUP & SAUCER,3,Hàng đuôi dài bán chậm,Không chiếm kệ chính: gom vào khu 'mẫu trưng bày' hoặc chỉ bán online/đặt trước; rà soát loại bớt mã.,159.2,16,7.996874999999999
85166A,WHITE METAL BAROQUE PHOTO FRAME,3,Hàng đuôi dài bán chậm,Không chiếm kệ chính: gom vào khu 'mẫu trưng bày' hoặc chỉ bán online/đặt trước; rà soát loại bớt mã.,158.9,12,4.676666666666667
90048,GREEN WITH METAL BAG CHARM,3,Hàng đuôi dài bán chậm,Không chiếm kệ chính: gom vào khu 'mẫu trưng bày' hoặc chỉ bán online/đặt trước; rà soát loại bớt mã.,158.89000000000001,8,5.63
21489,BLUE WHITE SCARF HOT WATER BOTTLE,3,Hàng đuôi dài bán chậm,Không chiếm kệ chính: gom vào khu 'mẫu trưng bày' hoặc chỉ bán online/đặt trước; rà soát loại bớt mã.,157.60000000000002,14,5.964285714285714
23417,BATHROOM HOOK,3,Hàng đuôi dài bán chậm,Không chiếm kệ chính: gom vào khu 'mẫu trưng bày' hoặc chỉ bán online/đặt trước; rà soát loại bớt mã.,157.5,27,1.5964285714285713
23468,TUSCAN VILLA BIRD TABLE ,3,Hàng đuôi dài bán chậm,Không chiếm kệ chính: gom vào khu 'mẫu trưng bày' hoặc chỉ bán online/đặt trước; rà soát loại bớt mã.,156.75,11,8.25
17178,FLAT PALM T-LIGHT HOLDER,3,Hàng đuôi dài bán chậm,Không chiếm kệ chính: gom vào khu 'mẫu trưng bày' hoặc chỉ bán online/đặt trước; rà soát loại bớt mã.,156.65,24,1.234
46138B,BLUE CHENILLE SHAGGY CUSHION COVER ,3,Hàng đuôi dài bán chậm,Không chiếm kệ chính: gom vào khu 'mẫu trưng bày' hoặc chỉ bán online/đặt trước; rà soát loại bớt mã.,156.29,25,2.678
84914A,PINK ROSE PICNIC RUG,3,Hàng đuôi dài bán chậm,Không chiếm kệ chính: gom vào khu 'mẫu trưng bày' hoặc chỉ bán online/đặt trước; rà soát loại bớt mã.,155.7,5,25.95
20664,TROPICAL HOLIDAY PURSE ,3,Hàng đuôi dài bán chậm,Không chiếm kệ chính: gom vào khu 'mẫu trưng bày' hoặc chỉ bán online/đặt trước; rà soát loại bớt mã.,155.41,31,2.712903225806452
90123B,TURQUOISE HEART OF GLASS BRACELET,3,Hàng đuôi dài bán chậm,Không chiếm kệ chính: gom vào khu 'mẫu trưng bày' hoặc chỉ bán online/đặt trước; rà soát loại bớt mã.,154.69,13,5.94923076923077
23496,PANTRY KITCHEN THERMOMETER ,3,Hàng đuôi dài bán chậm,Không chiếm kệ chính: gom vào khu 'mẫu trưng bày' hoặc chỉ bán online/đặt trước; rà soát loại bớt mã.,154.52,31,1.562258064516129
47369B,BLUE GREEN EMBROIDERY COSMETIC BAG,3,Hàng đuôi dài bán chậm,Không chiếm kệ chính: gom vào khu 'mẫu trưng bày' hoặc chỉ bán online/đặt trước; rà soát loại bớt mã.,153.18,29,3.187241379310345
84510E,SET OF 4 GREEN CAROUSEL COASTERS,3,Hàng đuôi dài bán chậm,Không chiếm kệ chính: gom vào khu 'mẫu trưng bày' hoặc chỉ bán online/đặt trước; rà soát loại bớt mã.,152.85999999999999,34,1.9344117647058823
79192A,RETRO PLASTIC 70'S TRAY,3,Hàng đuôi dài bán chậm,Không chiếm kệ chính: gom vào khu 'mẫu trưng bày' hoặc chỉ bán online/đặt trước; rà soát loại bớt mã.,152.64,35,1.4317142857142857
84622,PINK GINGHAM ROSE CUSHION COVER,3,Hàng đuôi dài bán chậm,Không chiếm kệ chính: gom vào khu 'mẫu trưng bày' hoặc chỉ bán online/đặt trước; rà soát loại bớt mã.,152.6,9,7.699999999999999
90030C,BROWN KUKUI COCONUT SEED NECKLACE,3,Hàng đuôi dài bán chậm,Không chiếm kệ chính: gom vào khu 'mẫu trưng bày' hoặc chỉ bán online/đặt trước; rà soát loại bớt mã.,151.3,16,3.4718750000000003
79161A,ST GEORGE SET OF 10 PARTY LIGHTS,3,Hàng đuôi dài bán chậm,Không chiếm kệ chính: gom vào khu 'mẫu trưng bày' hoặc chỉ bán online/đặt trước; rà soát loại bớt mã.,150.45000000000002,16,2.95
90040D,MURANO STYLE GLASS BRACELET PINK,3,Hàng đuôi dài bán chậm,Không chiếm kệ chính: gom vào khu 'mẫu trưng bày' hoặc chỉ bán online/đặt trước; rà soát loại bớt mã.,148.87,25,3.7148000000000003
90040C,MURANO STYLE GLASS BRACELET GOLD,3,Hàng đuôi dài bán chậm,Không chiếm kệ chính: gom vào khu 'mẫu trưng bày' hoặc chỉ bán online/đặt trước; rà soát loại bớt mã.,146.75,21,3.643809523809524
84527,FLAMES SUNGLASSES PINK LENSES,3,Hàng đuôi dài bán chậm,Không chiếm kệ chính: gom vào khu 'mẫu trưng bày' hoặc chỉ bán online/đặt trước; rà soát loại bớt mã.,146.10999999999999,22,2.1160869565217393
79191D,RETRO PLASTIC DAISY TRAY,3,Hàng đuôi dài bán chậm,Không chiếm kệ chính: gom vào khu 'mẫu trưng bày' hoặc chỉ bán online/đặt trước; rà soát loại bớt mã.,143.87,56,1.2092857142857143
90036B,"FLOWER GLASS GARLAND NECKL.36""GREEN",3,Hàng đuôi dài bán chậm,Không chiếm kệ chính: gom vào khu 'mẫu trưng bày' hoặc chỉ bán online/đặt trước; rà soát loại bớt mã.,143.1,10,7.95
84874B,BLUE TRAVEL FIRST AID KIT,3,Hàng đuôi dài bán chậm,Không chiếm kệ chính: gom vào khu 'mẫu trưng bày' hoặc chỉ bán online/đặt trước; rà soát loại bớt mã.,141.76,36,1.6462162162162162
72740A,LARGE STRAWBERRY CHOCOLATE CANDLE,3,Hàng đuôi dài bán chậm,Không chiếm kệ chính: gom vào khu 'mẫu trưng bày' hoặc chỉ bán online/đặt trước; rà soát loại bớt mã.,141.23,12,3.8616666666666664
47369A,PINK GREEN EMBROIDERY COSMETIC BAG,3,Hàng đuôi dài bán chậm,Không chiếm kệ chính: gom vào khu 'mẫu trưng bày' hoặc chỉ bán online/đặt trước; rà soát loại bớt mã.,140.4,25,3.0524
84617,NEW BAROQUE BLACK BOXES,3,Hàng đuôi dài bán chậm,Không chiếm kệ chính: gom vào khu 'mẫu trưng bày' hoặc chỉ bán online/đặt trước; rà soát loại bớt mã.,140.25,7,12.75
84765,SILVER ROCOCO CANDELABRA,3,Hàng đuôi dài bán chậm,Không chiếm kệ chính: gom vào khu 'mẫu trưng bày' hoặc chỉ bán online/đặt trước; rà soát loại bớt mã.,140.23,6,16.996666666666666
90199A,5 STRAND GLASS NECKLACE BLACK,3,Hàng đuôi dài bán chậm,Không chiếm kệ chính: gom vào khu 'mẫu trưng bày' hoặc chỉ bán online/đặt trước; rà soát loại bớt mã.,139.5,16,6.3374999999999995
23463,VINTAGE ZINC WATERING CAN,3,Hàng đuôi dài bán chậm,Không chiếm kệ chính: gom vào khu 'mẫu trưng bày' hoặc chỉ bán online/đặt trước; rà soát loại bớt mã.,139.39999999999998,8,11.206249999999999
90199D,5 STRAND GLASS NECKLACE AMBER,3,Hàng đuôi dài bán chậm,Không chiếm kệ chính: gom vào khu 'mẫu trưng bày' hoặc chỉ bán online/đặt trước; rà soát loại bớt mã.,139.28,16,6.3237499999999995
90214E,"LETTER ""E"" BLING KEY RING",3,Hàng đuôi dài bán chậm,Không chiếm kệ chính: gom vào khu 'mẫu trưng bày' hoặc chỉ bán online/đặt trước; rà soát loại bớt mã.,139.28,67,1.0738805970149254
23304,SET 4 PICNIC CUTLERY CHERRY ,3,Hàng đuôi dài bán chậm,Không chiếm kệ chính: gom vào khu 'mẫu trưng bày' hoặc chỉ bán online/đặt trước; rà soát loại bớt mã.,138.45,9,1.9500000000000002
90156,RESIN BRACELET W PASTEL BEADS,3,Hàng đuôi dài bán chậm,Không chiếm kệ chính: gom vào khu 'mẫu trưng bày' hoặc chỉ bán online/đặt trước; rà soát loại bớt mã.,137.37,14,5.922857142857143
84549,CROCHET WHITE RABBIT KEYRING ,3,Hàng đuôi dài bán chậm,Không chiếm kệ chính: gom vào khu 'mẫu trưng bày' hoặc chỉ bán online/đặt trước; rà soát loại bớt mã.,137.26999999999998,16,2.368125
84709A,SILVER OVAL JEWELLED MIRROR,3,Hàng đuôi dài bán chậm,Không chiếm kệ chính: gom vào khu 'mẫu trưng bày' hoặc chỉ bán online/đặt trước; rà soát loại bớt mã.,136.85,13,5.95
90151,SILVER/NATURAL SHELL NECKLACE,3,Hàng đuôi dài bán chậm,Không chiếm kệ chính: gom vào khu 'mẫu trưng bày' hoặc chỉ bán online/đặt trước; rà soát loại bớt mã.,136.17000000000002,9,8.518888888888888
90024E,NEW BAROQUE B'FLY NECKLACE MONTANA,3,Hàng đuôi dài bán chậm,Không chiếm kệ chính: gom vào khu 'mẫu trưng bày' hoặc chỉ bán online/đặt trước; rà soát loại bớt mã.,135.98,11,8.498181818181818
90194,SILVER LARIAT BLACK STONE EARRINGS,3,Hàng đuôi dài bán chậm,Không chiếm kệ chính: gom vào khu 'mẫu trưng bày' hoặc chỉ bán online/đặt trước; rà soát loại bớt mã.,135.84,21,4.242380952380953
90177D,DROP DIAMANTE EARRINGS PURPLE,3,Hàng đuôi dài bán chậm,Không chiếm kệ chính: gom vào khu 'mẫu trưng bày' hoặc chỉ bán online/đặt trước; rà soát loại bớt mã.,135.76000000000002,25,2.9524
77079,DOLPHIN WINDMILL,3,Hàng đuôi dài bán chậm,Không chiếm kệ chính: gom vào khu 'mẫu trưng bày' hoặc chỉ bán online/đặt trước; rà soát loại bớt mã.,135.68,12,2.12
90002A,FLOWER BURST SILVER RING OPAL,3,Hàng đuôi dài bán chậm,Không chiếm kệ chính: gom vào khu 'mẫu trưng bày' hoặc chỉ bán online/đặt trước; rà soát loại bớt mã.,135.0,14,3.75
16020C,CLEAR STATIONERY BOX SET ,3,Hàng đuôi dài bán chậm,Không chiếm kệ chính: gom vào khu 'mẫu trưng bày' hoặc chỉ bán online/đặt trước; rà soát loại bớt mã.,134.5,39,0.843
22879,NUMBER TILE VINTAGE FONT 0,3,Hàng đuôi dài bán chậm,Không chiếm kệ chính: gom vào khu 'mẫu trưng bày' hoặc chỉ bán online/đặt trước; rà soát loại bớt mã.,134.4,21,2.9823809523809524
84555A,YELLOW VW BEETLE CERAMIC MONEY BOX,3,Hàng đuôi dài bán chậm,Không chiếm kệ chính: gom vào khu 'mẫu trưng bày' hoặc chỉ bán online/đặt trước; rà soát loại bớt mã.,133.85000000000002,16,2.926470588235294
90190B,GOLD/AMBER DROP EARRINGS W LEAF,3,Hàng đuôi dài bán chậm,Không chiếm kệ chính: gom vào khu 'mẫu trưng bày' hoặc chỉ bán online/đặt trước; rà soát loại bớt mã.,132.58,15,2.938
90137,PINK COMBO MINI CRYSTALS NECKLACE,3,Hàng đuôi dài bán chậm,Không chiếm kệ chính: gom vào khu 'mẫu trưng bày' hoặc chỉ bán online/đặt trước; rà soát loại bớt mã.,132.52,15,5.204666666666667
45013,FOLDING SHOE TIDY,3,Hàng đuôi dài bán chậm,Không chiếm kệ chính: gom vào khu 'mẫu trưng bày' hoặc chỉ bán online/đặt trước; rà soát loại bớt mã.,132.0,8,2.9000000000000004
47592B,SCOTTIES DESIGN CHILD'S OVERALL,3,Hàng đuôi dài bán chậm,Không chiếm kệ chính: gom vào khu 'mẫu trưng bày' hoặc chỉ bán online/đặt trước; rà soát loại bớt mã.,131.9,29,1.9331034482758622
90023,FILIGREE DIAMANTE EARRINGS,3,Hàng đuôi dài bán chậm,Không chiếm kệ chính: gom vào khu 'mẫu trưng bày' hoặc chỉ bán online/đặt trước; rà soát loại bớt mã.,131.74,21,4.24952380952381
84656,WHITE ROSE C/COVER,3,Hàng đuôi dài bán chậm,Không chiếm kệ chính: gom vào khu 'mẫu trưng bày' hoặc chỉ bán online/đặt trước; rà soát loại bớt mã.,130.9,13,5.950000000000001
22888,NUMBER TILE VINTAGE FONT 9 ,3,Hàng đuôi dài bán chậm,Không chiếm kệ chính: gom vào khu 'mẫu trưng bày' hoặc chỉ bán online/đặt trước; rà soát loại bớt mã.,130.82999999999998,23,3.058695652173913
84559D,3D SHEET OF SEA WORLD STICKERS,3,Hàng đuôi dài bán chậm,Không chiếm kệ chính: gom vào khu 'mẫu trưng bày' hoặc chỉ bán online/đặt trước; rà soát loại bớt mã.,130.09,32,0.93125
20899,VINTAGE NOTEBOOK RED ROSE,3,Hàng đuôi dài bán chậm,Không chiếm kệ chính: gom vào khu 'mẫu trưng bày' hoặc chỉ bán online/đặt trước; rà soát loại bớt mã.,129.8,12,2.95
90099,NECKLACE+BRACELET SET BLUE HIBISCUS,3,Hàng đuôi dài bán chậm,Không chiếm kệ chính: gom vào khu 'mẫu trưng bày' hoặc chỉ bán online/đặt trước; rà soát loại bớt mã.,129.69,25,3.2527999999999997
84858A,NATURAL RIVIERA HANDBAG,3,Hàng đuôi dài bán chậm,Không chiếm kệ chính: gom vào khu 'mẫu trưng bày' hoặc chỉ bán online/đặt trước; rà soát loại bớt mã.,128.83,8,6.135
84782B,BLACK 3 TIER GLASS PLATE STAND,3,Hàng đuôi dài bán chậm,Không chiếm kệ chính: gom vào khu 'mẫu trưng bày' hoặc chỉ bán online/đặt trước; rà soát loại bớt mã.,127.5,6,12.75
90024D,NEW BAROQUE B'FLY NECKLACE PINK,3,Hàng đuôi dài bán chậm,Không chiếm kệ chính: gom vào khu 'mẫu trưng bày' hoặc chỉ bán online/đặt trước; rà soát loại bớt mã.,127.5,13,8.5
23303,SET 4 PICNIC CUTLERY FONDANT,3,Hàng đuôi dài bán chậm,Không chiếm kệ chính: gom vào khu 'mẫu trưng bày' hoặc chỉ bán online/đặt trước; rà soát loại bớt mã.,126.75,6,1.95
84367,LA STREGA CANVAS PICTURE ,3,Hàng đuôi dài bán chậm,Không chiếm kệ chính: gom vào khu 'mẫu trưng bày' hoặc chỉ bán online/đặt trước; rà soát loại bớt mã.,126.29999999999998,8,2.175
82607E,GLASS BONBON JAR. D'AMANDES,3,Hàng đuôi dài bán chậm,Không chiếm kệ chính: gom vào khu 'mẫu trưng bày' hoặc chỉ bán online/đặt trước; rà soát loại bớt mã.,126.25,25,1.25
90108,BLUE BLOSSOM HAIR CLIP,3,Hàng đuôi dài bán chậm,Không chiếm kệ chính: gom vào khu 'mẫu trưng bày' hoặc chỉ bán online/đặt trước; rà soát loại bớt mã.,125.83000000000001,21,1.591904761904762
23578,SNACK TRAY RED GINGHAM,3,Hàng đuôi dài bán chậm,Không chiếm kệ chính: gom vào khu 'mẫu trưng bày' hoặc chỉ bán online/đặt trước; rà soát loại bớt mã.,125.72,14,2.417142857142857
84614A,PINK BAROQUE FLOCK CANDLE HOLDER,3,Hàng đuôi dài bán chậm,Không chiếm kệ chính: gom vào khu 'mẫu trưng bày' hoặc chỉ bán online/đặt trước; rà soát loại bớt mã.,124.83,10,7.726000000000001
90002C,FLOWER BURST SILVER RING MIDN'T BLU,3,Hàng đuôi dài bán chậm,Không chiếm kệ chính: gom vào khu 'mẫu trưng bày' hoặc chỉ bán online/đặt trước; rà soát loại bớt mã.,124.38,19,3.783157894736842
90162C,ANT SILVER FUSCHIA BOUDICCA RING,3,Hàng đuôi dài bán chậm,Không chiếm kệ chính: gom vào khu 'mẫu trưng bày' hoặc chỉ bán online/đặt trước; rà soát loại bớt mã.,123.90000000000002,16,2.95
17191A,ROSE FLOWER CANDLE+INCENSE 16X16CM,3,Hàng đuôi dài bán chậm,Không chiếm kệ chính: gom vào khu 'mẫu trưng bày' hoặc chỉ bán online/đặt trước; rà soát loại bớt mã.,123.75,12,3.75
20816,GOLD FLOWER CUSHION COVER ,3,Hàng đuôi dài bán chậm,Không chiếm kệ chính: gom vào khu 'mẫu trưng bày' hoặc chỉ bán online/đặt trước; rà soát loại bớt mã.,123.6,7,5.378571428571428
23477,WOODLAND LARGE BLUE FELT HEART,3,Hàng đuôi dài bán chậm,Không chiếm kệ chính: gom vào khu 'mẫu trưng bày' hoặc chỉ bán online/đặt trước; rà soát loại bớt mã.,123.47,13,1.7153846153846155
72133,COLUMBIAN CANDLE RECTANGLE,3,Hàng đuôi dài bán chậm,Không chiếm kệ chính: gom vào khu 'mẫu trưng bày' hoặc chỉ bán online/đặt trước; rà soát loại bớt mã.,122.63,31,1.3336363636363635
21228,"POCKET MIRROR ""GLAMOROUS""",3,Hàng đuôi dài bán chậm,Không chiếm kệ chính: gom vào khu 'mẫu trưng bày' hoặc chỉ bán online/đặt trước; rà soát loại bớt mã.,122.57,31,1.29125
85190,PINK FLOWER HANGING HEART ,3,Hàng đuôi dài bán chậm,Không chiếm kệ chính: gom vào khu 'mẫu trưng bày' hoặc chỉ bán online/đặt trước; rà soát loại bớt mã.,122.46,17,1.153529411764706
44242B,PINK FEATHERS CURTAIN,3,Hàng đuôi dài bán chậm,Không chiếm kệ chính: gom vào khu 'mẫu trưng bày' hoặc chỉ bán online/đặt trước; rà soát loại bớt mã.,121.53,9,1.1477777777777778
79532,MOSAIC GLASS BALL CANDLEHOLDER,3,Hàng đuôi dài bán chậm,Không chiếm kệ chính: gom vào khu 'mẫu trưng bày' hoặc chỉ bán online/đặt trước; rà soát loại bớt mã.,121.25,18,1.25
84705B,FAIRY CAKES PHOTO FRAME,3,Hàng đuôi dài bán chậm,Không chiếm kệ chính: gom vào khu 'mẫu trưng bày' hoặc chỉ bán online/đặt trước; rà soát loại bớt mã.,120.13,5,3.776
23467,VINTAGE ZINC PLANTER  ,3,Hàng đuôi dài bán chậm,Không chiếm kệ chính: gom vào khu 'mẫu trưng bày' hoặc chỉ bán online/đặt trước; rà soát loại bớt mã.,120.08000000000001,11,4.366363636363636
84886,BLUE METAL WALL SHELF,3,Hàng đuôi dài bán chậm,Không chiếm kệ chính: gom vào khu 'mẫu trưng bày' hoặc chỉ bán online/đặt trước; rà soát loại bớt mã.,119.39999999999999,9,9.95
84867A,PINK BABY GIRLS PHOTO ALBUM,3,Hàng đuôi dài bán chậm,Không chiếm kệ chính: gom vào khu 'mẫu trưng bày' hoặc chỉ bán online/đặt trước; rà soát loại bớt mã.,119.39000000000001,5,9.398
84288B,SET/2 BLUE  NOODLE BASKETS,3,Hàng đuôi dài bán chậm,Không chiếm kệ chính: gom vào khu 'mẫu trưng bày' hoặc chỉ bán online/đặt trước; rà soát loại bớt mã.,118.95,24,1.95
90018C,SILVER BLACK ORBIT DROP EARRINGS,3,Hàng đuôi dài bán chậm,Không chiếm kệ chính: gom vào khu 'mẫu trưng bày' hoặc chỉ bán online/đặt trước; rà soát loại bớt mã.,118.51,20,4.226000000000001
20887,BOX OF 6 PEBBLE CANDLES,3,Hàng đuôi dài bán chậm,Không chiếm kệ chính: gom vào khu 'mẫu trưng bày' hoặc chỉ bán online/đặt trước; rà soát loại bớt mã.,118.39,8,5.615
16206B,RED PURSE WITH PINK HEART,3,Hàng đuôi dài bán chậm,Không chiếm kệ chính: gom vào khu 'mẫu trưng bày' hoặc chỉ bán online/đặt trước; rà soát loại bớt mã.,116.4,16,1.23125
84751B,BLACK MEDIUM GLASS CAKE STAND,3,Hàng đuôi dài bán chậm,Không chiếm kệ chính: gom vào khu 'mẫu trưng bày' hoặc chỉ bán online/đặt trước; rà soát loại bớt mã.,115.86,19,3.0100000000000002
20848,ZINC HEART LATTICE CHARGER SMALL,3,Hàng đuôi dài bán chậm,Không chiếm kệ chính: gom vào khu 'mẫu trưng bày' hoặc chỉ bán online/đặt trước; rà soát loại bớt mã.,115.05000000000001,12,2.9500000000000006
20896,VINTAGE NOTEBOOK PINK FLOWER,3,Hàng đuôi dài bán chậm,Không chiếm kệ chính: gom vào khu 'mẫu trưng bày' hoặc chỉ bán online/đặt trước; rà soát loại bớt mã.,115.05000000000001,14,2.95
84462,3 PINK HEN+CHICKS IN BASKET,3,Hàng đuôi dài bán chậm,Không chiếm kệ chính: gom vào khu 'mẫu trưng bày' hoặc chỉ bán online/đặt trước; rà soát loại bớt mã.,114.86,14,1.3264285714285715
20698,LITTLE PINK MONSTER SOFT TOY,3,Hàng đuôi dài bán chậm,Không chiếm kệ chính: gom vào khu 'mẫu trưng bày' hoặc chỉ bán online/đặt trước; rà soát loại bớt mã.,114.44999999999999,21,2.509090909090909
23151,ZINC SWEETHEART SOAP DISH,3,Hàng đuôi dài bán chậm,Không chiếm kệ chính: gom vào khu 'mẫu trưng bày' hoặc chỉ bán online/đặt trước; rà soát loại bớt mã.,114.33000000000001,21,2.2395238095238095
90049,IVORY GOLD METAL BAG CHARM,3,Hàng đuôi dài bán chậm,Không chiếm kệ chính: gom vào khu 'mẫu trưng bày' hoặc chỉ bán online/đặt trước; rà soát loại bớt mã.,114.24,6,7.489999999999999
90030A,SPOTTED WHITE NATURAL SEED NECKLACE,3,Hàng đuôi dài bán chậm,Không chiếm kệ chính: gom vào khu 'mẫu trưng bày' hoặc chỉ bán online/đặt trước; rà soát loại bớt mã.,113.76,10,2.496
90179C,BLACK FINE BEAD NECKLACE W TASSEL,3,Hàng đuôi dài bán chậm,Không chiếm kệ chính: gom vào khu 'mẫu trưng bày' hoặc chỉ bán online/đặt trước; rà soát loại bớt mã.,112.78,16,5.933125
44236,PINK/PURPLE CIRCLE CURTAIN,3,Hàng đuôi dài bán chậm,Không chiếm kệ chính: gom vào khu 'mẫu trưng bày' hoặc chỉ bán online/đặt trước; rà soát loại bớt mã.,112.32000000000001,12,2.868461538461539
85185F,LION SOCK PUPPET,3,Hàng đuôi dài bán chậm,Không chiếm kệ chính: gom vào khu 'mẫu trưng bày' hoặc chỉ bán online/đặt trước; rà soát loại bớt mã.,109.15,19,2.95
84247H,PACK/12 DECOUPAGE CARD,3,Hàng đuôi dài bán chậm,Không chiếm kệ chính: gom vào khu 'mẫu trưng bày' hoặc chỉ bán online/đặt trước; rà soát loại bớt mã.,109.13000000000001,20,2.317
72753C,S/3 FLWR FAIRY ROSE CANDLES,3,Hàng đuôi dài bán chậm,Không chiếm kệ chính: gom vào khu 'mẫu trưng bày' hoặc chỉ bán online/đặt trước; rà soát loại bớt mã.,107.68,6,4.021666666666667
35840,FLAT GLASS  BAUBLE WHITE FLOCK ,3,Hàng đuôi dài bán chậm,Không chiếm kệ chính: gom vào khu 'mẫu trưng bày' hoặc chỉ bán online/đặt trước; rà soát loại bớt mã.,107.13,11,3.7590909090909093
84562B,BLUE/WHITE RIBBED MELAMINE JUG,3,Hàng đuôi dài bán chậm,Không chiếm kệ chính: gom vào khu 'mẫu trưng bày' hoặc chỉ bán online/đặt trước; rà soát loại bớt mã.,106.59,7,10.530000000000001
90051,CRACKED GLAZE NECKLACE RED,3,Hàng đuôi dài bán chậm,Không chiếm kệ chính: gom vào khu 'mẫu trưng bày' hoặc chỉ bán online/đặt trước; rà soát loại bớt mã.,105.72,11,7.0590909090909095
35610A,PINK CHRISTMAS FLOCK DROPLET ,3,Hàng đuôi dài bán chậm,Không chiếm kệ chính: gom vào khu 'mẫu trưng bày' hoặc chỉ bán online/đặt trước; rà soát loại bớt mã.,105.43,12,1.5366666666666664
84458,S/3 RABBIT FLOWER/EGG/CARROT ROPE,3,Hàng đuôi dài bán chậm,Không chiếm kệ chính: gom vào khu 'mẫu trưng bày' hoặc chỉ bán online/đặt trước; rà soát loại bớt mã.,105.39999999999999,20,0.85
17090D,VANILLA INCENSE 40 CONES IN TIN,3,Hàng đuôi dài bán chậm,Không chiếm kệ chính: gom vào khu 'mẫu trưng bày' hoặc chỉ bán online/đặt trước; rà soát loại bớt mã.,105.2,28,1.2366666666666668
23574,PACKING CHARGE,3,Hàng đuôi dài bán chậm,Không chiếm kệ chính: gom vào khu 'mẫu trưng bày' hoặc chỉ bán online/đặt trước; rà soát loại bớt mã.,105.0,14,7.5
90079,VINTAGE ENAMEL & CRYSTAL NECKLACE,3,Hàng đuôi dài bán chậm,Không chiếm kệ chính: gom vào khu 'mẫu trưng bày' hoặc chỉ bán online/đặt trước; rà soát loại bớt mã.,104.77000000000001,13,5.006153846153846
21118,SHOPPING BAG DOORSTOP,3,Hàng đuôi dài bán chậm,Không chiếm kệ chính: gom vào khu 'mẫu trưng bày' hoặc chỉ bán online/đặt trước; rà soát loại bớt mã.,104.25,7,2.5357142857142856
21337,SILVER WASHBAG,3,Hàng đuôi dài bán chậm,Không chiếm kệ chính: gom vào khu 'mẫu trưng bày' hoặc chỉ bán online/đặt trước; rà soát loại bớt mã.,103.53000000000002,12,3.465
35910A,MULTICOLOUR EASTER RABBIT ,3,Hàng đuôi dài bán chậm,Không chiếm kệ chính: gom vào khu 'mẫu trưng bày' hoặc chỉ bán online/đặt trước; rà soát loại bớt mã.,103.35,13,1.9499999999999997
35594,WOODEN CHRISTMAS TREE 3 HANGING,3,Hàng đuôi dài bán chậm,Không chiếm kệ chính: gom vào khu 'mẫu trưng bày' hoặc chỉ bán online/đặt trước; rà soát loại bớt mã.,103.06,39,0.9984615384615384
84613A,PINK NEW BAROQUE FLOCK CANDLESTICK,3,Hàng đuôi dài bán chậm,Không chiếm kệ chính: gom vào khu 'mẫu trưng bày' hoặc chỉ bán online/đặt trước; rà soát loại bớt mã.,102.30000000000001,10,4.65
90125C,TURQUOISE BERTIE GLASS BEAD CHARM,3,Hàng đuôi dài bán chậm,Không chiếm kệ chính: gom vào khu 'mẫu trưng bày' hoặc chỉ bán online/đặt trước; rà soát loại bớt mã.,101.35,10,1.6649999999999998
72369A,PINK CLEAR GLASS CANDLE PLATE,3,Hàng đuôi dài bán chậm,Không chiếm kệ chính: gom vào khu 'mẫu trưng bày' hoặc chỉ bán online/đặt trước; rà soát loại bớt mã.,101.28999999999999,14,1.7473333333333334
16248B,BLUE HOLE PUNCH,3,Hàng đuôi dài bán chậm,Không chiếm kệ chính: gom vào khu 'mẫu trưng bày' hoặc chỉ bán online/đặt trước; rà soát loại bớt mã.,101.25,12,1.25
84921,CREAM AND PINK FLOWERS PONY ,3,Hàng đuôi dài bán chậm,Không chiếm kệ chính: gom vào khu 'mẫu trưng bày' hoặc chỉ bán online/đặt trước; rà soát loại bớt mã.,101.25,14,3.75
72821,CUPID SCENTED CANDLE IN GLASS,3,Hàng đuôi dài bán chậm,Không chiếm kệ chính: gom vào khu 'mẫu trưng bày' hoặc chỉ bán online/đặt trước; rà soát loại bớt mã.,100.64999999999999,14,1.65
75172,PAINTED SEA SHELL METAL WINDCHIME,3,Hàng đuôi dài bán chậm,Không chiếm kệ chính: gom vào khu 'mẫu trưng bày' hoặc chỉ bán online/đặt trước; rà soát loại bớt mã.,100.31,11,2.1354545454545457
78027,SEAGRASS S/2 CORNER LAUNDRY ,3,Hàng đuôi dài bán chậm,Không chiếm kệ chính: gom vào khu 'mẫu trưng bày' hoặc chỉ bán online/đặt trước; rà soát loại bớt mã.,100.15,5,18.03
23464,VINTAGE ZINC WATERING CAN SMALL,3,Hàng đuôi dài bán chậm,Không chiếm kệ chính: gom vào khu 'mẫu trưng bày' hoặc chỉ bán online/đặt trước; rà soát loại bớt mã.,99.2,8,6.2125
84575A,PINK DOG CANNISTER,3,Hàng đuôi dài bán chậm,Không chiếm kệ chính: gom vào khu 'mẫu trưng bày' hoặc chỉ bán online/đặt trước; rà soát loại bớt mã.,98.8,13,5.334615384615385
90150,BLUE SHELL+SILVER NECKLACE,3,Hàng đuôi dài bán chậm,Không chiếm kệ chính: gom vào khu 'mẫu trưng bày' hoặc chỉ bán online/đặt trước; rà soát loại bớt mã.,97.5,8,7.5
90067A,PINK VINTAGE VICTORIAN EARRINGS,3,Hàng đuôi dài bán chậm,Không chiếm kệ chính: gom vào khu 'mẫu trưng bày' hoặc chỉ bán online/đặt trước; rà soát loại bớt mã.,97.24000000000001,16,2.943125
20861,GOLD COSMETIC BAG PINK STAR,3,Hàng đuôi dài bán chậm,Không chiếm kệ chính: gom vào khu 'mẫu trưng bày' hoặc chỉ bán online/đặt trước; rà soát loại bớt mã.,96.60000000000001,16,2.1
20697,LITTLE GREEN MONSTER SOFT TOY,3,Hàng đuôi dài bán chậm,Không chiếm kệ chính: gom vào khu 'mẫu trưng bày' hoặc chỉ bán online/đặt trước; rà soát loại bớt mã.,96.6,21,2.507142857142857
84465,15 PINK FLUFFY CHICKS IN BOX,3,Hàng đuôi dài bán chậm,Không chiếm kệ chính: gom vào khu 'mẫu trưng bày' hoặc chỉ bán online/đặt trước; rà soát loại bớt mã.,96.51,23,3.041739130434783
90024C,NEW BAROQUE B'FLY NECKLACE GREEN,3,Hàng đuôi dài bán chậm,Không chiếm kệ chính: gom vào khu 'mẫu trưng bày' hoặc chỉ bán online/đặt trước; rà soát loại bớt mã.,93.48,10,8.498000000000001
90026A,GLASS BEAD HOOP NECKLACE BLACK,3,Hàng đuôi dài bán chậm,Không chiếm kệ chính: gom vào khu 'mẫu trưng bày' hoặc chỉ bán online/đặt trước; rà soát loại bớt mã.,93.47,9,8.496666666666666
35913B,WHITE/PINK CHICK EASTER DECORATION,3,Hàng đuôi dài bán chậm,Không chiếm kệ chính: gom vào khu 'mẫu trưng bày' hoặc chỉ bán online/đặt trước; rà soát loại bớt mã.,92.39,21,1.065217391304348
90075,MONTANA DIAMOND CLUSTER NECKLACE,3,Hàng đuôi dài bán chậm,Không chiếm kệ chính: gom vào khu 'mẫu trưng bày' hoặc chỉ bán online/đặt trước; rà soát loại bớt mã.,92.17999999999999,8,9.2075
84753A,PINK EAU DE COLOGNE BOTTLE,3,Hàng đuôi dài bán chậm,Không chiếm kệ chính: gom vào khu 'mẫu trưng bày' hoặc chỉ bán online/đặt trước; rà soát loại bớt mã.,92.16999999999999,24,1.1537499999999998
90089,PINK CRYSTAL SKULL PHONE CHARM,3,Hàng đuôi dài bán chậm,Không chiếm kệ chính: gom vào khu 'mẫu trưng bày' hoặc chỉ bán online/đặt trước; rà soát loại bớt mã.,91.89999999999999,26,1.2326923076923075
90112,PINK DOLLY HAIR CLIPS,3,Hàng đuôi dài bán chậm,Không chiếm kệ chính: gom vào khu 'mẫu trưng bày' hoặc chỉ bán online/đặt trước; rà soát loại bớt mã.,91.25,20,1.108095238095238
84437A,S/6 PINK EASTER DECS IN BOX,3,Hàng đuôi dài bán chậm,Không chiếm kệ chính: gom vào khu 'mẫu trưng bày' hoặc chỉ bán online/đặt trước; rà soát loại bớt mã.,90.94999999999999,18,0.8924999999999998
84539,KNITTED RABBIT DOLL ,3,Hàng đuôi dài bán chậm,Không chiếm kệ chính: gom vào khu 'mẫu trưng bày' hoặc chỉ bán online/đặt trước; rà soát loại bớt mã.,90.75,11,1.6499999999999997
72783,BLACK SIL'T SQU CANDLE PLATE ,3,Hàng đuôi dài bán chậm,Không chiếm kệ chính: gom vào khu 'mẫu trưng bày' hoặc chỉ bán online/đặt trước; rà soát loại bớt mã.,90.30000000000001,9,2.1
71406C,BLACK ORANGE SQUEEZER,3,Hàng đuôi dài bán chậm,Không chiếm kệ chính: gom vào khu 'mẫu trưng bày' hoặc chỉ bán online/đặt trước; rà soát loại bớt mã.,89.92,35,0.4691428571428571
79026B,"S/4 ICON COASTER,ELVIS LIVES",3,Hàng đuôi dài bán chậm,Không chiếm kệ chính: gom vào khu 'mẫu trưng bày' hoặc chỉ bán online/đặt trước; rà soát loại bớt mã.,89.25,37,1.595945945945946
47598,NEW ENGLAND EGG WARMER,3,Hàng đuôi dài bán chậm,Không chiếm kệ chính: gom vào khu 'mẫu trưng bày' hoặc chỉ bán online/đặt trước; rà soát loại bớt mã.,89.12,32,0.7571875
84388,WISE MAN STAR SHAPE EGG PAN,3,Hàng đuôi dài bán chậm,Không chiếm kệ chính: gom vào khu 'mẫu trưng bày' hoặc chỉ bán online/đặt trước; rà soát loại bớt mã.,89.03999999999999,22,1.4856521739130435
20660,VIP LUGGAGE TAG ,3,Hàng đuôi dài bán chậm,Không chiếm kệ chính: gom vào khu 'mẫu trưng bày' hoặc chỉ bán online/đặt trước; rà soát loại bớt mã.,88.75,26,1.25
90162A,ANT SILVER TURQUOISE BOUDICCA RING,3,Hàng đuôi dài bán chậm,Không chiếm kệ chính: gom vào khu 'mẫu trưng bày' hoặc chỉ bán online/đặt trước; rà soát loại bớt mã.,88.5,11,2.95
35638A,PINK AND BLACK STRING CURTAIN,3,Hàng đuôi dài bán chậm,Không chiếm kệ chính: gom vào khu 'mẫu trưng bày' hoặc chỉ bán online/đặt trước; rà soát loại bớt mã.,88.04999999999998,6,3.9499999999999997
90092,BLUE CRYSTAL BOOT PHONE CHARM,3,Hàng đuôi dài bán chậm,Không chiếm kệ chính: gom vào khu 'mẫu trưng bày' hoặc chỉ bán online/đặt trước; rà soát loại bớt mã.,87.50999999999999,10,0.9175
84891B,GREEN WIRE GOBLET CANDLEHOLDER,3,Hàng đuôi dài bán chậm,Không chiếm kệ chính: gom vào khu 'mẫu trưng bày' hoặc chỉ bán online/đặt trước; rà soát loại bớt mã.,87.45,6,7.95
20835,FRENCH LATTICE CUSHION COVER ,3,Hàng đuôi dài bán chậm,Không chiếm kệ chính: gom vào khu 'mẫu trưng bày' hoặc chỉ bán online/đặt trước; rà soát loại bớt mã.,87.02,10,2.87
90088,CRYSTAL KEY+LOCK PHONE CHARM,3,Hàng đuôi dài bán chậm,Không chiếm kệ chính: gom vào khu 'mẫu trưng bày' hoặc chỉ bán online/đặt trước; rà soát loại bớt mã.,86.69999999999999,14,0.9107142857142857
84424A,FOUR PICTURE WHITE GLASS FRAME,3,Hàng đuôi dài bán chậm,Không chiếm kệ chính: gom vào khu 'mẫu trưng bày' hoặc chỉ bán online/đặt trước; rà soát loại bớt mã.,86.25,10,3.75
90012B,BLACK DROP CRYSTAL NECKLACE,3,Hàng đuôi dài bán chậm,Không chiếm kệ chính: gom vào khu 'mẫu trưng bày' hoặc chỉ bán online/đặt trước; rà soát loại bớt mã.,85.9,6,7.699999999999999
90162D,ANT SILVER PURPLE BOUDICCA RING,3,Hàng đuôi dài bán chậm,Không chiếm kệ chính: gom vào khu 'mẫu trưng bày' hoặc chỉ bán online/đặt trước; rà soát loại bớt mã.,85.55000000000001,14,2.95
84454,WOBBLING METAL CHICKEN EASTER,3,Hàng đuôi dài bán chậm,Không chiếm kệ chính: gom vào khu 'mẫu trưng bày' hoặc chỉ bán online/đặt trước; rà soát loại bớt mã.,85.53,18,1.075
35838B,S/6 SILVER ORNAMENETAL CANDLE,3,Hàng đuôi dài bán chậm,Không chiếm kệ chính: gom vào khu 'mẫu trưng bày' hoặc chỉ bán online/đặt trước; rà soát loại bớt mã.,85.0,23,0.85
90026D,GLASS BEAD HOOP NECKLACE AMETHYST,3,Hàng đuôi dài bán chậm,Không chiếm kệ chính: gom vào khu 'mẫu trưng bày' hoặc chỉ bán online/đặt trước; rà soát loại bớt mã.,85.0,8,8.5
90001D,ANTIQUE OLIVE GREEN FLOWER EARRINGS,3,Hàng đuôi dài bán chậm,Không chiếm kệ chính: gom vào khu 'mẫu trưng bày' hoặc chỉ bán online/đặt trước; rà soát loại bớt mã.,84.96000000000001,11,4.246363636363636
23442,12 HANGING EGGS HAND PAINTED,3,Hàng đuôi dài bán chậm,Không chiếm kệ chính: gom vào khu 'mẫu trưng bày' hoặc chỉ bán online/đặt trước; rà soát loại bớt mã.,83.2,7,2.08
90176D,DIAMANTE NECKLACE PURPLE,3,Hàng đuôi dài bán chậm,Không chiếm kệ chính: gom vào khu 'mẫu trưng bày' hoặc chỉ bán online/đặt trước; rà soát loại bớt mã.,82.81,7,7.5442857142857145
90002B,FLOWER BURST SILVER RING ROSE,3,Hàng đuôi dài bán chậm,Không chiếm kệ chính: gom vào khu 'mẫu trưng bày' hoặc chỉ bán online/đặt trước; rà soát loại bớt mã.,82.74,11,3.771818181818182
90189A,SILVER 2 STRAND NECKLACE-LEAF CHARM,3,Hàng đuôi dài bán chậm,Không chiếm kệ chính: gom vào khu 'mẫu trưng bày' hoặc chỉ bán online/đặt trước; rà soát loại bớt mã.,82.64,8,7.5175
90130A,WHITE STONE/CRYSTAL EARRINGS,3,Hàng đuôi dài bán chậm,Không chiếm kệ chính: gom vào khu 'mẫu trưng bày' hoặc chỉ bán online/đặt trước; rà soát loại bớt mã.,82.51,16,2.944375
90069,RUBY GLASS CLUSTER NECKLACE,3,Hàng đuôi dài bán chậm,Không chiếm kệ chính: gom vào khu 'mẫu trưng bày' hoặc chỉ bán online/đặt trước; rà soát loại bớt mã.,82.5,5,7.5
35610C,WHITE CHRISTMAS FLOCK DROPLET ,3,Hàng đuôi dài bán chậm,Không chiếm kệ chính: gom vào khu 'mẫu trưng bày' hoặc chỉ bán online/đặt trước; rà soát loại bớt mã.,81.56,8,1.46875
72779,SET/6 BLACK ROSE T-LIGHT CANDLES,3,Hàng đuôi dài bán chậm,Không chiếm kệ chính: gom vào khu 'mẫu trưng bày' hoặc chỉ bán online/đặt trước; rà soát loại bớt mã.,81.12,15,1.69
16201B,PASTEL BLUE PHOTO ALBUM,3,Hàng đuôi dài bán chậm,Không chiếm kệ chính: gom vào khu 'mẫu trưng bày' hoặc chỉ bán online/đặt trước; rà soát loại bớt mã.,81.1,5,2.838
90121B,VINTAGE ROSE BEAD BRACELET BLUE,3,Hàng đuôi dài bán chậm,Không chiếm kệ chính: gom vào khu 'mẫu trưng bày' hoặc chỉ bán online/đặt trước; rà soát loại bớt mã.,80.75,9,4.25
84596I,WRAP SWEETS LIGHT PINK SMALL BOWL,3,Hàng đuôi dài bán chậm,Không chiếm kệ chính: gom vào khu 'mẫu trưng bày' hoặc chỉ bán online/đặt trước; rà soát loại bớt mã.,80.62,10,1.3472727272727274
35265,COLOURFUL FLOWER FRUIT BOWL,3,Hàng đuôi dài bán chậm,Không chiếm kệ chính: gom vào khu 'mẫu trưng bày' hoặc chỉ bán online/đặt trước; rà soát loại bớt mã.,80.0,16,3.453125
84415B,BLUE FLOCK CUSHION COVER ,3,Hàng đuôi dài bán chậm,Không chiếm kệ chính: gom vào khu 'mẫu trưng bày' hoặc chỉ bán online/đặt trước; rà soát loại bớt mã.,80.0,7,3.392857142857143
90206A,GOLD DIAMANTE STAR BROOCH,3,Hàng đuôi dài bán chậm,Không chiếm kệ chính: gom vào khu 'mẫu trưng bày' hoặc chỉ bán online/đặt trước; rà soát loại bớt mã.,79.60000000000001,12,4.983333333333333
90125B,AQUA BERTIE GLASS BEAD BAG CHARM,3,Hàng đuôi dài bán chậm,Không chiếm kệ chính: gom vào khu 'mẫu trưng bày' hoặc chỉ bán online/đặt trước; rà soát loại bớt mã.,79.57,17,2.2058823529411766
84795E,RIO PINK STRIPE HAMMOCK,3,Hàng đuôi dài bán chậm,Không chiếm kệ chính: gom vào khu 'mẫu trưng bày' hoặc chỉ bán online/đặt trước; rà soát loại bớt mã.,79.5,5,7.95
84548,CROCHET BEAR RED/BLUE  KEYRING,3,Hàng đuôi dài bán chậm,Không chiếm kệ chính: gom vào khu 'mẫu trưng bày' hoặc chỉ bán online/đặt trước; rà soát loại bớt mã.,79.19999999999999,13,1.65
90064A,WHITE VINTAGE CRYSTAL EARRINGS,3,Hàng đuôi dài bán chậm,Không chiếm kệ chính: gom vào khu 'mẫu trưng bày' hoặc chỉ bán online/đặt trước; rà soát loại bớt mã.,79.14,12,4.054166666666667
90064B,BLACK VINTAGE  CRYSTAL EARRINGS,3,Hàng đuôi dài bán chậm,Không chiếm kệ chính: gom vào khu 'mẫu trưng bày' hoặc chỉ bán online/đặt trước; rà soát loại bớt mã.,78.75,12,3.75
84455,SET OF 3 RABBIT CARROTS EASTER,3,Hàng đuôi dài bán chậm,Không chiếm kệ chính: gom vào khu 'mẫu trưng bày' hoặc chỉ bán online/đặt trước; rà soát loại bớt mã.,77.96,20,1.014
90176C,DIAMANTE NECKLACE,3,Hàng đuôi dài bán chậm,Không chiếm kệ chính: gom vào khu 'mẫu trưng bày' hoặc chỉ bán online/đặt trước; rà soát loại bớt mã.,77.0,6,7.833333333333333
84425A,WHITE GLASS TV TRIPLE FRAME,3,Hàng đuôi dài bán chậm,Không chiếm kệ chính: gom vào khu 'mẫu trưng bày' hoặc chỉ bán online/đặt trước; rà soát loại bớt mã.,76.6,9,4.2555555555555555
90100,NECKLACE+BRACELET SET PINK DAISY,3,Hàng đuôi dài bán chậm,Không chiếm kệ chính: gom vào khu 'mẫu trưng bày' hoặc chỉ bán online/đặt trước; rà soát loại bớt mã.,76.5,12,2.55
90176A,CLASSIC DIAMANTE NECKLACE JET,3,Hàng đuôi dài bán chậm,Không chiếm kệ chính: gom vào khu 'mẫu trưng bày' hoặc chỉ bán online/đặt trước; rà soát loại bớt mã.,75.88,7,7.581428571428572
62043B,BLUE CHECK BAG W HANDLE 34X20CM,3,Hàng đuôi dài bán chậm,Không chiếm kệ chính: gom vào khu 'mẫu trưng bày' hoặc chỉ bán online/đặt trước; rà soát loại bớt mã.,75.15999999999998,10,1.2399999999999998
84899E,YELLOW + BROWN BEAR FELT PURSE KIT,3,Hàng đuôi dài bán chậm,Không chiếm kệ chính: gom vào khu 'mẫu trưng bày' hoặc chỉ bán online/đặt trước; rà soát loại bớt mã.,73.93,21,1.6157142857142857
84593,CROCHET ROSE DES CLOTHES HANGER,3,Hàng đuôi dài bán chậm,Không chiếm kệ chính: gom vào khu 'mẫu trưng bày' hoặc chỉ bán online/đặt trước; rà soát loại bớt mã.,73.75,7,2.95
79331,PINK FLOCK GLASS CANDLEHOLDER,3,Hàng đuôi dài bán chậm,Không chiếm kệ chính: gom vào khu 'mẫu trưng bày' hoặc chỉ bán online/đặt trước; rà soát loại bớt mã.,73.6,9,1.3677777777777775
16151A,FLOWERS HANDBAG blue and orange,3,Hàng đuôi dài bán chậm,Không chiếm kệ chính: gom vào khu 'mẫu trưng bày' hoặc chỉ bán online/đặt trước; rà soát loại bớt mã.,72.5,5,2.25
84447,6 RABBIT CHAIN EASTER,3,Hàng đuôi dài bán chậm,Không chiếm kệ chính: gom vào khu 'mẫu trưng bày' hoặc chỉ bán online/đặt trước; rà soát loại bớt mã.,72.42,19,1.361578947368421
84427B,BLACK GLASS TV DOUBLE P/FRAME 15X10,3,Hàng đuôi dài bán chậm,Không chiếm kệ chính: gom vào khu 'mẫu trưng bày' hoặc chỉ bán online/đặt trước; rà soát loại bớt mã.,72.25,5,4.25
90027D,GLASS BEAD HOOP EARRINGS AMETHYST,3,Hàng đuôi dài bán chậm,Không chiếm kệ chính: gom vào khu 'mẫu trưng bày' hoặc chỉ bán online/đặt trước; rà soát loại bớt mã.,72.18,16,3.18875
84746,PINK EASTER HENS+FLOWER,3,Hàng đuôi dài bán chậm,Không chiếm kệ chính: gom vào khu 'mẫu trưng bày' hoặc chỉ bán online/đặt trước; rà soát loại bớt mã.,72.06,16,3.105
90031,BILI NUT AND WOOD NECKLACE,3,Hàng đuôi dài bán chậm,Không chiếm kệ chính: gom vào khu 'mẫu trưng bày' hoặc chỉ bán online/đặt trước; rà soát loại bớt mã.,71.9,9,3.2111111111111112
90038C,GLASS AND BEADS BRACELET IVORY,3,Hàng đuôi dài bán chậm,Không chiếm kệ chính: gom vào khu 'mẫu trưng bày' hoặc chỉ bán online/đặt trước; rà soát loại bớt mã.,71.46000000000001,9,3.7733333333333334
17007B,S/3 POT POURI CUSHIONS BLUE COLOURS,3,Hàng đuôi dài bán chậm,Không chiếm kệ chính: gom vào khu 'mẫu trưng bày' hoặc chỉ bán online/đặt trước; rà soát loại bớt mã.,71.4,6,2.1
90060D,FIRE POLISHED GLASS NECKL BRONZE,3,Hàng đuôi dài bán chậm,Không chiếm kệ chính: gom vào khu 'mẫu trưng bày' hoặc chỉ bán online/đặt trước; rà soát loại bớt mã.,71.4,8,5.95
37509,NEW ENGLAND MUG W GIFT BOX,3,Hàng đuôi dài bán chậm,Không chiếm kệ chính: gom vào khu 'mẫu trưng bày' hoặc chỉ bán online/đặt trước; rà soát loại bớt mã.,71.39999999999999,14,2.55
84925C,FAIRY CAKES  WALL THERMOMETER,3,Hàng đuôi dài bán chậm,Không chiếm kệ chính: gom vào khu 'mẫu trưng bày' hoặc chỉ bán online/đặt trước; rà soát loại bớt mã.,71.39999999999999,10,2.55
84415A,PINK FLOCK SUEDE CUSHION COVER ,3,Hàng đuôi dài bán chậm,Không chiếm kệ chính: gom vào khu 'mẫu trưng bày' hoặc chỉ bán online/đặt trước; rà soát loại bớt mã.,71.25,6,2.9166666666666665
90037B,TINY CRYSTAL BRACELET GREEN,3,Hàng đuôi dài bán chậm,Không chiếm kệ chính: gom vào khu 'mẫu trưng bày' hoặc chỉ bán online/đặt trước; rà soát loại bớt mã.,71.17,10,2.527
90179A,AMBER FINE BEAD NECKLACE W TASSEL,3,Hàng đuôi dài bán chậm,Không chiếm kệ chính: gom vào khu 'mẫu trưng bày' hoặc chỉ bán online/đặt trước; rà soát loại bớt mã.,71.0,9,5.905555555555556
84803B,WHITE ALLIUM  ARTIFICIAL FLOWER,3,Hàng đuôi dài bán chậm,Không chiếm kệ chính: gom vào khu 'mẫu trưng bày' hoặc chỉ bán online/đặt trước; rà soát loại bớt mã.,70.98,11,1.69
84086B,YELLOW/BLUE RETRO RADIO,3,Hàng đuôi dài bán chậm,Không chiếm kệ chính: gom vào khu 'mẫu trưng bày' hoặc chỉ bán online/đặt trước; rà soát loại bớt mã.,70.80000000000001,12,2.95
20958,PORCELAIN HANGING BELL LARGE,3,Hàng đuôi dài bán chậm,Không chiếm kệ chính: gom vào khu 'mẫu trưng bày' hoặc chỉ bán online/đặt trước; rà soát loại bớt mã.,70.5,10,1.92
90050,CRACKED GLAZE NECKLACE IVORY,3,Hàng đuôi dài bán chậm,Không chiếm kệ chính: gom vào khu 'mẫu trưng bày' hoặc chỉ bán online/đặt trước; rà soát loại bớt mã.,70.16,6,7.06
90131,PINK/AMETHYST/GOLD NECKLACE,3,Hàng đuôi dài bán chậm,Không chiếm kệ chính: gom vào khu 'mẫu trưng bày' hoặc chỉ bán online/đặt trước; rà soát loại bớt mã.,69.62,5,6.974000000000001
90026B,GLASS BEAD HOOP NECKLACE MONTANA,3,Hàng đuôi dài bán chậm,Không chiếm kệ chính: gom vào khu 'mẫu trưng bày' hoặc chỉ bán online/đặt trước; rà soát loại bớt mã.,67.82,7,8.474285714285715
90026C,GLASS BEAD HOOP NECKLACE GREEN,3,Hàng đuôi dài bán chậm,Không chiếm kệ chính: gom vào khu 'mẫu trưng bày' hoặc chỉ bán online/đặt trước; rà soát loại bớt mã.,67.82,6,8.47
20879,TREE OF NOAH FESTIVE SCENTED CANDLE,3,Hàng đuôi dài bán chậm,Không chiếm kệ chính: gom vào khu 'mẫu trưng bày' hoặc chỉ bán online/đặt trước; rà soát loại bớt mã.,67.8,11,1.8027272727272725
90002E,FLOWER BURST SILVER RING GREEN,3,Hàng đuôi dài bán chậm,Không chiếm kệ chính: gom vào khu 'mẫu trưng bày' hoặc chỉ bán online/đặt trước; rà soát loại bớt mã.,67.77,11,3.774545454545455
90078,PINK/WHITE GLASS DEMI CHOKER,3,Hàng đuôi dài bán chậm,Không chiếm kệ chính: gom vào khu 'mẫu trưng bày' hoặc chỉ bán online/đặt trước; rà soát loại bớt mã.,67.64,5,7.5280000000000005
90024F,NEW BAROQUE B'FLY NECKLACE CRYSTAL,3,Hàng đuôi dài bán chậm,Không chiếm kệ chính: gom vào khu 'mẫu trưng bày' hoặc chỉ bán online/đặt trước; rà soát loại bớt mã.,67.61,6,8.436666666666667
47341B,BLUE TABLE RUN FLOWER,3,Hàng đuôi dài bán chậm,Không chiếm kệ chính: gom vào khu 'mẫu trưng bày' hoặc chỉ bán online/đặt trước; rà soát loại bớt mã.,67.5,14,1.7857142857142858
84926B,SCOTTS ROSES TILE COASTER,3,Hàng đuôi dài bán chậm,Không chiếm kệ chính: gom vào khu 'mẫu trưng bày' hoặc chỉ bán online/đặt trước; rà soát loại bớt mã.,67.5,10,1.25
90214P,"LETTER ""P"" BLING KEY RING",3,Hàng đuôi dài bán chậm,Không chiếm kệ chính: gom vào khu 'mẫu trưng bày' hoặc chỉ bán online/đặt trước; rà soát loại bớt mã.,66.59,33,1.0396969696969698
35819P,"ACRYLIC HANGING JEWEL,PINK",3,Hàng đuôi dài bán chậm,Không chiếm kệ chính: gom vào khu 'mẫu trưng bày' hoặc chỉ bán online/đặt trước; rà soát loại bớt mã.,66.55,7,0.5042857142857143
90037A,TINY CRYSTAL BRACELET RED,3,Hàng đuôi dài bán chậm,Không chiếm kệ chính: gom vào khu 'mẫu trưng bày' hoặc chỉ bán online/đặt trước; rà soát loại bớt mã.,66.31,12,2.5508333333333333
84340,LARGE FIBRE OPTIC CHRISTMAS TREE,3,Hàng đuôi dài bán chậm,Không chiếm kệ chính: gom vào khu 'mẫu trưng bày' hoặc chỉ bán online/đặt trước; rà soát loại bớt mã.,65.76,11,4.346363636363637
90179B,PURPLE FINE BEAD NECKLACE W TASSEL,3,Hàng đuôi dài bán chậm,Không chiếm kệ chính: gom vào khu 'mẫu trưng bày' hoặc chỉ bán online/đặt trước; rà soát loại bớt mã.,65.31,9,5.934444444444445
47016,LIGHT DECORATION BATTERY OPERATED,3,Hàng đuôi dài bán chậm,Không chiếm kệ chính: gom vào khu 'mẫu trưng bày' hoặc chỉ bán online/đặt trước; rà soát loại bớt mã.,65.10000000000001,5,2.1
84705A,ENGLISH ROSE PHOTO FRAME ,3,Hàng đuôi dài bán chậm,Không chiếm kệ chính: gom vào khu 'mẫu trưng bày' hoặc chỉ bán online/đặt trước; rà soát loại bớt mã.,65.10000000000001,7,4.65
90046,WHITE WITH METAL BAG CHARM,3,Hàng đuôi dài bán chậm,Không chiếm kệ chính: gom vào khu 'mẫu trưng bày' hoặc chỉ bán online/đặt trước; rà soát loại bớt mã.,64.35000000000001,7,4.95
84551,CROCHET DOG KEYRING,3,Hàng đuôi dài bán chậm,Không chiếm kệ chính: gom vào khu 'mẫu trưng bày' hoặc chỉ bán online/đặt trước; rà soát loại bớt mã.,64.35,8,1.65
90074,BLACK DIAMOND CLUSTER NECKLACE,3,Hàng đuôi dài bán chậm,Không chiếm kệ chính: gom vào khu 'mẫu trưng bày' hoặc chỉ bán online/đặt trước; rà soát loại bớt mã.,64.09,6,9.19
79534,MULTICOLOUR GLASS PLATE,3,Hàng đuôi dài bán chậm,Không chiếm kệ chính: gom vào khu 'mẫu trưng bày' hoặc chỉ bán online/đặt trước; rà soát loại bớt mã.,63.800000000000004,16,0.55
85018A,S/6 PAPER BOXES ROMANTIC IMAGES,3,Hàng đuôi dài bán chậm,Không chiếm kệ chính: gom vào khu 'mẫu trưng bày' hoặc chỉ bán online/đặt trước; rà soát loại bớt mã.,63.75,10,4.25
85018B,S/6 PAPER BOXES BLOSSOM IMAGES ,3,Hàng đuôi dài bán chậm,Không chiếm kệ chính: gom vào khu 'mẫu trưng bày' hoặc chỉ bán online/đặt trước; rà soát loại bớt mã.,63.75,10,4.25
37491D,PURPLE/BLUE CERAMIC CANDLE HOLDER,3,Hàng đuôi dài bán chậm,Không chiếm kệ chính: gom vào khu 'mẫu trưng bày' hoặc chỉ bán online/đặt trước; rà soát loại bớt mã.,63.28,13,2.696923076923077
72709,IVORY SCULPTED RND CANDLE ,3,Hàng đuôi dài bán chậm,Không chiếm kệ chính: gom vào khu 'mẫu trưng bày' hoặc chỉ bán online/đặt trước; rà soát loại bớt mã.,62.9,13,0.8499999999999999
84529B,BLUE KNITTED KID'S RUCKSACK,3,Hàng đuôi dài bán chậm,Không chiếm kệ chính: gom vào khu 'mẫu trưng bày' hoặc chỉ bán online/đặt trước; rà soát loại bớt mã.,62.35,5,5.226
47348A,FUSCHIA VOILE POINTY SHOE DEC,3,Hàng đuôi dài bán chậm,Không chiếm kệ chính: gom vào khu 'mẫu trưng bày' hoặc chỉ bán online/đặt trước; rà soát loại bớt mã.,62.01,16,0.78
35973,GERANIUM FOLKART HEART DECORATION,3,Hàng đuôi dài bán chậm,Không chiếm kệ chính: gom vào khu 'mẫu trưng bày' hoặc chỉ bán online/đặt trước; rà soát loại bớt mã.,61.25,13,1.25
35910B,PINK FLOWERS RABBIT EASTER,3,Hàng đuôi dài bán chậm,Không chiếm kệ chính: gom vào khu 'mẫu trưng bày' hoặc chỉ bán online/đặt trước; rà soát loại bớt mã.,61.07,8,2.515
90214I,"LETTER ""I"" BLING KEY RING",3,Hàng đuôi dài bán chậm,Không chiếm kệ chính: gom vào khu 'mẫu trưng bày' hoặc chỉ bán online/đặt trước; rà soát loại bớt mã.,61.0,27,1.0766666666666667
84875A,PINK SQUARE COMPACT MIRROR,3,Hàng đuôi dài bán chậm,Không chiếm kệ chính: gom vào khu 'mẫu trưng bày' hoặc chỉ bán online/đặt trước; rà soát loại bớt mã.,60.0,12,3.75
44241C,BLUE BUTTERFLY ON SPRING,3,Hàng đuôi dài bán chậm,Không chiếm kệ chính: gom vào khu 'mẫu trưng bày' hoặc chỉ bán online/đặt trước; rà soát loại bớt mã.,59.5,8,0.85
84582,PINK CROCHET CAT WITH SCARF,3,Hàng đuôi dài bán chậm,Không chiếm kệ chính: gom vào khu 'mẫu trưng bày' hoặc chỉ bán online/đặt trước; rà soát loại bớt mã.,59.5,11,4.25
35654,VINTAGE BEAD FILLED PINK CUSHION,3,Hàng đuôi dài bán chậm,Không chiếm kệ chính: gom vào khu 'mẫu trưng bày' hoặc chỉ bán online/đặt trước; rà soát loại bớt mã.,59.400000000000006,5,4.95
35001B,HAND OPEN SHAPE BLACK,3,Hàng đuôi dài bán chậm,Không chiếm kệ chính: gom vào khu 'mẫu trưng bày' hoặc chỉ bán online/đặt trước; rà soát loại bớt mã.,59.330000000000005,6,3.49
35909A,RABBIT EASTER DECORATION,3,Hàng đuôi dài bán chậm,Không chiếm kệ chính: gom vào khu 'mẫu trưng bày' hoặc chỉ bán online/đặt trước; rà soát loại bớt mã.,59.00000000000001,5,2.95
85023C,PINK LARGE JEWELED PHOTOFRAME,3,Hàng đuôi dài bán chậm,Không chiếm kệ chính: gom vào khu 'mẫu trưng bày' hoặc chỉ bán online/đặt trước; rà soát loại bớt mã.,58.65,11,2.55
81985A,"ICON ALARM CLOCK,FUSCHIA  PIN UP",3,Hàng đuôi dài bán chậm,Không chiếm kệ chính: gom vào khu 'mẫu trưng bày' hoặc chỉ bán online/đặt trước; rà soát loại bớt mã.,58.64999999999999,7,2.55
84226,HEN HOUSE W FAMILY IN BARN & NEST,3,Hàng đuôi dài bán chậm,Không chiếm kệ chính: gom vào khu 'mẫu trưng bày' hoặc chỉ bán online/đặt trước; rà soát loại bớt mã.,58.31,18,0.8383333333333334
17129C,SKY BLUE COLOUR GLASS GEMS IN BAG,3,Hàng đuôi dài bán chậm,Không chiếm kệ chính: gom vào khu 'mẫu trưng bày' hoặc chỉ bán online/đặt trước; rà soát loại bớt mã.,57.98,11,0.8309090909090909
90212C,PURPLE LAS VEGAS BRACELET ROUND,3,Hàng đuôi dài bán chậm,Không chiếm kệ chính: gom vào khu 'mẫu trưng bày' hoặc chỉ bán online/đặt trước; rà soát loại bớt mã.,56.25,7,3.75
47344B,BLUE FLOWER DES PURSE,3,Hàng đuôi dài bán chậm,Không chiếm kệ chính: gom vào khu 'mẫu trưng bày' hoặc chỉ bán online/đặt trước; rà soát loại bớt mã.,56.16,10,1.082
85023A,CRYSTAL LARGE JEWELLED PHOTO FRAME,3,Hàng đuôi dài bán chậm,Không chiếm kệ chính: gom vào khu 'mẫu trưng bày' hoặc chỉ bán online/đặt trước; rà soát loại bớt mã.,56.099999999999994,10,2.55
85080,PADDED RED HEART DECORATION,3,Hàng đuôi dài bán chậm,Không chiếm kệ chính: gom vào khu 'mẫu trưng bày' hoặc chỉ bán online/đặt trước; rà soát loại bớt mã.,55.76,22,0.5331818181818182
90214T,"LETTER ""T"" BLING KEY RING",3,Hàng đuôi dài bán chậm,Không chiếm kệ chính: gom vào khu 'mẫu trưng bày' hoặc chỉ bán online/đặt trước; rà soát loại bớt mã.,55.57,24,1.0716666666666665
90001B,ANTIQUE MID BLUE FLOWER EARRINGS,3,Hàng đuôi dài bán chậm,Không chiếm kệ chính: gom vào khu 'mẫu trưng bày' hoặc chỉ bán online/đặt trước; rà soát loại bớt mã.,55.120000000000005,10,4.237
85151,WELCOME METAL SIGN,3,Hàng đuôi dài bán chậm,Không chiếm kệ chính: gom vào khu 'mẫu trưng bày' hoặc chỉ bán online/đặt trước; rà soát loại bớt mã.,55.0,8,1.25
90142D,MOP PENDANT SHELL NECKLACE,3,Hàng đuôi dài bán chậm,Không chiếm kệ chính: gom vào khu 'mẫu trưng bày' hoặc chỉ bán online/đặt trước; rà soát loại bớt mã.,54.59,5,4.978
90043,COPPER AND BRASS BAG CHARM,3,Hàng đuôi dài bán chậm,Không chiếm kệ chính: gom vào khu 'mẫu trưng bày' hoặc chỉ bán online/đặt trước; rà soát loại bớt mã.,54.510000000000005,6,5.785
20820,SILVER LOOKING MIRROR,3,Hàng đuôi dài bán chậm,Không chiếm kệ chính: gom vào khu 'mẫu trưng bày' hoặc chỉ bán online/đặt trước; rà soát loại bớt mã.,54.45,8,4.95
20953,PORCELAIN CHERUB BELL LARGE,3,Hàng đuôi dài bán chậm,Không chiếm kệ chính: gom vào khu 'mẫu trưng bày' hoặc chỉ bán online/đặt trước; rà soát loại bớt mã.,54.449999999999996,9,1.65
90084,PINK CRYSTAL GUITAR PHONE CHARM,3,Hàng đuôi dài bán chậm,Không chiếm kệ chính: gom vào khu 'mẫu trưng bày' hoặc chỉ bán online/đặt trước; rà soát loại bớt mã.,54.4,9,0.85
72798C,SET/4 GARDEN ROSE DINNER CANDLE,3,Hàng đuôi dài bán chậm,Không chiếm kệ chính: gom vào khu 'mẫu trưng bày' hoặc chỉ bán online/đặt trước; rà soát loại bớt mã.,53.11,15,2.1106666666666665
84845C,CARNATION SQUARE HANDY TIN,3,Hàng đuôi dài bán chậm,Không chiếm kệ chính: gom vào khu 'mẫu trưng bày' hoặc chỉ bán online/đặt trước; rà soát loại bớt mã.,52.5,14,1.25
20870,OPULENT VELVET CANDLE IN BOX,3,Hàng đuôi dài bán chậm,Không chiếm kệ chính: gom vào khu 'mẫu trưng bày' hoặc chỉ bán online/đặt trước; rà soát loại bớt mã.,52.2,7,2.9214285714285713
84292B,BLUE COL METAL FOLDING CHAIR,3,Hàng đuôi dài bán chậm,Không chiếm kệ chính: gom vào khu 'mẫu trưng bày' hoặc chỉ bán online/đặt trước; rà soát loại bớt mã.,51.8,5,7.359999999999999
84845D,GERANIUM SQUARE HANDY TIN,3,Hàng đuôi dài bán chậm,Không chiếm kệ chính: gom vào khu 'mẫu trưng bày' hoặc chỉ bán online/đặt trước; rà soát loại bớt mã.,51.25,11,1.25
35071,ASSORTED SANTA CHRISTMAS DECORATION,3,Hàng đuôi dài bán chậm,Không chiếm kệ chính: gom vào khu 'mẫu trưng bày' hoặc chỉ bán online/đặt trước; rà soát loại bớt mã.,51.13999999999999,7,2.084285714285714
20964,POLYESTER FILLER PAD 60x40cm,3,Hàng đuôi dài bán chậm,Không chiếm kệ chính: gom vào khu 'mẫu trưng bày' hoặc chỉ bán online/đặt trước; rà soát loại bớt mã.,50.99999999999999,6,2.55
90034,WHITE SILVER NECKLACE SHELL GLASS,3,Hàng đuôi dài bán chậm,Không chiếm kệ chính: gom vào khu 'mẫu trưng bày' hoặc chỉ bán online/đặt trước; rà soát loại bớt mã.,50.48,5,10.096
72083A,STRAWBERY SWIRL FLARE CANDLE,3,Hàng đuôi dài bán chậm,Không chiếm kệ chính: gom vào khu 'mẫu trưng bày' hoặc chỉ bán online/đặt trước; rà soát loại bớt mã.,50.400000000000006,7,2.1
22657,HEN & 2 CHICKS IN BASKET,3,Hàng đuôi dài bán chậm,Không chiếm kệ chính: gom vào khu 'mẫu trưng bày' hoặc chỉ bán online/đặt trước; rà soát loại bớt mã.,50.15,7,0.85
90141E,ORANGE PENDANT TRIPLE SHELL NECKLAC,3,Hàng đuôi dài bán chậm,Không chiếm kệ chính: gom vào khu 'mẫu trưng bày' hoặc chỉ bán online/đặt trước; rà soát loại bớt mã.,50.06,5,5.062
84537B,FAIRY CAKES GIFT BAG,3,Hàng đuôi dài bán chậm,Không chiếm kệ chính: gom vào khu 'mẫu trưng bày' hoặc chỉ bán online/đặt trước; rà soát loại bớt mã.,49.14,11,0.42
72129,COLUMBIAN CANDLE ROUND ,3,Hàng đuôi dài bán chậm,Không chiếm kệ chính: gom vào khu 'mẫu trưng bày' hoặc chỉ bán online/đặt trước; rà soát loại bớt mã.,49.11000000000001,18,0.7061111111111111
35603C,SET/16 WHITE SHINY & MATT BAUBLES,3,Hàng đuôi dài bán chậm,Không chiếm kệ chính: gom vào khu 'mẫu trưng bày' hoặc chỉ bán online/đặt trước; rà soát loại bớt mã.,48.3,24,0.6888
37491A,YELLOW/PINK CERAMIC CANDLE HOLDER,3,Hàng đuôi dài bán chậm,Không chiếm kệ chính: gom vào khu 'mẫu trưng bày' hoặc chỉ bán online/đặt trước; rà soát loại bớt mã.,48.3,13,2.6915384615384617
90083,CRYSTAL CZECH CROSS PHONE CHARM,3,Hàng đuôi dài bán chậm,Không chiếm kệ chính: gom vào khu 'mẫu trưng bày' hoặc chỉ bán online/đặt trước; rà soát loại bớt mã.,48.08,15,1.3326666666666667
35909B,PINK FLOWERS RABBIT EASTER,3,Hàng đuôi dài bán chậm,Không chiếm kệ chính: gom vào khu 'mẫu trưng bày' hoặc chỉ bán online/đặt trước; rà soát loại bớt mã.,47.2,6,2.95
90067B,BROWN VINTAGE VICTORIAN EARRINGS,3,Hàng đuôi dài bán chậm,Không chiếm kệ chính: gom vào khu 'mẫu trưng bày' hoặc chỉ bán online/đặt trước; rà soát loại bớt mã.,47.120000000000005,6,2.936666666666667
84227,HEN HOUSE W CHICK IN NEST,3,Hàng đuôi dài bán chậm,Không chiếm kệ chính: gom vào khu 'mẫu trưng bày' hoặc chỉ bán online/đặt trước; rà soát loại bớt mã.,47.04,13,0.42
20988,TRELLIS FLOWER CHOPSTICKS SET/5,3,Hàng đuôi dài bán chậm,Không chiếm kệ chính: gom vào khu 'mẫu trưng bày' hoặc chỉ bán online/đặt trước; rà soát loại bớt mã.,46.8,9,1.9500000000000002
90001C,ANTIQUE OPAL WHITE FLOWER EARRINGS,3,Hàng đuôi dài bán chậm,Không chiếm kệ chính: gom vào khu 'mẫu trưng bày' hoặc chỉ bán online/đặt trước; rà soát loại bớt mã.,46.7,10,4.245
37489A,YELLOW/PINK FLOWER DESIGN BIG MUG,3,Hàng đuôi dài bán chậm,Không chiếm kệ chính: gom vào khu 'mẫu trưng bày' hoặc chỉ bán online/đặt trước; rà soát loại bớt mã.,46.56,23,1.2283333333333333
47341A,FUSCHIA TABLE RUN FLOWER ,3,Hàng đuôi dài bán chậm,Không chiếm kệ chính: gom vào khu 'mẫu trưng bày' hoặc chỉ bán online/đặt trước; rà soát loại bớt mã.,46.25,7,2.3214285714285716
90128A,PINK LEAVES AND BEADS PHONE CHARM,3,Hàng đuôi dài bán chậm,Không chiếm kệ chính: gom vào khu 'mẫu trưng bày' hoặc chỉ bán online/đặt trước; rà soát loại bớt mã.,46.21,10,1.7489999999999999
85081,PADDED HOLLY CHRISTMAS DECORATION ,3,Hàng đuôi dài bán chậm,Không chiếm kệ chính: gom vào khu 'mẫu trưng bày' hoặc chỉ bán online/đặt trước; rà soát loại bớt mã.,46.17,21,0.45772727272727276
72724,SET/6 CHRISTMAS ICICLE T-LIGHTS,3,Hàng đuôi dài bán chậm,Không chiếm kệ chính: gom vào khu 'mẫu trưng bày' hoặc chỉ bán online/đặt trước; rà soát loại bớt mã.,45.0,10,1.25
72796B,S/3 FRENCH VANILLA SQU CANDLE,3,Hàng đuôi dài bán chậm,Không chiếm kệ chính: gom vào khu 'mẫu trưng bày' hoặc chỉ bán online/đặt trước; rà soát loại bớt mã.,44.55,12,1.65
84586L,"PINK ROSES/GINGHAM PATCH RABBIT 8""",3,Hàng đuôi dài bán chậm,Không chiếm kệ chính: gom vào khu 'mẫu trưng bày' hoặc chỉ bán online/đặt trước; rà soát loại bớt mã.,44.25000000000001,9,2.95
35085E,IVORY ROSE LAMPSHADE ,3,Hàng đuôi dài bán chậm,Không chiếm kệ chính: gom vào khu 'mẫu trưng bày' hoặc chỉ bán online/đặt trước; rà soát loại bớt mã.,44.25,9,1.1666666666666667
18097A,PINK TALL PORCELAIN T-LIGHT HOLDER ,3,Hàng đuôi dài bán chậm,Không chiếm kệ chính: gom vào khu 'mẫu trưng bày' hoặc chỉ bán online/đặt trước; rà soát loại bớt mã.,43.349999999999994,12,2.55
90042B,FRESHWATER PEARL BRACELET PINK,3,Hàng đuôi dài bán chậm,Không chiếm kệ chính: gom vào khu 'mẫu trưng bày' hoặc chỉ bán online/đặt trước; rà soát loại bớt mã.,43.349999999999994,6,2.55
23038,T-LIGHT HOLDER SILVER SAUCER,3,Hàng đuôi dài bán chậm,Không chiếm kệ chính: gom vào khu 'mẫu trưng bày' hoặc chỉ bán online/đặt trước; rà soát loại bớt mã.,42.919999999999995,8,1.3299999999999998
90126C,AMBER BERTIE MOBILE PHONE CHARM,3,Hàng đuôi dài bán chậm,Không chiếm kệ chính: gom vào khu 'mẫu trưng bày' hoặc chỉ bán online/đặt trước; rà soát loại bớt mã.,42.1,5,2.692
72771C,BLACK FLOCK GOLD CANDLE,3,Hàng đuôi dài bán chậm,Không chiếm kệ chính: gom vào khu 'mẫu trưng bày' hoặc chỉ bán online/đặt trước; rà soát loại bớt mã.,42.08,6,1.7133333333333332
20860,GOLD COSMETICS BAG WITH BUTTERFLY,3,Hàng đuôi dài bán chậm,Không chiếm kệ chính: gom vào khu 'mẫu trưng bày' hoặc chỉ bán online/đặt trước; rà soát loại bớt mã.,42.0,11,2.1
85184B,SET 4 EASTER DECOUPAGE OVAL BOXES,3,Hàng đuôi dài bán chậm,Không chiếm kệ chính: gom vào khu 'mẫu trưng bày' hoặc chỉ bán online/đặt trước; rà soát loại bớt mã.,41.300000000000004,7,2.95
37477B,"FLOWER FAIRY MUG+COASTER,LAVENDER",3,Hàng đuôi dài bán chậm,Không chiếm kệ chính: gom vào khu 'mẫu trưng bày' hoặc chỉ bán online/đặt trước; rà soát loại bớt mã.,41.25,8,3.75
35644,PAIR PINK/BLACK COATHANGERS,3,Hàng đuôi dài bán chậm,Không chiếm kệ chính: gom vào khu 'mẫu trưng bày' hoặc chỉ bán online/đặt trước; rà soát loại bớt mã.,40.95,7,1.95
47013C,WINE BOTTLE DRESSING DARK BLUE,3,Hàng đuôi dài bán chậm,Không chiếm kệ chính: gom vào khu 'mẫu trưng bày' hoặc chỉ bán online/đặt trước; rà soát loại bớt mã.,40.519999999999996,27,0.35
90152A,SILVER/NAT SHELL NECKLACE W PENDANT,3,Hàng đuôi dài bán chậm,Không chiếm kệ chính: gom vào khu 'mẫu trưng bày' hoặc chỉ bán online/đặt trước; rà soát loại bớt mã.,40.34,7,5.762857142857143
20994,JAZZ HEARTS SPIRAL NOTEPAD,3,Hàng đuôi dài bán chậm,Không chiếm kệ chính: gom vào khu 'mẫu trưng bày' hoặc chỉ bán online/đặt trước; rà soát loại bớt mã.,39.949999999999996,12,0.85
47013A,WINE BOTTLE DRESSING LT.BLUE,3,Hàng đuôi dài bán chậm,Không chiếm kệ chính: gom vào khu 'mẫu trưng bày' hoặc chỉ bán online/đặt trước; rà soát loại bớt mã.,39.87,25,0.2764
37468,HARDMAN MUG 3 ASSORTED,3,Hàng đuôi dài bán chậm,Không chiếm kệ chính: gom vào khu 'mẫu trưng bày' hoặc chỉ bán online/đặt trước; rà soát loại bớt mã.,39.81,14,1.422857142857143
82545A,COGNAC AUX OEUFS METAL 1 HOOK,3,Hàng đuôi dài bán chậm,Không chiếm kệ chính: gom vào khu 'mẫu trưng bày' hoặc chỉ bán online/đặt trước; rà soát loại bớt mã.,38.75,11,1.25
35963,FOLKART ZINC CLIP ON ANGEL WINGS,3,Hàng đuôi dài bán chậm,Không chiếm kệ chính: gom vào khu 'mẫu trưng bày' hoặc chỉ bán online/đặt trước; rà soát loại bớt mã.,38.38,11,0.38
90039A,FIRE POLISHED GLASS BRACELET RED,3,Hàng đuôi dài bán chậm,Không chiếm kệ chính: gom vào khu 'mẫu trưng bày' hoặc chỉ bán online/đặt trước; rà soát loại bớt mã.,37.61,5,3.772
35233,PASTA ENAMEL/BRASS CONTAINER,3,Hàng đuôi dài bán chậm,Không chiếm kệ chính: gom vào khu 'mẫu trưng bày' hoặc chỉ bán online/đặt trước; rà soát loại bớt mã.,37.5,8,3.75
37112,YELLOW BIRDS FELT DES FOODCOVER,3,Hàng đuôi dài bán chậm,Không chiếm kệ chính: gom vào khu 'mẫu trưng bày' hoặc chỉ bán online/đặt trước; rà soát loại bớt mã.,37.5,5,3.75
79413,GLASS WINE GLASS DECORATIONS,3,Hàng đuôi dài bán chậm,Không chiếm kệ chính: gom vào khu 'mẫu trưng bày' hoặc chỉ bán online/đặt trước; rà soát loại bớt mã.,37.5,9,1.25
84705F,RED PEONY PHOTO FRAME ,3,Hàng đuôi dài bán chậm,Không chiếm kệ chính: gom vào khu 'mẫu trưng bày' hoặc chỉ bán online/đặt trước; rà soát loại bớt mã.,37.2,5,4.65
90126A,PINK BERTIE MOBILE PHONE CHARM,3,Hàng đuôi dài bán chậm,Không chiếm kệ chính: gom vào khu 'mẫu trưng bày' hoặc chỉ bán online/đặt trước; rà soát loại bớt mã.,37.14,5,2.2466666666666666
16162M,THE KING GIFT BAG 25x24x12cm,3,Hàng đuôi dài bán chậm,Không chiếm kệ chính: gom vào khu 'mẫu trưng bày' hoặc chỉ bán online/đặt trước; rà soát loại bớt mã.,36.96,13,0.42
72715,SPHERICAL IVORY CANDLE ,3,Hàng đuôi dài bán chậm,Không chiếm kệ chính: gom vào khu 'mẫu trưng bày' hoặc chỉ bán online/đặt trước; rà soát loại bớt mã.,36.96,13,0.42
90214F,"LETTER ""F"" BLING KEY RING",3,Hàng đuôi dài bán chậm,Không chiếm kệ chính: gom vào khu 'mẫu trưng bày' hoặc chỉ bán online/đặt trước; rà soát loại bớt mã.,36.28,27,0.9633333333333333
37348,SET OF 4 PASTEL STACKING MUGS,3,Hàng đuôi dài bán chậm,Không chiếm kệ chính: gom vào khu 'mẫu trưng bày' hoặc chỉ bán online/đặt trước; rà soát loại bớt mã.,35.7,7,2.55
90152B,BLUE/GREEN SHELL NECKLACE W PENDANT,3,Hàng đuôi dài bán chậm,Không chiếm kệ chính: gom vào khu 'mẫu trưng bày' hoặc chỉ bán online/đặt trước; rà soát loại bớt mã.,35.26,5,5.862
84745B,BLUE HANGING GINGHAM EASTER HEN,3,Hàng đuôi dài bán chậm,Không chiếm kệ chính: gom vào khu 'mẫu trưng bày' hoặc chỉ bán online/đặt trước; rà soát loại bớt mã.,34.86,17,0.42
84456,SET OF 3 RABBIT EGG EASTER,3,Hàng đuôi dài bán chậm,Không chiếm kệ chính: gom vào khu 'mẫu trưng bày' hoặc chỉ bán online/đặt trước; rà soát loại bớt mã.,33.15,16,0.9562499999999999
85079,EMBROIDERED REINDEER DECORATION,3,Hàng đuôi dài bán chậm,Không chiếm kệ chính: gom vào khu 'mẫu trưng bày' hoặc chỉ bán online/đặt trước; rà soát loại bớt mã.,32.25,8,1.4144444444444444
90214O,"LETTER ""O"" BLING KEY RING",3,Hàng đuôi dài bán chậm,Không chiếm kệ chính: gom vào khu 'mẫu trưng bày' hoặc chỉ bán online/đặt trước; rà soát loại bớt mã.,31.419999999999998,18,1.0822222222222222
44091C,MULTICOLOUR CRUSOE CHECK LAMPSHADE,3,Hàng đuôi dài bán chậm,Không chiếm kệ chính: gom vào khu 'mẫu trưng bày' hoặc chỉ bán online/đặt trước; rà soát loại bớt mã.,30.66,17,0.5682352941176471
37489B,BLUE/YELLOW FLOWER DESIGN BIG MUG,3,Hàng đuôi dài bán chậm,Không chiếm kệ chính: gom vào khu 'mẫu trưng bày' hoặc chỉ bán online/đặt trước; rà soát loại bớt mã.,30.419999999999998,17,1.0323529411764707
84745A,PINK HANGING GINGHAM EASTER HEN,3,Hàng đuôi dài bán chậm,Không chiếm kệ chính: gom vào khu 'mẫu trưng bày' hoặc chỉ bán online/đặt trước; rà soát loại bớt mã.,30.240000000000002,15,0.42
18010,ASSORTED FRAGRANCE BATH CONFETTI,3,Hàng đuôi dài bán chậm,Không chiếm kệ chính: gom vào khu 'mẫu trưng bày' hoặc chỉ bán online/đặt trước; rà soát loại bớt mã.,30.16,9,0.5566666666666666
37491B,BLUE/YELLOW CERAMIC CANDLE HOLDER,3,Hàng đuôi dài bán chậm,Không chiếm kệ chính: gom vào khu 'mẫu trưng bày' hoặc chỉ bán online/đặt trước; rà soát loại bớt mã.,30.08,8,2.3
47563B,WAVELINE SURF IRONING BOARD COVER,3,Hàng đuôi dài bán chậm,Không chiếm kệ chính: gom vào khu 'mẫu trưng bày' hoặc chỉ bán online/đặt trước; rà soát loại bớt mã.,30.0,6,3.75
78034B,BLUE NETTING STORAGE HANGER,3,Hàng đuôi dài bán chậm,Không chiếm kệ chính: gom vào khu 'mẫu trưng bày' hoặc chỉ bán online/đặt trước; rà soát loại bớt mã.,29.25,9,1.95
37489D,PINK/GREEN FLOWER DESIGN BIG MUG,3,Hàng đuôi dài bán chậm,Không chiếm kệ chính: gom vào khu 'mẫu trưng bày' hoặc chỉ bán online/đặt trước; rà soát loại bớt mã.,28.86,20,0.7614285714285715
44089C,LILAC GAUZE BUTTERFLY LAMPSHADE,3,Hàng đuôi dài bán chậm,Không chiếm kệ chính: gom vào khu 'mẫu trưng bày' hoặc chỉ bán online/đặt trước; rà soát loại bớt mã.,28.56,18,0.42
40005B,BLUE ORGANDY ROUND LAMPSHADE W BEA,3,Hàng đuôi dài bán chậm,Không chiếm kệ chính: gom vào khu 'mẫu trưng bày' hoặc chỉ bán online/đặt trước; rà soát loại bớt mã.,28.05,13,0.8499999999999999
17091F,SANDALWOOD INCENSE IN TIN,3,Hàng đuôi dài bán chậm,Không chiếm kệ chính: gom vào khu 'mẫu trưng bày' hoặc chỉ bán online/đặt trước; rà soát loại bớt mã.,27.71,8,1.58
21097,SET/6 GREEN SPRING  PAPER PLATE,3,Hàng đuôi dài bán chậm,Không chiếm kệ chính: gom vào khu 'mẫu trưng bày' hoặc chỉ bán online/đặt trước; rà soát loại bớt mã.,27.2,7,0.85
17013F,ORIGAMI SANDLEWOOD INCENSE IN TUBE,3,Hàng đuôi dài bán chậm,Không chiếm kệ chính: gom vào khu 'mẫu trưng bày' hoặc chỉ bán online/đặt trước; rà soát loại bớt mã.,26.7,5,1.38
90027A,GLASS BEAD HOOP EARRINGS BLACK,3,Hàng đuôi dài bán chậm,Không chiếm kệ chính: gom vào khu 'mẫu trưng bày' hoặc chỉ bán online/đặt trước; rà soát loại bớt mã.,26.52,6,2.9450000000000003
90025E,BAROQUE BUTTERFLY EARRINGS MONTANA,3,Hàng đuôi dài bán chậm,Không chiếm kệ chính: gom vào khu 'mẫu trưng bày' hoặc chỉ bán online/đặt trước; rà soát loại bớt mã.,26.5,7,3.7857142857142856
37489C,GREEN/BLUE FLOWER DESIGN BIG MUG,3,Hàng đuôi dài bán chậm,Không chiếm kệ chính: gom vào khu 'mẫu trưng bày' hoặc chỉ bán online/đặt trước; rà soát loại bớt mã.,26.06,12,1.5541666666666665
90214Y,"LETTER ""Y"" BLING KEY RING",3,Hàng đuôi dài bán chậm,Không chiếm kệ chính: gom vào khu 'mẫu trưng bày' hoặc chỉ bán online/đặt trước; rà soát loại bớt mã.,25.339999999999996,10,0.852
35597D,PINK/WHITE CHRISTMAS TREE 30CM,3,Hàng đuôi dài bán chậm,Không chiếm kệ chính: gom vào khu 'mẫu trưng bày' hoặc chỉ bán online/đặt trước; rà soát loại bớt mã.,25.28,7,0.5825
90128C,GREEN LEAVES AND BEADS PHONE CHARM,3,Hàng đuôi dài bán chậm,Không chiếm kệ chính: gom vào khu 'mẫu trưng bày' hoặc chỉ bán online/đặt trước; rà soát loại bớt mã.,25.04,6,1.8816666666666666
84550,CROCHET LILAC/RED BEAR KEYRING,3,Hàng đuôi dài bán chậm,Không chiếm kệ chính: gom vào khu 'mẫu trưng bày' hoặc chỉ bán online/đặt trước; rà soát loại bớt mã.,24.749999999999996,5,1.65
10124A,SPOTS ON RED BOOKCOVER TAPE,3,Hàng đuôi dài bán chậm,Không chiếm kệ chính: gom vào khu 'mẫu trưng bày' hoặc chỉ bán online/đặt trước; rà soát loại bớt mã.,24.36,18,0.42
84450A,PINK RABBIT SITTING EASTER,3,Hàng đuôi dài bán chậm,Không chiếm kệ chính: gom vào khu 'mẫu trưng bày' hoặc chỉ bán online/đặt trước; rà soát loại bớt mã.,24.18,5,0.49799999999999994
90128B,BLUE LEAVES AND BEADS PHONE CHARM,3,Hàng đuôi dài bán chậm,Không chiếm kệ chính: gom vào khu 'mẫu trưng bày' hoặc chỉ bán online/đặt trước; rà soát loại bớt mã.,23.759999999999998,6,1.46
47552A,DOTS IRONING BOARD COVER,3,Hàng đuôi dài bán chậm,Không chiếm kệ chính: gom vào khu 'mẫu trưng bày' hoặc chỉ bán online/đặt trước; rà soát loại bớt mã.,23.4,11,1.95
85225,BLING KEY RING STAND,3,Hàng đuôi dài bán chậm,Không chiếm kệ chính: gom vào khu 'mẫu trưng bày' hoặc chỉ bán online/đặt trước; rà soát loại bớt mã.,22.5,11,1.2045454545454546
35591T,TURQUOISE CHRISTMAS TREE ,3,Hàng đuôi dài bán chậm,Không chiếm kệ chính: gom vào khu 'mẫu trưng bày' hoặc chỉ bán online/đặt trước; rà soát loại bớt mã.,21.25,9,1.25
37488A,YELLOW PINK FLOWER DESIGN BIG BOWL,3,Hàng đuôi dài bán chậm,Không chiếm kệ chính: gom vào khu 'mẫu trưng bày' hoặc chỉ bán online/đặt trước; rà soát loại bớt mã.,19.770000000000003,5,1.4140000000000001
44092C,PURPLE/COPPER HANGING LAMPSHADE,3,Hàng đuôi dài bán chậm,Không chiếm kệ chính: gom vào khu 'mẫu trưng bày' hoặc chỉ bán online/đặt trước; rà soát loại bớt mã.,19.55,10,0.85
81950V,FLOWER PURPLE CLOCK W/SUCKER,3,Hàng đuôi dài bán chậm,Không chiếm kệ chính: gom vào khu 'mẫu trưng bày' hoặc chỉ bán online/đặt trước; rà soát loại bớt mã.,18.799999999999997,10,0.6972727272727273
90025D,BAROQUE BUTTERFLY EARRINGS PINK,3,Hàng đuôi dài bán chậm,Không chiếm kệ chính: gom vào khu 'mẫu trưng bày' hoặc chỉ bán online/đặt trước; rà soát loại bớt mã.,18.69,5,3.7380000000000004
84732B,CUTE BIRD CEATURE SCREEN,3,Hàng đuôi dài bán chậm,Không chiếm kệ chính: gom vào khu 'mẫu trưng bày' hoặc chỉ bán online/đặt trước; rà soát loại bớt mã.,18.48,6,1.23
72796A,S/3 ENGLISH LAVENDER SQU CANDLE,3,Hàng đuôi dài bán chậm,Không chiếm kệ chính: gom vào khu 'mẫu trưng bày' hoặc chỉ bán online/đặt trước; rà soát loại bớt mã.,18.15,5,1.6499999999999997
71050,SMALL SINGLE FLAME CANDLE HOLDER,3,Hàng đuôi dài bán chậm,Không chiếm kệ chính: gom vào khu 'mẫu trưng bày' hoặc chỉ bán online/đặt trước; rà soát loại bớt mã.,17.849999999999998,8,0.35
44089A,PINK GAUZE BUTTERFLY LAMPSHADE,3,Hàng đuôi dài bán chậm,Không chiếm kệ chính: gom vào khu 'mẫu trưng bày' hoặc chỉ bán online/đặt trước; rà soát loại bớt mã.,16.8,13,0.42
62074B,ELEPHANT CLIP W SUCTION CUP,3,Hàng đuôi dài bán chậm,Không chiếm kệ chính: gom vào khu 'mẫu trưng bày' hoặc chỉ bán online/đặt trước; rà soát loại bớt mã.,15.96,12,0.42
35932,PINK CHRISTMAS TREE DECORATION,3,Hàng đuôi dài bán chậm,Không chiếm kệ chính: gom vào khu 'mẫu trưng bày' hoặc chỉ bán online/đặt trước; rà soát loại bớt mã.,15.63,10,0.537
17174,ASSTD RASTA KEY-CHAINS,3,Hàng đuôi dài bán chậm,Không chiếm kệ chính: gom vào khu 'mẫu trưng bày' hoặc chỉ bán online/đặt trước; rà soát loại bớt mã.,15.120000000000001,7,0.42
84206A,3 BLACK CATS W HEARTS BLANK CARD,3,Hàng đuôi dài bán chậm,Không chiếm kệ chính: gom vào khu 'mẫu trưng bày' hoặc chỉ bán online/đặt trước; rà soát loại bớt mã.,15.010000000000002,9,0.19
10124G,ARMY CAMO BOOKCOVER TAPE,3,Hàng đuôi dài bán chậm,Không chiếm kệ chính: gom vào khu 'mẫu trưng bày' hoặc chỉ bán online/đặt trước; rà soát loại bớt mã.,14.28,10,0.462
16245A,PINK MINI STATIONERY SET W CASE,3,Hàng đuôi dài bán chậm,Không chiếm kệ chính: gom vào khu 'mẫu trưng bày' hoặc chỉ bán online/đặt trước; rà soát loại bớt mã.,13.75,7,1.25
35936,CERISE+GOLD CHRISTMAS TREE DEC,3,Hàng đuôi dài bán chậm,Không chiếm kệ chính: gom vào khu 'mẫu trưng bày' hoặc chỉ bán online/đặt trước; rà soát loại bớt mã.,13.68,9,0.38
35443,RASTA IN BATH W SPLIFF ASHTRAY,3,Hàng đuôi dài bán chậm,Không chiếm kệ chính: gom vào khu 'mẫu trưng bày' hoặc chỉ bán online/đặt trước; rà soát loại bớt mã.,13.6,10,0.85
44092B,BLUE WHITE PLASTIC RINGS LAMPSHADE,3,Hàng đuôi dài bán chậm,Không chiếm kệ chính: gom vào khu 'mẫu trưng bày' hoặc chỉ bán online/đặt trước; rà soát loại bớt mã.,12.75,6,0.85
35918B,BLUE FLORIBUNDA EGG WARMER,3,Hàng đuôi dài bán chậm,Không chiếm kệ chính: gom vào khu 'mẫu trưng bày' hoặc chỉ bán online/đặt trước; rà soát loại bớt mã.,12.5,5,1.25
51012L,"FEATHER DUSTER, LIGHT PINK",3,Hàng đuôi dài bán chậm,Không chiếm kệ chính: gom vào khu 'mẫu trưng bày' hoặc chỉ bán online/đặt trước; rà soát loại bớt mã.,12.5,6,1.25
79149B,SILICON STAR BULB  BLUE,3,Hàng đuôi dài bán chậm,Không chiếm kệ chính: gom vào khu 'mẫu trưng bày' hoặc chỉ bán online/đặt trước; rà soát loại bớt mã.,12.18,12,0.42
84743C,ORANGE FELT VASE + FLOWERS,3,Hàng đuôi dài bán chậm,Không chiếm kệ chính: gom vào khu 'mẫu trưng bày' hoặc chỉ bán online/đặt trước; rà soát loại bớt mã.,11.25,5,1.25
84732D,CUTE RABBIT CEATURE SCREEN ,3,Hàng đuôi dài bán chậm,Không chiếm kệ chính: gom vào khu 'mẫu trưng bày' hoặc chỉ bán online/đặt trước; rà soát loại bớt mã.,10.89,6,1.23
90214W,"LETTER ""W"" BLING KEY RING",3,Hàng đuôi dài bán chậm,Không chiếm kệ chính: gom vào khu 'mẫu trưng bày' hoặc chỉ bán online/đặt trước; rà soát loại bớt mã.,10.17,8,0.8724999999999999
81953P,ROUND ARTICULATED PINK CLOCK W/SUCK,3,Hàng đuôi dài bán chậm,Không chiếm kệ chính: gom vào khu 'mẫu trưng bày' hoặc chỉ bán online/đặt trước; rà soát loại bớt mã.,9.57,6,0.52
72708,SCULPTED ROUND IVORY CANDLE ,3,Hàng đuôi dài bán chậm,Không chiếm kệ chính: gom vào khu 'mẫu trưng bày' hoặc chỉ bán online/đặt trước; rà soát loại bớt mã.,9.24,5,0.21000000000000002
71496B,A4 WALL TIDY RED FLOWERS,3,Hàng đuôi dài bán chậm,Không chiếm kệ chính: gom vào khu 'mẫu trưng bày' hoặc chỉ bán online/đặt trước; rà soát loại bớt mã.,8.67,6,0.59
44091A,BLUE CRUSOE CHECK LAMPSHADE,3,Hàng đuôi dài bán chậm,Không chiếm kệ chính: gom vào khu 'mẫu trưng bày' hoặc chỉ bán online/đặt trước; rà soát loại bớt mã.,7.56,6,0.42
84201B,HAPPY BIRTHDAY CARD STRIPEY TEDDY,3,Hàng đuôi dài bán chậm,Không chiếm kệ chính: gom vào khu 'mẫu trưng bày' hoặc chỉ bán online/đặt trước; rà soát loại bớt mã.,7.41,8,0.19
90111,BLUE HIBISCUS  HAIR CLIP,3,Hàng đuôi dài bán chậm,Không chiếm kệ chính: gom vào khu 'mẫu trưng bày' hoặc chỉ bán online/đặt trước; rà soát loại bớt mã.,7.35,6,1.05
20877,MODERN CHRISTMAS BAUBLE CANDLE ,3,Hàng đuôi dài bán chậm,Không chiếm kệ chính: gom vào khu 'mẫu trưng bày' hoặc chỉ bán online/đặt trước; rà soát loại bớt mã.,5.04,5,0.42000000000000004
81953B,ROUND BLUE CLOCK WITH SUCKER,3,Hàng đuôi dài bán chậm,Không chiếm kệ chính: gom vào khu 'mẫu trưng bày' hoặc chỉ bán online/đặt trước; rà soát loại bớt mã.,4.64,6,0.4375
35995,SET/6 BLACK GLITTER REINDEER CANDLE,3,Hàng đuôi dài bán chậm,Không chiếm kệ chính: gom vào khu 'mẫu trưng bày' hoặc chỉ bán online/đặt trước; rà soát loại bớt mã.,3.7800000000000002,5,0.756
16014,SMALL CHINESE STYLE SCISSOR,4,Hàng mua sỉ theo lô,"Kệ dưới / pallet cuối dãy, đóng gói theo thùng-lốc; gắn biển giá theo số lượng.",9513.1,93,0.39526881720430107
51008,AFGHAN SLIPPER SOCK PAIR,4,Hàng mua sỉ theo lô,"Kệ dưới / pallet cuối dãy, đóng gói theo thùng-lốc; gắn biển giá theo số lượng.",8378.8,80,3.4
85220,SMALL FAIRY CAKE FRIDGE MAGNETS,4,Hàng mua sỉ theo lô,"Kệ dưới / pallet cuối dãy, đóng gói theo thùng-lốc; gắn biển giá theo số lượng.",6875.0,5,1.3
85014D,PINK/BROWN DOTS RUFFLED UMBRELLA,4,Hàng mua sỉ theo lô,"Kệ dưới / pallet cuối dãy, đóng gói theo thùng-lốc; gắn biển giá theo số lượng.",6664.45,90,6.064444444444446
23134,LARGE ZINC HEART WALL ORGANISER,4,Hàng mua sỉ theo lô,"Kệ dưới / pallet cuối dãy, đóng gói theo thùng-lốc; gắn biển giá theo số lượng.",6431.110000000001,38,7.9068421052631574
23113,PANTRY CHOPPING BOARD,4,Hàng mua sỉ theo lô,"Kệ dưới / pallet cuối dãy, đóng gói theo thùng-lốc; gắn biển giá theo số lượng.",5868.5,57,6.361754385964912
72756,FAIRY CAKE CANDLES,4,Hàng mua sỉ theo lô,"Kệ dưới / pallet cuối dãy, đóng gói theo thùng-lốc; gắn biển giá theo số lượng.",5459.48,129,1.46953488372093
23135,SMALL ZINC HEART WALL ORGANISER,4,Hàng mua sỉ theo lô,"Kệ dưới / pallet cuối dãy, đóng gói theo thùng-lốc; gắn biển giá theo số lượng.",5416.18,45,5.675777777777777
85184D,S/4 BLUE ROUND DECOUPAGE BOXES,4,Hàng mua sỉ theo lô,"Kệ dưới / pallet cuối dãy, đóng gói theo thùng-lốc; gắn biển giá theo số lượng.",4552.69,67,3.5328358208955226
22053,EMPIRE DESIGN ROSETTE,4,Hàng mua sỉ theo lô,"Kệ dưới / pallet cuối dãy, đóng gói theo thùng-lốc; gắn biển giá theo số lượng.",4020.8899999999994,87,1.508390804597701
23552,BICYCLE PUNCTURE REPAIR KIT ,4,Hàng mua sỉ theo lô,"Kệ dưới / pallet cuối dãy, đóng gói theo thùng-lốc; gắn biển giá theo số lượng.",3881.91,116,2.2640650406504066
37410,BLACK AND WHITE PAISLEY FLOWER MUG,4,Hàng mua sỉ theo lô,"Kệ dưới / pallet cuối dãy, đóng gói theo thùng-lốc; gắn biển giá theo số lượng.",3288.65,33,7.556969696969697
21732,RED HANGING METAL STAR TLIGHT HLDR,4,Hàng mua sỉ theo lô,"Kệ dưới / pallet cuối dãy, đóng gói theo thùng-lốc; gắn biển giá theo số lượng.",3214.57,58,3.8156666666666665
79164,BLACK WINE GLASS,4,Hàng mua sỉ theo lô,"Kệ dưới / pallet cuối dãy, đóng gói theo thùng-lốc; gắn biển giá theo số lượng.",3196.0099999999998,91,6.560434782608695
22702,BLACK AND WHITE CAT BOWL,4,Hàng mua sỉ theo lô,"Kệ dưới / pallet cuối dãy, đóng gói theo thùng-lốc; gắn biển giá theo số lượng.",3156.3199999999997,94,2.176842105263158
22700,BLACK AND WHITE DOG BOWL,4,Hàng mua sỉ theo lô,"Kệ dưới / pallet cuối dãy, đóng gói theo thùng-lốc; gắn biển giá theo số lượng.",3155.4,98,2.8379591836734694
22347,PIZZA SLICE DISH,4,Hàng mua sỉ theo lô,"Kệ dưới / pallet cuối dãy, đóng gói theo thùng-lốc; gắn biển giá theo số lượng.",3119.18,115,1.6625217391304348
23056,FLOWERS CHANDELIER T-LIGHT HOLDER,4,Hàng mua sỉ theo lô,"Kệ dưới / pallet cuối dãy, đóng gói theo thùng-lốc; gắn biển giá theo số lượng.",2898.12,39,6.1842500000000005
22710,WRAP I LOVE LONDON ,4,Hàng mua sỉ theo lô,"Kệ dưới / pallet cuối dãy, đóng gói theo thùng-lốc; gắn biển giá theo số lượng.",2821.28,173,0.4159537572254335
22101,MIRROR MOSAIC VOTIVE HOLDER,4,Hàng mua sỉ theo lô,"Kệ dưới / pallet cuối dãy, đóng gói theo thùng-lốc; gắn biển giá theo số lượng.",2790.27,116,2.3282905982905984
21096,SET/6 FRUIT SALAD  PAPER PLATES,4,Hàng mua sỉ theo lô,"Kệ dưới / pallet cuối dãy, đóng gói theo thùng-lốc; gắn biển giá theo số lượng.",2711.71,143,0.6567832167832168
90057,DIAMANTE RING ASSORTED IN BOX.,4,Hàng mua sỉ theo lô,"Kệ dưới / pallet cuối dãy, đóng gói theo thùng-lốc; gắn biển giá theo số lượng.",2675.88,37,1.7997297297297299
22146,EASTER CRAFT IVY WREATH WITH CHICK,4,Hàng mua sỉ theo lô,"Kệ dưới / pallet cuối dãy, đóng gói theo thùng-lốc; gắn biển giá theo số lượng.",2633.13,107,2.0039449541284404
21422,PORCELAIN ROSE SMALL,4,Hàng mua sỉ theo lô,"Kệ dưới / pallet cuối dãy, đóng gói theo thùng-lốc; gắn biển giá theo số lượng.",2619.17,147,1.0762837837837838
22046,TEA PARTY  WRAPPING PAPER ,4,Hàng mua sỉ theo lô,"Kệ dưới / pallet cuối dãy, đóng gói theo thùng-lốc; gắn biển giá theo số lượng.",2613.5,208,0.41846153846153844
21589,SWALLOW GIANT TUBE MATCHES,4,Hàng mua sỉ theo lô,"Kệ dưới / pallet cuối dãy, đóng gói theo thùng-lốc; gắn biển giá theo số lượng.",2583.4500000000003,88,2.5044943820224717
21653,GLASS ETCHED T-LIGHT HOLDER LARGE,4,Hàng mua sỉ theo lô,"Kệ dưới / pallet cuối dãy, đóng gói theo thùng-lốc; gắn biển giá theo số lượng.",2565.67,111,2.266086956521739
21203,BUTTERFLIES  HONEYCOMB GARLAND,4,Hàng mua sỉ theo lô,"Kệ dưới / pallet cuối dãy, đóng gói theo thùng-lốc; gắn biển giá theo số lượng.",2526.9999999999995,145,2.0413513513513513
23681,LUNCH BAG RED VINTAGE DOILY,4,Hàng mua sỉ theo lô,"Kệ dưới / pallet cuối dãy, đóng gói theo thùng-lốc; gắn biển giá theo số lượng.",2525.04,132,1.8662406015037591
85041,SET/4 PINK ORCHID CANDLES IN BOWL,4,Hàng mua sỉ theo lô,"Kệ dưới / pallet cuối dãy, đóng gói theo thùng-lốc; gắn biển giá theo số lượng.",2489.87,92,1.7864210526315787
84509F,SET OF 4 NEW ENGLAND PLACEMATS,4,Hàng mua sỉ theo lô,"Kệ dưới / pallet cuối dãy, đóng gói theo thùng-lốc; gắn biển giá theo số lượng.",2456.1,46,3.9371739130434786
21747,SMALL SKULL WINDMILL,4,Hàng mua sỉ theo lô,"Kệ dưới / pallet cuối dãy, đóng gói theo thùng-lốc; gắn biển giá theo số lượng.",2452.35,153,1.4423376623376625
22609,PENS ASSORTED SPACEBALL,4,Hàng mua sỉ theo lô,"Kệ dưới / pallet cuối dãy, đóng gói theo thùng-lốc; gắn biển giá theo số lượng.",2414.54,201,0.565
22540,MINI JIGSAW CIRCUS PARADE ,4,Hàng mua sỉ theo lô,"Kệ dưới / pallet cuối dãy, đóng gói theo thùng-lốc; gắn biển giá theo số lượng.",2410.29,189,0.4966315789473684
21540,DAIRY MAID CERAMIC BUTTER DISH,4,Hàng mua sỉ theo lô,"Kệ dưới / pallet cuối dãy, đóng gói theo thùng-lốc; gắn biển giá theo số lượng.",2394.95,87,4.735977011494254
22986,GINGHAM ROSE WRAP,4,Hàng mua sỉ theo lô,"Kệ dưới / pallet cuối dãy, đóng gói theo thùng-lốc; gắn biển giá theo số lượng.",2389.9,204,0.419313725490196
23028,DRAWER KNOB CRACKLE GLAZE BLUE,4,Hàng mua sỉ theo lô,"Kệ dưới / pallet cuối dãy, đóng gói theo thùng-lốc; gắn biển giá theo số lượng.",2377.1299999999997,137,1.9253623188405797
23437, 50'S CHRISTMAS GIFT BAG LARGE,4,Hàng mua sỉ theo lô,"Kệ dưới / pallet cuối dãy, đóng gói theo thùng-lốc; gắn biển giá theo số lượng.",2373.63,131,1.4238931297709925
23498,CLASSIC BICYCLE CLIPS ,4,Hàng mua sỉ theo lô,"Kệ dưới / pallet cuối dãy, đóng gói theo thùng-lốc; gắn biển giá theo số lượng.",2372.68,99,1.657941176470588
23436,VINTAGE CHRISTMAS GIFT BAG LARGE ,4,Hàng mua sỉ theo lô,"Kệ dưới / pallet cuối dãy, đóng gói theo thùng-lốc; gắn biển giá theo số lượng.",2367.39,114,1.4442982456140352
85114A,BLACK ENCHANTED FOREST PLACEMAT,4,Hàng mua sỉ theo lô,"Kệ dưới / pallet cuối dãy, đóng gói theo thùng-lốc; gắn biển giá theo số lượng.",2296.54,120,2.1362499999999995
22409,MONEY BOX BISCUITS DESIGN,4,Hàng mua sỉ theo lô,"Kệ dưới / pallet cuối dãy, đóng gói theo thùng-lốc; gắn biển giá theo số lượng.",2290.46,164,1.551818181818182
23360,SET 8 CANDLES VINTAGE DOILY,4,Hàng mua sỉ theo lô,"Kệ dưới / pallet cuối dãy, đóng gói theo thùng-lốc; gắn biển giá theo số lượng.",2286.4,114,2.0620689655172413
21655,HANGING RIDGE GLASS T-LIGHT HOLDER,4,Hàng mua sỉ theo lô,"Kệ dưới / pallet cuối dãy, đóng gói theo thùng-lốc; gắn biển giá theo số lượng.",2277.5,89,1.9567415730337079
85183A,CHARLIE & LOLA WASTEPAPER BIN BLUE,4,Hàng mua sỉ theo lô,"Kệ dưới / pallet cuối dãy, đóng gói theo thùng-lốc; gắn biển giá theo số lượng.",2275.75,141,2.3574825174825174
85107,CUT GLASS T-LIGHT HOLDER OCTAGON,4,Hàng mua sỉ theo lô,"Kệ dưới / pallet cuối dãy, đóng gói theo thùng-lốc; gắn biển giá theo số lượng.",2274.79,70,2.426944444444444
85172,HYACINTH BULB T-LIGHT CANDLES,4,Hàng mua sỉ theo lô,"Kệ dưới / pallet cuối dãy, đóng gói theo thùng-lốc; gắn biển giá theo số lượng.",2274.56,150,1.2240522875816993
85106,CUT GLASS HEXAGON T-LIGHT HOLDER,4,Hàng mua sỉ theo lô,"Kệ dưới / pallet cuối dãy, đóng gói theo thùng-lốc; gắn biển giá theo số lượng.",2271.24,59,2.4219999999999997
84469,ROSE DES PADDED FLOOR CUSHION,4,Hàng mua sỉ theo lô,"Kệ dưới / pallet cuối dãy, đóng gói theo thùng-lốc; gắn biển giá theo số lượng.",2249.41,44,5.513863636363637
21187,WHITE BELL HONEYCOMB PAPER GARLAND ,4,Hàng mua sỉ theo lô,"Kệ dưới / pallet cuối dãy, đóng gói theo thùng-lốc; gắn biển giá theo số lượng.",2243.7799999999997,144,2.020945945945946
23326,HANGING MINI COLOURED BOTTLES,4,Hàng mua sỉ theo lô,"Kệ dưới / pallet cuối dãy, đóng gói theo thùng-lốc; gắn biển giá theo số lượng.",2237.08,76,2.638026315789473
21398,RED POLKADOT COFFEE  MUG,4,Hàng mua sỉ theo lô,"Kệ dưới / pallet cuối dãy, đóng gói theo thùng-lốc; gắn biển giá theo số lượng.",2231.9,126,1.8902380952380953
23501,KEY RING BASEBALL BOOT UNION JACK,4,Hàng mua sỉ theo lô,"Kệ dưới / pallet cuối dãy, đóng gói theo thùng-lốc; gắn biển giá theo số lượng.",2217.87,112,1.4955263157894738
22711,WRAP CIRCUS PARADE,4,Hàng mua sỉ theo lô,"Kệ dưới / pallet cuối dãy, đóng gói theo thùng-lốc; gắn biển giá theo số lượng.",2210.34,181,0.41911602209944754
23438, RED SPOT GIFT BAG LARGE,4,Hàng mua sỉ theo lô,"Kệ dưới / pallet cuối dãy, đóng gói theo thùng-lốc; gắn biển giá theo số lượng.",2209.92,109,1.370183486238532
17091J,VANILLA INCENSE IN TIN,4,Hàng mua sỉ theo lô,"Kệ dưới / pallet cuối dãy, đóng gói theo thùng-lốc; gắn biển giá theo số lượng.",2204.35,178,0.8962295081967213
21651,HANGING GLASS ETCHED TEALIGHT,4,Hàng mua sỉ theo lô,"Kệ dưới / pallet cuối dãy, đóng gói theo thùng-lốc; gắn biển giá theo số lượng.",2200.3599999999997,124,1.84456
23445,ICE CREAM BUBBLES,4,Hàng mua sỉ theo lô,"Kệ dưới / pallet cuối dãy, đóng gói theo thùng-lốc; gắn biển giá theo số lượng.",2161.24,101,0.8659803921568627
23370,SET 36 COLOURING PENCILS DOILY,4,Hàng mua sỉ theo lô,"Kệ dưới / pallet cuối dãy, đóng gói theo thùng-lốc; gắn biển giá theo số lượng.",2151.6,151,1.538627450980392
23161,REGENCY CAKE FORK,4,Hàng mua sỉ theo lô,"Kệ dưới / pallet cuối dãy, đóng gói theo thùng-lốc; gắn biển giá theo số lượng.",2145.3,98,1.593061224489796
21421,PORCELAIN ROSE LARGE ,4,Hàng mua sỉ theo lô,"Kệ dưới / pallet cuối dãy, đóng gói theo thùng-lốc; gắn biển giá theo số lượng.",2144.48,105,1.5691666666666666
22708,WRAP DOLLY GIRL,4,Hàng mua sỉ theo lô,"Kệ dưới / pallet cuối dãy, đóng gói theo thùng-lốc; gắn biển giá theo số lượng.",2140.5,159,0.4184905660377358
23213,STAR WREATH DECORATION WITH BELL,4,Hàng mua sỉ theo lô,"Kệ dưới / pallet cuối dãy, đóng gói theo thùng-lốc; gắn biển giá theo số lượng.",2138.42,152,1.4865806451612902
84670,JAPANESE CROCHETED ANIMAL,4,Hàng mua sỉ theo lô,"Kệ dưới / pallet cuối dãy, đóng gói theo thùng-lốc; gắn biển giá theo số lượng.",2128.72,182,0.4957671957671958
23251,VINTAGE RED ENAMEL TRIM MUG ,4,Hàng mua sỉ theo lô,"Kệ dưới / pallet cuối dãy, đóng gói theo thùng-lốc; gắn biển giá theo số lượng.",2105.75,120,1.4126666666666667
23233,WRAP POPPIES  DESIGN,4,Hàng mua sỉ theo lô,"Kệ dưới / pallet cuối dãy, đóng gói theo thùng-lốc; gắn biển giá theo số lượng.",2105.5,158,0.41861635220125787
40018F,CHERRY DESIGN PAPERLANTERNS,4,Hàng mua sỉ theo lô,"Kệ dưới / pallet cuối dãy, đóng gói theo thùng-lốc; gắn biển giá theo số lượng.",2100.33,117,2.2838655462184874
72799F,IVORY PILLAR CANDLE GOLD FLOCK,4,Hàng mua sỉ theo lô,"Kệ dưới / pallet cuối dãy, đóng gói theo thùng-lốc; gắn biển giá theo số lượng.",2082.7400000000002,102,3.1107547169811323
21291,SMALL SPOTTY CHOCOLATE GIFT BAG ,4,Hàng mua sỉ theo lô,"Kệ dưới / pallet cuối dãy, đóng gói theo thùng-lốc; gắn biển giá theo số lượng.",2077.93,153,0.9722222222222222
23227,FILIGREE HEART BUTTERFLY WHITE ,4,Hàng mua sỉ theo lô,"Kệ dưới / pallet cuối dãy, đóng gói theo thùng-lốc; gắn biển giá theo số lượng.",2070.06,117,1.5737606837606837
21200,MULTICOLOUR HONEYCOMB PAPER GARLAND,4,Hàng mua sỉ theo lô,"Kệ dưới / pallet cuối dãy, đóng gói theo thùng-lốc; gắn biển giá theo số lượng.",2065.16,126,2.0235433070866145
84990,60 GOLD AND SILVER FAIRY CAKE CASES,4,Hàng mua sỉ theo lô,"Kệ dưới / pallet cuối dãy, đóng gói theo thùng-lốc; gắn biển giá theo số lượng.",2062.19,193,0.6447738693467336
21077,SET/20 WOODLAND PAPER NAPKINS ,4,Hàng mua sỉ theo lô,"Kệ dưới / pallet cuối dãy, đóng gói theo thùng-lốc; gắn biển giá theo số lượng.",2058.1,192,0.9245641025641025
22903,CALENDAR FAMILY FAVOURITES,4,Hàng mua sỉ theo lô,"Kệ dưới / pallet cuối dãy, đóng gói theo thùng-lốc; gắn biển giá theo số lượng.",2053.96,82,3.0365853658536586
23500,KEY RING BASEBALL BOOT ASSORTED ,4,Hàng mua sỉ theo lô,"Kệ dưới / pallet cuối dãy, đóng gói theo thùng-lốc; gắn biển giá theo số lượng.",2038.33,98,1.3861764705882351
23268,SET OF 2 CERAMIC CHRISTMAS REINDEER,4,Hàng mua sỉ theo lô,"Kệ dưới / pallet cuối dãy, đóng gói theo thùng-lốc; gắn biển giá theo số lượng.",2018.1399999999999,89,1.6910112359550562
23529,WALL ART DOLLY GIRL ,4,Hàng mua sỉ theo lô,"Kệ dưới / pallet cuối dãy, đóng gói theo thùng-lốc; gắn biển giá theo số lượng.",2011.9900000000002,37,4.338648648648649
35953,FOLKART STAR CHRISTMAS DECORATIONS,4,Hàng mua sỉ theo lô,"Kệ dưới / pallet cuối dãy, đóng gói theo thùng-lốc; gắn biển giá theo số lượng.",2007.22,155,0.7825316455696203
22932,BAKING MOULD TOFFEE CUP CHOCOLATE,4,Hàng mua sỉ theo lô,"Kệ dưới / pallet cuối dãy, đóng gói theo thùng-lốc; gắn biển giá theo số lượng.",2000.88,72,2.708472222222222
22343,PARTY PIZZA DISH RED RETROSPOT,4,Hàng mua sỉ theo lô,"Kệ dưới / pallet cuối dãy, đóng gói theo thùng-lốc; gắn biển giá theo số lượng.",1985.74,188,0.827659574468085
85217,ASSORTED ICE CREAM FRIDGE MAGNETS,4,Hàng mua sỉ theo lô,"Kệ dưới / pallet cuối dãy, đóng gói theo thùng-lốc; gắn biển giá theo số lượng.",1981.8500000000001,164,1.7262424242424241
23145,ZINC T-LIGHT HOLDER STAR LARGE,4,Hàng mua sỉ theo lô,"Kệ dưới / pallet cuối dãy, đóng gói theo thùng-lốc; gắn biển giá theo số lượng.",1979.4799999999998,169,1.0791764705882354
20871,OPULENT VELVET SET/3 CANDLES,4,Hàng mua sỉ theo lô,"Kệ dưới / pallet cuối dãy, đóng gói theo thùng-lốc; gắn biển giá theo số lượng.",1978.0500000000002,127,2.688372093023256
22599,CHRISTMAS MUSICAL ZINC STAR,4,Hàng mua sỉ theo lô,"Kệ dưới / pallet cuối dãy, đóng gói theo thùng-lốc; gắn biển giá theo số lượng.",1976.8799999999999,189,0.7351832460732983
17084R,ASSORTED INCENSE PACK,4,Hàng mua sỉ theo lô,"Kệ dưới / pallet cuối dãy, đóng gói theo thùng-lốc; gắn biển giá theo số lượng.",1968.45,66,0.20318181818181819
23374,RED SPOT PAPER GIFT BAG,4,Hàng mua sỉ theo lô,"Kệ dưới / pallet cuối dãy, đóng gói theo thùng-lốc; gắn biển giá theo số lượng.",1962.83,131,0.867175572519084
21082,SET/20 FRUIT SALAD PAPER NAPKINS ,4,Hàng mua sỉ theo lô,"Kệ dưới / pallet cuối dãy, đóng gói theo thùng-lốc; gắn biển giá theo số lượng.",1960.45,163,1.0707272727272727
23228,FILIGREE HEART BIRD WHITE ,4,Hàng mua sỉ theo lô,"Kệ dưới / pallet cuối dãy, đóng gói theo thùng-lốc; gắn biển giá theo số lượng.",1960.0,125,1.7907142857142857
21538,DAIRY MAID  PUDDING BOWL,4,Hàng mua sỉ theo lô,"Kệ dưới / pallet cuối dãy, đóng gói theo thùng-lốc; gắn biển giá theo số lượng.",1924.51,51,4.00764705882353
40001,WHITE BAMBOO RIBS LAMPSHADE,4,Hàng mua sỉ theo lô,"Kệ dưới / pallet cuối dãy, đóng gói theo thùng-lốc; gắn biển giá theo số lượng.",1911.6499999999999,121,1.0641322314049586
85162B,BLACK RETRODISC LAMPSHADE,4,Hàng mua sỉ theo lô,"Kệ dưới / pallet cuối dãy, đóng gói theo thùng-lốc; gắn biển giá theo số lượng.",1905.15,13,1.9499999999999997
23155,KNICKERBOCKERGLORY MAGNET ASSORTED ,4,Hàng mua sỉ theo lô,"Kệ dưới / pallet cuối dãy, đóng gói theo thùng-lốc; gắn biển giá theo số lượng.",1904.77,135,1.472074074074074
22985,"WRAP, BILLBOARD FONTS DESIGN",4,Hàng mua sỉ theo lô,"Kệ dưới / pallet cuối dãy, đóng gói theo thùng-lốc; gắn biển giá theo số lượng.",1895.24,136,0.4188235294117647
16169E,WRAP 50'S  CHRISTMAS,4,Hàng mua sỉ theo lô,"Kệ dưới / pallet cuối dãy, đóng gói theo thùng-lốc; gắn biển giá theo số lượng.",1892.46,149,0.41919999999999996
21445,12 PINK ROSE PEG PLACE SETTINGS,4,Hàng mua sỉ theo lô,"Kệ dưới / pallet cuối dãy, đóng gói theo thùng-lốc; gắn biển giá theo số lượng.",1887.23,146,1.5165068493150684
23434,3 RAFFIA RIBBONS 50'S CHRISTMAS ,4,Hàng mua sỉ theo lô,"Kệ dưới / pallet cuối dãy, đóng gói theo thùng-lốc; gắn biển giá theo số lượng.",1884.17,199,0.8802
84856S,SMALL TAHITI BEACH BAG,4,Hàng mua sỉ theo lô,"Kệ dưới / pallet cuối dãy, đóng gói theo thùng-lốc; gắn biển giá theo số lượng.",1877.21,33,4.978787878787879
21085,SET/6 WOODLAND PAPER CUPS,4,Hàng mua sỉ theo lô,"Kệ dưới / pallet cuối dãy, đóng gói theo thùng-lốc; gắn biển giá theo số lượng.",1872.68,66,0.7726470588235294
16016,LARGE CHINESE STYLE SCISSOR,4,Hàng mua sỉ theo lô,"Kệ dưới / pallet cuối dãy, đóng gói theo thùng-lốc; gắn biển giá theo số lượng.",1870.7,106,0.8401886792452831
23090,VINTAGE GLASS T-LIGHT HOLDER,4,Hàng mua sỉ theo lô,"Kệ dưới / pallet cuối dãy, đóng gói theo thùng-lốc; gắn biển giá theo số lượng.",1870.0299999999997,149,0.9790131578947369
21091,SET/6 WOODLAND PAPER PLATES,4,Hàng mua sỉ theo lô,"Kệ dưới / pallet cuối dãy, đóng gói theo thùng-lốc; gắn biển giá theo số lượng.",1868.7,47,1.0289583333333334
23359,SET OF 12 T-LIGHTS VINTAGE DOILY,4,Hàng mua sỉ theo lô,"Kệ dưới / pallet cuối dãy, đóng gói theo thùng-lốc; gắn biển giá theo số lượng.",1866.4599999999998,79,1.9862025316455696
21394,RED POLKADOT BEAKER ,4,Hàng mua sỉ theo lô,"Kệ dưới / pallet cuối dãy, đóng gói theo thùng-lốc; gắn biển giá theo số lượng.",1864.6299999999999,150,0.7890666666666667
23525,WALL ART BUFFALO BILL ,4,Hàng mua sỉ theo lô,"Kệ dưới / pallet cuối dãy, đóng gói theo thùng-lốc; gắn biển giá theo số lượng.",1863.8200000000002,53,4.1639622641509435
21287,SCENTED VELVET LOUNGE CANDLE ,4,Hàng mua sỉ theo lô,"Kệ dưới / pallet cuối dãy, đóng gói theo thùng-lốc; gắn biển giá theo số lượng.",1860.0,93,0.8480645161290323
85162C,WHITE RETRODISC LAMPSHADE,4,Hàng mua sỉ theo lô,"Kệ dưới / pallet cuối dãy, đóng gói theo thùng-lốc; gắn biển giá theo số lượng.",1841.7,46,3.1149999999999998
23378,PACK OF 12 50'S CHRISTMAS TISSUES,4,Hàng mua sỉ theo lô,"Kệ dưới / pallet cuối dãy, đóng gói theo thùng-lốc; gắn biển giá theo số lượng.",1840.08,176,0.46322404371584697
21088,SET/6 FRUIT SALAD PAPER CUPS,4,Hàng mua sỉ theo lô,"Kệ dưới / pallet cuối dãy, đóng gói theo thùng-lốc; gắn biển giá theo số lượng.",1816.73,136,0.47226277372262776
21384,IVORY HANGING DECORATION  BUTTERFLY,4,Hàng mua sỉ theo lô,"Kệ dưới / pallet cuối dãy, đóng gói theo thùng-lốc; gắn biển giá theo số lượng.",1810.1899999999998,150,1.048157894736842
90167,BEADED LOVE HEART JEWELLERY SET,4,Hàng mua sỉ theo lô,"Kệ dưới / pallet cuối dãy, đóng gói theo thùng-lốc; gắn biển giá theo số lượng.",1801.1699999999998,111,1.088198198198198
21280,VINTAGE KITCHEN PRINT VEGETABLES,4,Hàng mua sỉ theo lô,"Kệ dưới / pallet cuối dãy, đóng gói theo thùng-lốc; gắn biển giá theo số lượng.",1800.44,70,2.9934285714285713
23160,REGENCY TEA SPOON,4,Hàng mua sỉ theo lô,"Kệ dưới / pallet cuối dãy, đóng gói theo thùng-lốc; gắn biển giá theo số lượng.",1794.48,76,1.4881578947368421
22254,FELT TOADSTOOL LARGE,4,Hàng mua sỉ theo lô,"Kệ dưới / pallet cuối dãy, đóng gói theo thùng-lốc; gắn biển giá theo số lượng.",1792.21,148,1.5208
22922,FRIDGE MAGNETS US DINER ASSORTED,4,Hàng mua sỉ theo lô,"Kệ dưới / pallet cuối dãy, đóng gói theo thùng-lốc; gắn biển giá theo số lượng.",1789.1999999999998,113,1.6745132743362832
22533,MAGIC DRAWING SLATE BAKE A CAKE ,4,Hàng mua sỉ theo lô,"Kệ dưới / pallet cuối dãy, đóng gói theo thùng-lốc; gắn biển giá theo số lượng.",1783.36,231,0.4754237288135593
84748,FOLK FELT HANGING MULTICOL GARLAND,4,Hàng mua sỉ theo lô,"Kệ dưới / pallet cuối dãy, đóng gói theo thùng-lốc; gắn biển giá theo số lượng.",1781.12,93,3.4468085106382977
20729,RED SPOTTY CANDY BAG,4,Hàng mua sỉ theo lô,"Kệ dưới / pallet cuối dãy, đóng gói theo thùng-lốc; gắn biển giá theo số lượng.",1778.12,121,1.4020661157024794
23057,BEADED CHANDELIER T-LIGHT HOLDER,4,Hàng mua sỉ theo lô,"Kệ dưới / pallet cuối dãy, đóng gói theo thùng-lốc; gắn biển giá theo số lượng.",1768.67,45,4.781555555555556
84507B,STRIPES DESIGN MONKEY DOLL,4,Hàng mua sỉ theo lô,"Kệ dưới / pallet cuối dãy, đóng gói theo thùng-lốc; gắn biển giá theo số lượng.",1764.03,115,2.9207758620689654
22546,MINI JIGSAW PURDEY,4,Hàng mua sỉ theo lô,"Kệ dưới / pallet cuối dãy, đóng gói theo thùng-lốc; gắn biển giá theo số lượng.",1760.8,181,0.5167582417582417
22103,MIRROR MOSAIC T-LIGHT HOLDER ROUND,4,Hàng mua sỉ theo lô,"Kệ dưới / pallet cuối dãy, đóng gói theo thùng-lốc; gắn biển giá theo số lượng.",1760.6399999999999,71,2.047042253521127
37343,SPOTS DESIGN MUG W PINK INSIDE,4,Hàng mua sỉ theo lô,"Kệ dưới / pallet cuối dãy, đóng gói theo thùng-lốc; gắn biển giá theo số lượng.",1759.04,104,2.0845192307692306
23372,SET 36 COLOUR PENCILS DOLLY GIRL,4,Hàng mua sỉ theo lô,"Kệ dưới / pallet cuối dãy, đóng gói theo thùng-lốc; gắn biển giá theo số lượng.",1750.29,147,1.6135761589403974
21652,GLASS ETCHED T-LIGHT HOLDER MEDIUM,4,Hàng mua sỉ theo lô,"Kệ dưới / pallet cuối dãy, đóng gói theo thùng-lốc; gắn biển giá theo số lượng.",1747.9399999999998,78,2.098860759493671
85060,WOOD FAN WITH FLOWER DESIGN,4,Hàng mua sỉ theo lô,"Kệ dưới / pallet cuối dãy, đóng gói theo thùng-lốc; gắn biển giá theo số lượng.",1745.62,87,1.405909090909091
21637,ASSORTED SANSKRIT MINI NOTEBOOK,4,Hàng mua sỉ theo lô,"Kệ dưới / pallet cuối dãy, đóng gói theo thùng-lốc; gắn biển giá theo số lượng.",1741.72,93,1.8408602150537634
37342,POLKADOT COFFEE CUP & SAUCER PINK,4,Hàng mua sỉ theo lô,"Kệ dưới / pallet cuối dãy, đóng gói theo thùng-lốc; gắn biển giá theo số lượng.",1731.4,131,2.103712121212121
23122,PARTY CHARMS 50 PIECES,4,Hàng mua sỉ theo lô,"Kệ dưới / pallet cuối dãy, đóng gói theo thùng-lốc; gắn biển giá theo số lượng.",1726.09,133,1.0386029411764706
21281,VINTAGE KITCHEN PRINT SEAFOOD,4,Hàng mua sỉ theo lô,"Kệ dưới / pallet cuối dãy, đóng gói theo thùng-lốc; gắn biển giá theo số lượng.",1716.8,67,3.4729850746268656
10125,MINI FUNKY DESIGN TAPES,4,Hàng mua sỉ theo lô,"Kệ dưới / pallet cuối dãy, đóng gói theo thùng-lốc; gắn biển giá theo số lượng.",1715.78,167,0.930635838150289
22319,HAIRCLIPS FORTIES FABRIC ASSORTED,4,Hàng mua sỉ theo lô,"Kệ dưới / pallet cuối dãy, đóng gói theo thùng-lốc; gắn biển giá theo số lượng.",1698.0400000000002,174,0.80816091954023
22706,WRAP COWBOYS  ,4,Hàng mua sỉ theo lô,"Kệ dưới / pallet cuối dãy, đóng gói theo thùng-lốc; gắn biển giá theo số lượng.",1693.24,125,0.41744
85221,ASSORTED COLOUR SILK COIN PURSE,4,Hàng mua sỉ theo lô,"Kệ dưới / pallet cuối dãy, đóng gói theo thùng-lốc; gắn biển giá theo số lượng.",1685.46,47,1.0245833333333334
72816,SET/3 CHRISTMAS DECOUPAGE CANDLES,4,Hàng mua sỉ theo lô,"Kệ dưới / pallet cuối dãy, đóng gói theo thùng-lốc; gắn biển giá theo số lượng.",1671.52,136,1.9589705882352941
21284,RETROSPOT CANDLE  SMALL,4,Hàng mua sỉ theo lô,"Kệ dưới / pallet cuối dãy, đóng gói theo thùng-lốc; gắn biển giá theo số lượng.",1668.72,140,1.9638571428571427
23366,SET 12 COLOURING PENCILS DOILY,4,Hàng mua sỉ theo lô,"Kệ dưới / pallet cuối dãy, đóng gói theo thùng-lốc; gắn biển giá theo số lượng.",1667.95,195,0.8156565656565656
21278,VINTAGE KITCHEN PRINT PUDDINGS,4,Hàng mua sỉ theo lô,"Kệ dưới / pallet cuối dãy, đóng gói theo thùng-lốc; gắn biển giá theo số lượng.",1654.4499999999998,118,3.509159663865546
21294,ETCHED GLASS COASTER,4,Hàng mua sỉ theo lô,"Kệ dưới / pallet cuối dãy, đóng gói theo thùng-lốc; gắn biển giá theo số lượng.",1653.75,139,1.1270921985815603
23505,PLAYING CARDS I LOVE LONDON ,4,Hàng mua sỉ theo lô,"Kệ dưới / pallet cuối dãy, đóng gói theo thùng-lốc; gắn biển giá theo số lượng.",1651.29,115,1.3546153846153848
21426,WOODLAND STORAGE BOX SMALL,4,Hàng mua sỉ theo lô,"Kệ dưới / pallet cuối dãy, đóng gói theo thùng-lốc; gắn biển giá theo số lượng.",1647.0700000000002,99,3.2193069306930693
23270,SET OF 2 CERAMIC PAINTED HEARTS ,4,Hàng mua sỉ theo lô,"Kệ dưới / pallet cuối dãy, đóng gói theo thùng-lốc; gắn biển giá theo số lượng.",1646.32,125,1.501171875
37441,ASSORTED WHITE EMBOSSED CHINA MUGS,4,Hàng mua sỉ theo lô,"Kệ dưới / pallet cuối dãy, đóng gói theo thùng-lốc; gắn biển giá theo số lượng.",1639.8000000000002,54,5.037777777777778
23483,HANGING  BUTTERFLY T-LIGHT HOLDER,4,Hàng mua sỉ theo lô,"Kệ dưới / pallet cuối dãy, đóng gói theo thùng-lốc; gắn biển giá theo số lượng.",1636.36,73,2.409054054054054
21541,DINOSAURS WATER TRANSFER TATTOOS ,4,Hàng mua sỉ theo lô,"Kệ dưới / pallet cuối dãy, đóng gói theo thùng-lốc; gắn biển giá theo số lượng.",1636.24,201,1.0449261083743842
21593,SWALLOW CIGAR BOX MATCHES ,4,Hàng mua sỉ theo lô,"Kệ dưới / pallet cuối dãy, đóng gói theo thùng-lốc; gắn biển giá theo số lượng.",1629.31,94,1.2480208333333334
85160A,WHITE BIRD GARDEN DESIGN MUG,4,Hàng mua sỉ theo lô,"Kệ dưới / pallet cuối dãy, đóng gói theo thùng-lốc; gắn biển giá theo số lượng.",1622.7900000000002,35,6.327714285714285
21279,VINTAGE KITCHEN PRINT FRUITS,4,Hàng mua sỉ theo lô,"Kệ dưới / pallet cuối dãy, đóng gói theo thùng-lốc; gắn biển giá theo số lượng.",1621.83,101,3.595346534653465
23280,FOLDING BUTTERFLY MIRROR HOT PINK ,4,Hàng mua sỉ theo lô,"Kệ dưới / pallet cuối dãy, đóng gói theo thùng-lốc; gắn biển giá theo số lượng.",1614.16,157,1.0603164556962026
23217,LAUREL HEART ANTIQUE SILVER,4,Hàng mua sỉ theo lô,"Kệ dưới / pallet cuối dãy, đóng gói theo thùng-lốc; gắn biển giá theo số lượng.",1613.82,97,1.5415151515151517
23287,RED VINTAGE SPOT BEAKER,4,Hàng mua sỉ theo lô,"Kệ dưới / pallet cuối dãy, đóng gói theo thùng-lốc; gắn biển giá theo số lượng.",1603.3899999999999,198,1.03395
21542,WOODLAND WATER TRANSFER TATTOOS ,4,Hàng mua sỉ theo lô,"Kệ dưới / pallet cuối dãy, đóng gói theo thùng-lốc; gắn biển giá theo số lượng.",1600.75,190,1.016020942408377
23226,FILIGREE HEART DAISY WHITE,4,Hàng mua sỉ theo lô,"Kệ dưới / pallet cuối dãy, đóng gói theo thùng-lốc; gắn biển giá theo số lượng.",1596.67,98,1.5736363636363635
35160,BUDDHA INCENSE HOLDER ASSORTED,4,Hàng mua sỉ theo lô,"Kệ dưới / pallet cuối dãy, đóng gói theo thùng-lốc; gắn biển giá theo số lượng.",1590.6399999999999,56,0.8171428571428571
85170A,SET/6 IVORY BIRD T-LIGHT CANDLES,4,Hàng mua sỉ theo lô,"Kệ dưới / pallet cuối dãy, đóng gói theo thùng-lốc; gắn biển giá theo số lượng.",1585.06,84,2.5583333333333336
23369,SET 36 COLOUR PENCILS LOVE LONDON,4,Hàng mua sỉ theo lô,"Kệ dưới / pallet cuối dãy, đóng gói theo thùng-lốc; gắn biển giá theo số lượng.",1581.06,126,1.4970542635658914
85222,ASSORTED COLOUR SILK COSMETIC PURSE,4,Hàng mua sỉ theo lô,"Kệ dưới / pallet cuối dãy, đóng gói theo thùng-lốc; gắn biển giá theo số lượng.",1579.68,50,2.2184615384615385
22608,PENS ASSORTED FUNKY JEWELED ,4,Hàng mua sỉ theo lô,"Kệ dưới / pallet cuối dãy, đóng gói theo thùng-lốc; gắn biển giá theo số lượng.",1573.81,170,0.462235294117647
21092,SET/6 STRAWBERRY PAPER PLATES,4,Hàng mua sỉ theo lô,"Kệ dưới / pallet cuối dãy, đóng gói theo thùng-lốc; gắn biển giá theo số lượng.",1571.5,28,1.1092857142857142
22705,WRAP GREEN PEARS ,4,Hàng mua sỉ theo lô,"Kệ dưới / pallet cuối dãy, đóng gói theo thùng-lốc; gắn biển giá theo số lượng.",1567.86,151,0.42
85194L,HANGING SPRING FLOWER EGG LARGE,4,Hàng mua sỉ theo lô,"Kệ dưới / pallet cuối dãy, đóng gói theo thùng-lốc; gắn biển giá theo số lượng.",1560.6299999999999,147,1.0477551020408162
21276,TWO EMBOSSED HEART MINI DRAWERS,4,Hàng mua sỉ theo lô,"Kệ dưới / pallet cuối dãy, đóng gói theo thùng-lốc; gắn biển giá theo số lượng.",1558.94,29,4.253103448275862
21399,BLUE POLKADOT COFFEE MUG,4,Hàng mua sỉ theo lô,"Kệ dưới / pallet cuối dãy, đóng gói theo thùng-lốc; gắn biển giá theo số lượng.",1550.44,118,1.5271186440677968
21289,LARGE STRIPES CHOCOLATE GIFT BAG,4,Hàng mua sỉ theo lô,"Kệ dưới / pallet cuối dãy, đóng gói theo thùng-lốc; gắn biển giá theo số lượng.",1549.31,102,1.3087254901960785
16033,MINI HIGHLIGHTER PENS,4,Hàng mua sỉ theo lô,"Kệ dưới / pallet cuối dãy, đóng gói theo thùng-lốc; gắn biển giá theo số lượng.",1544.52,50,0.11639999999999999
75131,METAL TUBE CHIME ON BAMBOO,4,Hàng mua sỉ theo lô,"Kệ dưới / pallet cuối dãy, đóng gói theo thùng-lốc; gắn biển giá theo số lượng.",1543.03,68,1.700735294117647
23267,SET OF 4 SANTA PLACE SETTINGS,4,Hàng mua sỉ theo lô,"Kệ dưới / pallet cuối dãy, đóng gói theo thùng-lốc; gắn biển giá theo số lượng.",1531.95,108,1.4116216216216215
72008,FROSTED BOX 9 WHITE T-LIGHT CANDLES,4,Hàng mua sỉ theo lô,"Kệ dưới / pallet cuối dãy, đóng gói theo thùng-lốc; gắn biển giá theo số lượng.",1531.3999999999999,215,0.441
23250,VINTAGE RED TRIM ENAMEL BOWL ,4,Hàng mua sỉ theo lô,"Kệ dưới / pallet cuối dãy, đóng gói theo thùng-lốc; gắn biển giá theo số lượng.",1531.03,110,1.4680909090909091
22288,HANGING METAL RABBIT DECORATION,4,Hàng mua sỉ theo lô,"Kệ dưới / pallet cuối dãy, đóng gói theo thùng-lốc; gắn biển giá theo số lượng.",1525.99,119,1.5634400000000002
22337,ANGEL DECORATION PAINTED ZINC ,4,Hàng mua sỉ theo lô,"Kệ dưới / pallet cuối dãy, đóng gói theo thùng-lốc; gắn biển giá theo số lượng.",1522.52,146,0.7340939597315437
21099,SET/6 STRAWBERRY PAPER CUPS,4,Hàng mua sỉ theo lô,"Kệ dưới / pallet cuối dãy, đóng gói theo thùng-lốc; gắn biển giá theo số lượng.",1516.64,33,0.755
85177,BASKET OF FLOWERS SEWING KIT,4,Hàng mua sỉ theo lô,"Kệ dưới / pallet cuối dãy, đóng gói theo thùng-lốc; gắn biển giá theo số lượng.",1514.78,143,0.9903496503496504
21785,RAIN PONCHO ,4,Hàng mua sỉ theo lô,"Kệ dưới / pallet cuối dãy, đóng gói theo thùng-lốc; gắn biển giá theo số lượng.",1514.63,100,0.9908910891089109
21146,ANTIQUE GLASS RIDGED HANGING BALL,4,Hàng mua sỉ theo lô,"Kệ dưới / pallet cuối dãy, đóng gói theo thùng-lốc; gắn biển giá theo số lượng.",1513.6699999999998,58,2.179655172413793
22137,BATHROOM SET LOVE HEART DESIGN,4,Hàng mua sỉ theo lô,"Kệ dưới / pallet cuối dãy, đóng gói theo thùng-lốc; gắn biển giá theo số lượng.",1508.28,43,3.616046511627907
21634,ASSORTED MINI MADRAS NOTEBOOK,4,Hàng mua sỉ theo lô,"Kệ dưới / pallet cuối dãy, đóng gói theo thùng-lốc; gắn biển giá theo số lượng.",1507.74,69,1.363768115942029
84526,GIANT BLACK SUNGLASSES,4,Hàng mua sỉ theo lô,"Kệ dưới / pallet cuối dãy, đóng gói theo thùng-lốc; gắn biển giá theo số lượng.",1503.6399999999999,34,2.112058823529412
23271,CHRISTMAS TABLE SILVER CANDLE SPIKE,4,Hàng mua sỉ theo lô,"Kệ dưới / pallet cuối dãy, đóng gói theo thùng-lốc; gắn biển giá theo số lượng.",1496.8899999999999,104,1.0537735849056602
21009,ETCHED GLASS STAR TREE DECORATION,4,Hàng mua sỉ theo lô,"Kệ dưới / pallet cuối dãy, đóng gói theo thùng-lốc; gắn biển giá theo số lượng.",1494.99,102,1.4825714285714284
21066,VINTAGE RED MUG,4,Hàng mua sỉ theo lô,"Kệ dưới / pallet cuối dãy, đóng gói theo thùng-lốc; gắn biển giá theo số lượng.",1494.67,131,1.2776335877862597
23334,IVORY WICKER HEART SMALL,4,Hàng mua sỉ theo lô,"Kệ dưới / pallet cuối dãy, đóng gói theo thùng-lốc; gắn biển giá theo số lượng.",1491.75,130,0.7883823529411764
21392,RED SPOTTY PUDDING BOWL,4,Hàng mua sỉ theo lô,"Kệ dưới / pallet cuối dãy, đóng gói theo thùng-lốc; gắn biển giá theo số lượng.",1478.13,48,2.3816326530612244
22915,ASSORTED BOTTLE TOP  MAGNETS ,4,Hàng mua sỉ theo lô,"Kệ dưới / pallet cuối dãy, đóng gói theo thùng-lốc; gắn biển giá theo số lượng.",1474.52,194,1.1767692307692308
21198,WHITE HEART CONFETTI IN TUBE,4,Hàng mua sỉ theo lô,"Kệ dưới / pallet cuối dãy, đóng gói theo thùng-lốc; gắn biển giá theo số lượng.",1472.3,118,1.7450420168067227
20734,SILVER MINI TAPE MEASURE ,4,Hàng mua sỉ theo lô,"Kệ dưới / pallet cuối dãy, đóng gói theo thùng-lốc; gắn biển giá theo số lượng.",1470.62,117,1.3161016949152542
21869,POTTING SHED COFFEE MUG,4,Hàng mua sỉ theo lô,"Kệ dưới / pallet cuối dãy, đóng gói theo thùng-lốc; gắn biển giá theo số lượng.",1469.5800000000002,111,1.348125
85198,ASSORTED FARMYARD ANIMALS IN BUCKET,4,Hàng mua sỉ theo lô,"Kệ dưới / pallet cuối dãy, đóng gói theo thùng-lốc; gắn biển giá theo số lượng.",1469.4999999999998,51,1.0133962264150944
23365,SET 12 COLOUR PENCILS LOVE LONDON,4,Hàng mua sỉ theo lô,"Kệ dưới / pallet cuối dãy, đóng gói theo thùng-lốc; gắn biển giá theo số lượng.",1463.0800000000002,169,0.7943930635838151
79030G,"TUMBLER, NEW ENGLAND",4,Hàng mua sỉ theo lô,"Kệ dưới / pallet cuối dãy, đóng gói theo thùng-lốc; gắn biển giá theo số lượng.",1462.9499999999998,121,2.9666942148760334
22052,VINTAGE CARAVAN GIFT WRAP,4,Hàng mua sỉ theo lô,"Kệ dưới / pallet cuối dãy, đóng gói theo thùng-lốc; gắn biển giá theo số lượng.",1460.5,128,0.41812499999999997
23086,ZINC  STAR T-LIGHT HOLDER ,4,Hàng mua sỉ theo lô,"Kệ dưới / pallet cuối dãy, đóng gói theo thùng-lốc; gắn biển giá theo số lượng.",1451.43,47,1.5197872340425533
22157,ANGEL DECORATION WITH LACE PADDED,4,Hàng mua sỉ theo lô,"Kệ dưới / pallet cuối dãy, đóng gói theo thùng-lốc; gắn biển giá theo số lượng.",1451.3999999999999,124,0.894296875
23034,DRAWER KNOB CERAMIC BLACK,4,Hàng mua sỉ theo lô,"Kệ dưới / pallet cuối dãy, đóng gói theo thùng-lốc; gắn biển giá theo số lượng.",1448.6699999999998,88,1.6273333333333335
22390,PAPERWEIGHT CHILDHOOD MEMORIES,4,Hàng mua sỉ theo lô,"Kệ dưới / pallet cuối dãy, đóng gói theo thùng-lốc; gắn biển giá theo số lượng.",1448.52,83,2.6522891566265057
22287,"DECORATION , WOBBLY CHICKEN, METAL ",4,Hàng mua sỉ theo lô,"Kệ dưới / pallet cuối dãy, đóng gói theo thùng-lốc; gắn biển giá theo số lượng.",1435.7499999999998,121,1.677685950413223
22316,200 BENDY SKULL STRAWS,4,Hàng mua sỉ theo lô,"Kệ dưới / pallet cuối dãy, đóng gói theo thùng-lốc; gắn biển giá theo số lượng.",1432.82,119,1.4029411764705881
21292,SMALL STRIPES CHOCOLATE GIFT BAG ,4,Hàng mua sỉ theo lô,"Kệ dưới / pallet cuối dãy, đóng gói theo thùng-lốc; gắn biển giá theo số lượng.",1427.11,91,0.8146153846153845
22396,MAGNETS PACK OF 4 RETRO PHOTO,4,Hàng mua sỉ theo lô,"Kệ dưới / pallet cuối dãy, đóng gói theo thùng-lốc; gắn biển giá theo số lượng.",1427.08,184,0.9205945945945946
85167B,BLACK GRAND BAROQUE PHOTO FRAME,4,Hàng mua sỉ theo lô,"Kệ dưới / pallet cuối dãy, đóng gói theo thùng-lốc; gắn biển giá theo số lượng.",1426.34,59,4.181
23249,VINTAGE RED ENAMEL TRIM PLATE,4,Hàng mua sỉ theo lô,"Kệ dưới / pallet cuối dãy, đóng gói theo thùng-lốc; gắn biển giá theo số lượng.",1426.1,81,1.8880246913580248
21807,WHITE CHRISTMAS STAR DECORATION,4,Hàng mua sỉ theo lô,"Kệ dưới / pallet cuối dãy, đóng gói theo thùng-lốc; gắn biển giá theo số lượng.",1422.45,172,0.5124719101123596
22545,MINI JIGSAW BUNNIES,4,Hàng mua sỉ theo lô,"Kệ dưới / pallet cuối dãy, đóng gói theo thùng-lốc; gắn biển giá theo số lượng.",1421.06,184,0.5332972972972972
21532,DAIRY MAID SUGAR JAM BOWL,4,Hàng mua sỉ theo lô,"Kệ dưới / pallet cuối dãy, đóng gói theo thùng-lốc; gắn biển giá theo số lượng.",1419.71,90,2.386413043478261
20840,FRENCH FLORAL CUSHION COVER ,4,Hàng mua sỉ theo lô,"Kệ dưới / pallet cuối dãy, đóng gói theo thùng-lốc; gắn biển giá theo số lượng.",1419.09,93,2.1470212765957446
15034,PAPER POCKET TRAVELING FAN ,4,Hàng mua sỉ theo lô,"Kệ dưới / pallet cuối dãy, đóng gói theo thùng-lốc; gắn biển giá theo số lượng.",1416.2600000000002,255,0.357265625
85071A,BLUE CHARLIE+LOLA PERSONAL DOORSIGN,4,Hàng mua sỉ theo lô,"Kệ dưới / pallet cuối dãy, đóng gói theo thùng-lốc; gắn biển giá theo số lượng.",1415.69,147,1.2626845637583894
47503A,ASS FLORAL PRINT MULTI SCREWDRIVER,4,Hàng mua sỉ theo lô,"Kệ dưới / pallet cuối dãy, đóng gói theo thùng-lốc; gắn biển giá theo số lượng.",1405.51,195,0.63315
23119,PACK OF 6 LARGE FRUIT STRAWS ,4,Hàng mua sỉ theo lô,"Kệ dưới / pallet cuối dãy, đóng gói theo thùng-lốc; gắn biển giá theo số lượng.",1401.7,151,0.7791390728476821
21395,BLUE POLKADOT BEAKER ,4,Hàng mua sỉ theo lô,"Kệ dưới / pallet cuối dãy, đóng gói theo thùng-lốc; gắn biển giá theo số lượng.",1401.6,115,0.906695652173913
21910,WAY OUT METAL SIGN ,4,Hàng mua sỉ theo lô,"Kệ dưới / pallet cuối dãy, đóng gói theo thùng-lốc; gắn biển giá theo số lượng.",1398.1799999999998,111,1.7615315315315316
23055,IVORY CHANDELIER T-LIGHT HOLDER,4,Hàng mua sỉ theo lô,"Kệ dưới / pallet cuối dãy, đóng gói theo thùng-lốc; gắn biển giá theo số lượng.",1395.18,38,5.62125
47503K,ASSORTED FLORAL SECATEURS,4,Hàng mua sỉ theo lô,"Kệ dưới / pallet cuối dãy, đóng gói theo thùng-lốc; gắn biển giá theo số lượng.",1389.44,42,2.262325581395349
22339,CHRISTMAS TREE PAINTED ZINC ,4,Hàng mua sỉ theo lô,"Kệ dưới / pallet cuối dãy, đóng gói theo thùng-lốc; gắn biển giá theo số lượng.",1385.46,145,0.5729139072847682
23376,PACK OF 12 VINTAGE CHRISTMAS TISSUE,4,Hàng mua sỉ theo lô,"Kệ dưới / pallet cuối dãy, đóng gói theo thùng-lốc; gắn biển giá theo số lượng.",1384.9099999999999,155,0.5079245283018868
21011,GLITTER SNOW PEAR TREE DECORATION,4,Hàng mua sỉ theo lô,"Kệ dưới / pallet cuối dãy, đóng gói theo thùng-lốc; gắn biển giá theo số lượng.",1373.8,118,1.2534920634920634
22984,CARD GINGHAM ROSE ,4,Hàng mua sỉ theo lô,"Kệ dưới / pallet cuối dãy, đóng gói theo thùng-lốc; gắn biển giá theo số lượng.",1370.73,214,0.4750467289719626
21209,MULTICOLOUR HONEYCOMB FAN,4,Hàng mua sỉ theo lô,"Kệ dưới / pallet cuối dãy, đóng gói theo thùng-lốc; gắn biển giá theo số lượng.",1368.04,137,1.7460583941605838
23546,WRAP PAISLEY PARK ,4,Hàng mua sỉ theo lô,"Kệ dưới / pallet cuối dãy, đóng gói theo thùng-lốc; gắn biển giá theo số lượng.",1365.0,120,0.42
23221,REINDEER HEART DECORATION SILVER,4,Hàng mua sỉ theo lô,"Kệ dưới / pallet cuối dãy, đóng gói theo thùng-lốc; gắn biển giá theo số lượng.",1363.04,145,1.0762416107382549
35649,VINTAGE BEAD COSMETIC BAG ,4,Hàng mua sỉ theo lô,"Kệ dưới / pallet cuối dãy, đóng gói theo thùng-lốc; gắn biển giá theo số lượng.",1362.8999999999999,53,3.0605555555555557
21684,SMALL MEDINA STAMPED METAL BOWL ,4,Hàng mua sỉ theo lô,"Kệ dưới / pallet cuối dãy, đóng gói theo thùng-lốc; gắn biển giá theo số lượng.",1357.61,104,1.1099999999999999
22050,PINK PAISLEY ROSE GIFT WRAP,4,Hàng mua sỉ theo lô,"Kệ dưới / pallet cuối dãy, đóng gói theo thùng-lốc; gắn biển giá theo số lượng.",1354.0,115,0.4186086956521739
17129D,CLEAR COLOUR GLASS GEMS IN BAG,4,Hàng mua sỉ theo lô,"Kệ dưới / pallet cuối dãy, đóng gói theo thùng-lốc; gắn biển giá theo số lượng.",1351.1799999999998,39,1.2087179487179487
84466,TOP SECRET PEN SET,4,Hàng mua sỉ theo lô,"Kệ dưới / pallet cuối dãy, đóng gói theo thùng-lốc; gắn biển giá theo số lượng.",1348.36,73,1.6404109589041096
20993,JAZZ HEARTS MEMO PAD,4,Hàng mua sỉ theo lô,"Kệ dưới / pallet cuối dãy, đóng gói theo thùng-lốc; gắn biển giá theo số lượng.",1334.1100000000001,32,0.8425
23538,WALL ART VINTAGE HEART,4,Hàng mua sỉ theo lô,"Kệ dưới / pallet cuối dãy, đóng gói theo thùng-lốc; gắn biển giá theo số lượng.",1329.54,32,5.7790625
20933,YELLOW POT PLANT CANDLE,4,Hàng mua sỉ theo lô,"Kệ dưới / pallet cuối dãy, đóng gói theo thùng-lốc; gắn biển giá theo số lượng.",1329.4900000000002,52,4.1007547169811325
85032D,YULETIDE IMAGES GIFT WRAP SET,4,Hàng mua sỉ theo lô,"Kệ dưới / pallet cuối dãy, đóng gói theo thùng-lốc; gắn biển giá theo số lượng.",1327.68,133,1.3986567164179105
85032A,ROMANTIC IMAGES GIFT WRAP SET,4,Hàng mua sỉ theo lô,"Kệ dưới / pallet cuối dãy, đóng gói theo thùng-lốc; gắn biển giá theo số lượng.",1323.51,161,1.273726708074534
22924,FRIDGE MAGNETS LA VIE EN ROSE,4,Hàng mua sỉ theo lô,"Kệ dưới / pallet cuối dãy, đóng gói theo thùng-lốc; gắn biển giá theo số lượng.",1323.4199999999998,95,1.4349999999999998
85200,BUNNY EGG BOX,4,Hàng mua sỉ theo lô,"Kệ dưới / pallet cuối dãy, đóng gói theo thùng-lốc; gắn biển giá theo số lượng.",1319.09,105,1.3532075471698113
22051,BLUE SCANDINAVIAN PAISLEY WRAP,4,Hàng mua sỉ theo lô,"Kệ dưới / pallet cuối dãy, đóng gói theo thùng-lốc; gắn biển giá theo số lượng.",1317.5,116,0.4193103448275862
85071B,RED CHARLIE+LOLA PERSONAL DOORSIGN,4,Hàng mua sỉ theo lô,"Kệ dưới / pallet cuối dãy, đóng gói theo thùng-lốc; gắn biển giá theo số lượng.",1316.48,165,1.3026347305389223
22923,FRIDGE MAGNETS LES ENFANTS ASSORTED,4,Hàng mua sỉ theo lô,"Kệ dưới / pallet cuối dãy, đóng gói theo thùng-lốc; gắn biển giá theo số lượng.",1314.8899999999999,90,1.0913333333333333
20760,GARDEN PATH POCKET BOOK,4,Hàng mua sỉ theo lô,"Kệ dưới / pallet cuối dãy, đóng gói theo thùng-lốc; gắn biển giá theo số lượng.",1313.66,81,0.7926829268292683
23373,VINTAGE CHRISTMAS PAPER GIFT BAG,4,Hàng mua sỉ theo lô,"Kệ dưới / pallet cuối dãy, đóng gói theo thùng-lốc; gắn biển giá theo số lượng.",1313.3899999999999,100,0.9070999999999999
35598D,PINK/WHITE CHRISTMAS TREE 60CM,4,Hàng mua sỉ theo lô,"Kệ dưới / pallet cuối dãy, đóng gói theo thùng-lốc; gắn biển giá theo số lượng.",1312.2,103,1.6382524271844658
21842,PINK HEART CANDY BUTTON CALCULATOR,4,Hàng mua sỉ theo lô,"Kệ dưới / pallet cuối dãy, đóng gói theo thùng-lốc; gắn biển giá theo số lượng.",1308.74,47,3.0110638297872336
22893,MINI CAKE STAND T-LIGHT HOLDER,4,Hàng mua sỉ theo lô,"Kệ dưới / pallet cuối dãy, đóng gói theo thùng-lốc; gắn biển giá theo số lượng.",1306.09,182,0.6159016393442622
20738,GREEN MINI TAPE MEASURE ,4,Hàng mua sỉ theo lô,"Kệ dưới / pallet cuối dãy, đóng gói theo thùng-lốc; gắn biển giá theo số lượng.",1301.72,74,0.9545945945945946
22105,MIRROR MOSAIC GOBLET CANDLE HOLDER,4,Hàng mua sỉ theo lô,"Kệ dưới / pallet cuối dãy, đóng gói theo thùng-lốc; gắn biển giá theo số lượng.",1294.7,55,4.25
79191C,RETRO PLASTIC ELEPHANT TRAY,4,Hàng mua sỉ theo lô,"Kệ dưới / pallet cuối dãy, đóng gói theo thùng-lốc; gắn biển giá theo số lượng.",1293.76,157,0.9820253164556961
22267,EASTER DECORATION EGG BUNNY ,4,Hàng mua sỉ theo lô,"Kệ dưới / pallet cuối dãy, đóng gói theo thùng-lốc; gắn biển giá theo số lượng.",1291.47,117,1.1747107438016529
22181,SNOWSTORM PHOTO FRAME FRIDGE MAGNET,4,Hàng mua sỉ theo lô,"Kệ dưới / pallet cuối dãy, đóng gói theo thùng-lốc; gắn biển giá theo số lượng.",1291.3799999999999,138,1.0202142857142855
22258,FELT FARM ANIMAL RABBIT,4,Hàng mua sỉ theo lô,"Kệ dưới / pallet cuối dãy, đóng gói theo thùng-lốc; gắn biển giá theo số lượng.",1291.05,131,1.4597744360902256
85006,SET 4 NURSERY DES ROUND BOXES,4,Hàng mua sỉ theo lô,"Kệ dưới / pallet cuối dãy, đóng gói theo thùng-lốc; gắn biển giá theo số lượng.",1289.31,37,2.546756756756757
17091A,LAVENDER INCENSE IN TIN,4,Hàng mua sỉ theo lô,"Kệ dưới / pallet cuối dãy, đóng gói theo thùng-lốc; gắn biển giá theo số lượng.",1285.8899999999999,117,1.029059829059829
72818,CHRISTMAS DECOUPAGE CANDLE,4,Hàng mua sỉ theo lô,"Kệ dưới / pallet cuối dãy, đóng gói theo thùng-lốc; gắn biển giá theo số lượng.",1283.1299999999999,127,0.8364661654135338
22543,MINI JIGSAW BAKE A CAKE ,4,Hàng mua sỉ theo lô,"Kệ dưới / pallet cuối dãy, đóng gói theo thùng-lốc; gắn biển giá theo số lượng.",1281.49,118,0.5087288135593221
72800B, 4 PURPLE FLOCK DINNER CANDLES,4,Hàng mua sỉ theo lô,"Kệ dưới / pallet cuối dãy, đóng gói theo thùng-lốc; gắn biển giá theo số lượng.",1276.78,91,2.6212765957446806
16225,RATTLE SNAKE EGGS,4,Hàng mua sỉ theo lô,"Kệ dưới / pallet cuối dãy, đóng gói theo thùng-lốc; gắn biển giá theo số lượng.",1271.66,165,1.5598192771084338
21549,CERAMIC BIRDHOUSE RED ROOF SMALL,4,Hàng mua sỉ theo lô,"Kệ dưới / pallet cuối dãy, đóng gói theo thùng-lốc; gắn biển giá theo số lượng.",1270.39,51,3.3067307692307697
20777,CHRYSANTHEMUM NOTEBOOK,4,Hàng mua sỉ theo lô,"Kệ dưới / pallet cuối dãy, đóng gói theo thùng-lốc; gắn biển giá theo số lượng.",1262.7,169,1.7810588235294116
40003,WHITE BAMBOO RIBS LAMPSHADE,4,Hàng mua sỉ theo lô,"Kệ dưới / pallet cuối dãy, đóng gói theo thùng-lốc; gắn biển giá theo số lượng.",1257.02,60,1.5241666666666667
21145,ANTIQUE GLASS PLACE SETTING,4,Hàng mua sỉ theo lô,"Kệ dưới / pallet cuối dãy, đóng gói theo thùng-lốc; gắn biển giá theo số lượng.",1256.21,49,3.406734693877551
77101A,UNION FLAG WINDSOCK,4,Hàng mua sỉ theo lô,"Kệ dưới / pallet cuối dãy, đóng gói theo thùng-lốc; gắn biển giá theo số lượng.",1255.97,88,1.5012359550561796
20825,GOLD WINE GLASS,4,Hàng mua sỉ theo lô,"Kệ dưới / pallet cuối dãy, đóng gói theo thùng-lốc; gắn biển giá theo số lượng.",1255.08,7,6.831428571428572
35957,SMALLFOLKART BAUBLE CHRISTMAS DEC,4,Hàng mua sỉ theo lô,"Kệ dưới / pallet cuối dãy, đóng gói theo thùng-lốc; gắn biển giá theo số lượng.",1254.9,148,1.2358108108108108
20731,POSY CANDY BAG,4,Hàng mua sỉ theo lô,"Kệ dưới / pallet cuối dãy, đóng gói theo thùng-lốc; gắn biển giá theo số lượng.",1252.92,73,1.4024657534246574
22999,TRAVEL CARD WALLET VINTAGE LEAF,4,Hàng mua sỉ theo lô,"Kệ dưới / pallet cuối dãy, đóng gói theo thùng-lốc; gắn biển giá theo số lượng.",1252.59,222,0.48244444444444445
84989A,75 GREEN FAIRY CAKE CASES,4,Hàng mua sỉ theo lô,"Kệ dưới / pallet cuối dãy, đóng gói theo thùng-lốc; gắn biển giá theo số lượng.",1243.99,193,0.9647448979591837
79163,BLACK CHAMPAGNE GLASS,4,Hàng mua sỉ theo lô,"Kệ dưới / pallet cuối dãy, đóng gói theo thùng-lốc; gắn biển giá theo số lượng.",1240.83,64,2.532769230769231
85162A,SILVER RETRODISC LAMPSHADE,4,Hàng mua sỉ theo lô,"Kệ dưới / pallet cuối dãy, đóng gói theo thùng-lốc; gắn biển giá theo số lượng.",1234.27,20,3.6155
23138,SINGLE WIRE HOOK IVORY HEART,4,Hàng mua sỉ theo lô,"Kệ dưới / pallet cuối dãy, đóng gói theo thùng-lốc; gắn biển giá theo số lượng.",1231.51,82,1.5985714285714285
21438,TUB 24 HANGING EASTER EGGS SPOTTY,4,Hàng mua sỉ theo lô,"Kệ dưới / pallet cuối dãy, đóng gói theo thùng-lốc; gắn biển giá theo số lượng.",1229.8200000000002,36,3.8329729729729727
22921,HERB MARKER CHIVES ,4,Hàng mua sỉ theo lô,"Kệ dưới / pallet cuối dãy, đóng gói theo thùng-lốc; gắn biển giá theo số lượng.",1226.72,220,0.8519004524886878
16046,TEATIME PEN CASE & PENS,4,Hàng mua sỉ theo lô,"Kệ dưới / pallet cuối dãy, đóng gói theo thùng-lốc; gắn biển giá theo số lượng.",1223.5,59,0.9443548387096774
22290,STANDING METAL RABBIT WITH EGG,4,Hàng mua sỉ theo lô,"Kệ dưới / pallet cuối dãy, đóng gói theo thùng-lốc; gắn biển giá theo số lượng.",1223.02,78,2.35620253164557
22216,T-LIGHT HOLDER WHITE LACE,4,Hàng mua sỉ theo lô,"Kệ dưới / pallet cuối dãy, đóng gói theo thùng-lốc; gắn biển giá theo số lượng.",1215.83,116,1.0712396694214876
23598,PAPER BUNTING VINTAGE PARTY,4,Hàng mua sỉ theo lô,"Kệ dưới / pallet cuối dãy, đóng gói theo thùng-lốc; gắn biển giá theo số lượng.",1215.53,47,3.2351063829787234
21490,SET OF THREE 50'S GIFT WRAPS ,4,Hàng mua sỉ theo lô,"Kệ dưới / pallet cuối dãy, đóng gói theo thùng-lốc; gắn biển giá theo số lượng.",1210.6,55,2.594642857142857
22265,EASTER DECORATION NATURAL CHICK,4,Hàng mua sỉ theo lô,"Kệ dưới / pallet cuối dãy, đóng gói theo thùng-lốc; gắn biển giá theo số lượng.",1207.8000000000002,168,0.764406779661017
21396,RED SPOTTY EGG CUP ,4,Hàng mua sỉ theo lô,"Kệ dưới / pallet cuối dãy, đóng gói theo thùng-lốc; gắn biển giá theo số lượng.",1205.25,77,1.7088461538461537
23071,MARIE ANTOINETTE TRINKET BOX GOLD,4,Hàng mua sỉ theo lô,"Kệ dưới / pallet cuối dãy, đóng gói theo thùng-lốc; gắn biển giá theo số lượng.",1205.1,19,10.5325
21130,COLOURFUL STANDING GNOME,4,Hàng mua sỉ theo lô,"Kệ dưới / pallet cuối dãy, đóng gói theo thùng-lốc; gắn biển giá theo số lượng.",1200.93,49,3.9899999999999998
22256,FELT FARM ANIMAL CHICKEN,4,Hàng mua sỉ theo lô,"Kệ dưới / pallet cuối dãy, đóng gói theo thùng-lốc; gắn biển giá theo số lượng.",1200.07,119,1.5713934426229508
21883,STARS GIFT TAPE ,4,Hàng mua sỉ theo lô,"Kệ dưới / pallet cuối dãy, đóng gói theo thùng-lốc; gắn biển giá theo số lượng.",1199.48,226,0.7366371681415929
23026,DRAWER KNOB VINTAGE GLASS STAR,4,Hàng mua sỉ theo lô,"Kệ dưới / pallet cuối dãy, đóng gói theo thùng-lốc; gắn biển giá theo số lượng.",1198.96,62,2.3271875
22403,MAGNETS PACK OF 4 VINTAGE LABELS ,4,Hàng mua sỉ theo lô,"Kệ dưới / pallet cuối dãy, đóng gói theo thùng-lốc; gắn biển giá theo số lượng.",1195.8899999999999,212,1.1050943396226416
22102,MIRROR MOSAIC T-LIGHT HOLDER ,4,Hàng mua sỉ theo lô,"Kệ dưới / pallet cuối dãy, đóng gói theo thùng-lốc; gắn biển giá theo số lượng.",1191.69,59,1.9952542372881357
72232,FENG SHUI PILLAR CANDLE,4,Hàng mua sỉ theo lô,"Kệ dưới / pallet cuối dãy, đóng gói theo thùng-lốc; gắn biển giá theo số lượng.",1190.92,118,0.19
47503E,ASS FLORAL PRINT SCISSORS,4,Hàng mua sỉ theo lô,"Kệ dưới / pallet cuối dãy, đóng gói theo thùng-lốc; gắn biển giá theo số lượng.",1186.9,25,1.206
84815,SET OF 3 DANISH ROSE PLANTERS,4,Hàng mua sỉ theo lô,"Kệ dưới / pallet cuối dãy, đóng gói theo thùng-lốc; gắn biển giá theo số lượng.",1183.8200000000002,53,5.385094339622642
21806,WHITE CHRISTMAS HEART DECORATION,4,Hàng mua sỉ theo lô,"Kệ dưới / pallet cuối dãy, đóng gói theo thùng-lốc; gắn biển giá theo số lượng.",1179.4299999999998,128,0.4993939393939394
21312,LARGE CHUNKY GLASS ROMAN BOWL,4,Hàng mua sỉ theo lô,"Kệ dưới / pallet cuối dãy, đóng gói theo thùng-lốc; gắn biển giá theo số lượng.",1179.17,26,6.8161538461538465
23225,CHERUB HEART DECORATION SILVER ,4,Hàng mua sỉ theo lô,"Kệ dưới / pallet cuối dãy, đóng gói theo thùng-lốc; gắn biển giá theo số lượng.",1176.1699999999998,88,1.0939772727272727
22252,BIRDCAGE DECORATION TEALIGHT HOLDER,4,Hàng mua sỉ theo lô,"Kệ dưới / pallet cuối dãy, đóng gói theo thùng-lốc; gắn biển giá theo số lượng.",1175.56,113,1.285
23523,WALL ART TREASURE AHOY ,4,Hàng mua sỉ theo lô,"Kệ dưới / pallet cuối dãy, đóng gói theo thùng-lốc; gắn biển giá theo số lượng.",1173.8100000000002,41,3.9346341463414634
21393,BLUE  SPOTTY PUDDING BOWL,4,Hàng mua sỉ theo lô,"Kệ dưới / pallet cuối dãy, đóng gói theo thùng-lốc; gắn biển giá theo số lượng.",1172.8100000000002,43,2.1336363636363633
23431,NATURAL HANGING QUILTED HEARTS ,4,Hàng mua sỉ theo lô,"Kệ dưới / pallet cuối dãy, đóng gói theo thùng-lốc; gắn biển giá theo số lượng.",1171.23,72,1.363918918918919
22048,BIRTHDAY BANQUET GIFT WRAP,4,Hàng mua sỉ theo lô,"Kệ dưới / pallet cuối dãy, đóng gói theo thùng-lốc; gắn biển giá theo số lượng.",1166.3,102,0.4192156862745098
23515,EMBROIDERED RIBBON REEL DAISY ,4,Hàng mua sỉ theo lô,"Kệ dưới / pallet cuối dãy, đóng gói theo thùng-lốc; gắn biển giá theo số lượng.",1164.98,71,2.3925
21650,ASSORTED TUTTI FRUTTI BRACELET,4,Hàng mua sỉ theo lô,"Kệ dưới / pallet cuối dãy, đóng gói theo thùng-lốc; gắn biển giá theo số lượng.",1163.8,197,0.6638647342995169
23508,MINI PLAYING CARDS DOLLY GIRL ,4,Hàng mua sỉ theo lô,"Kệ dưới / pallet cuối dãy, đóng gói theo thùng-lốc; gắn biển giá theo số lượng.",1163.45,120,0.4665625
21649,ASSORTED TUTTI FRUTTI PHOTO FRAME,4,Hàng mua sỉ theo lô,"Kệ dưới / pallet cuối dãy, đóng gói theo thùng-lốc; gắn biển giá theo số lượng.",1162.89,29,3.3486206896551725
22253,6 CROCHET STRAWBERRIES,4,Hàng mua sỉ theo lô,"Kệ dưới / pallet cuối dãy, đóng gói theo thùng-lốc; gắn biển giá theo số lượng.",1158.28,86,1.4741573033707864
23566,EGG CUP MILKMAID HEIDI,4,Hàng mua sỉ theo lô,"Kệ dưới / pallet cuối dãy, đóng gói theo thùng-lốc; gắn biển giá theo số lượng.",1156.93,83,1.769759036144578
23507,MINI PLAYING CARDS BUFFALO BILL ,4,Hàng mua sỉ theo lô,"Kệ dưới / pallet cuối dãy, đóng gói theo thùng-lốc; gắn biển giá theo số lượng.",1155.67,119,0.4734645669291338
23269,SET OF 2 CERAMIC CHRISTMAS TREES,4,Hàng mua sỉ theo lô,"Kệ dưới / pallet cuối dãy, đóng gói theo thùng-lốc; gắn biển giá theo số lượng.",1152.98,94,1.7109473684210526
22264,FELT FARM ANIMAL WHITE BUNNY ,4,Hàng mua sỉ theo lô,"Kệ dưới / pallet cuối dãy, đóng gói theo thùng-lốc; gắn biển giá theo số lượng.",1152.22,168,1.0628235294117647
84847,FLORAL BATHROOM SET,4,Hàng mua sỉ theo lô,"Kệ dưới / pallet cuối dãy, đóng gói theo thùng-lốc; gắn biển giá theo số lượng.",1149.73,49,4.466122448979592
21316,SMALL CHUNKY GLASS ROMAN  BOWL,4,Hàng mua sỉ theo lô,"Kệ dưới / pallet cuối dãy, đóng gói theo thùng-lốc; gắn biển giá theo số lượng.",1146.11,47,3.0117021276595746
22615,PACK OF 12 CIRCUS PARADE TISSUES ,4,Hàng mua sỉ theo lô,"Kệ dưới / pallet cuối dãy, đóng gói theo thùng-lốc; gắn biển giá theo số lượng.",1145.8799999999999,188,0.45116402116402116
72598,SET/12 TAPER CANDLES,4,Hàng mua sỉ theo lô,"Kệ dưới / pallet cuối dãy, đóng gói theo thùng-lốc; gắn biển giá theo số lượng.",1145.76,158,1.1791304347826088
37482B,CUBIC MUG BLUE POLKA DOT,4,Hàng mua sỉ theo lô,"Kệ dưới / pallet cuối dãy, đóng gói theo thùng-lốc; gắn biển giá theo số lượng.",1145.26,10,6.406000000000001
22040,BOTANICAL ROSE GIFT WRAP,4,Hàng mua sỉ theo lô,"Kệ dưới / pallet cuối dãy, đóng gói theo thùng-lốc; gắn biển giá theo số lượng.",1144.3,94,0.41659574468085103
85110,BLACK SILVER FLOWER T-LIGHT HOLDER,4,Hàng mua sỉ theo lô,"Kệ dưới / pallet cuối dãy, đóng gói theo thùng-lốc; gắn biển giá theo số lượng.",1138.04,23,0.6665217391304348
37424,WHITE WITH BLACK CATS MUG,4,Hàng mua sỉ theo lô,"Kệ dưới / pallet cuối dãy, đóng gói theo thùng-lốc; gắn biển giá theo số lượng.",1134.68,108,1.2837037037037036
22230,JIGSAW TREE WITH WATERING CAN,4,Hàng mua sỉ theo lô,"Kệ dưới / pallet cuối dãy, đóng gói theo thùng-lốc; gắn biển giá theo số lượng.",1134.6399999999999,193,0.944795918367347
22715,CARD WEDDING DAY,4,Hàng mua sỉ theo lô,"Kệ dưới / pallet cuối dãy, đóng gói theo thùng-lốc; gắn biển giá theo số lượng.",1133.93,218,0.5086697247706422
85118,HEART T-LIGHT HOLDER,4,Hàng mua sỉ theo lô,"Kệ dưới / pallet cuối dãy, đóng gói theo thùng-lốc; gắn biển giá theo số lượng.",1133.68,81,1.2466666666666666
22598,CHRISTMAS MUSICAL ZINC TREE,4,Hàng mua sỉ theo lô,"Kệ dưới / pallet cuối dãy, đóng gói theo thùng-lốc; gắn biển giá theo số lượng.",1131.85,144,0.7666438356164383
21413,PERIWINKLE T-LIGHT HOLDER,4,Hàng mua sỉ theo lô,"Kệ dưới / pallet cuối dãy, đóng gói theo thùng-lốc; gắn biển giá theo số lượng.",1131.14,52,1.6411538461538462
23506,MINI PLAYING CARDS SPACEBOY ,4,Hàng mua sỉ theo lô,"Kệ dưới / pallet cuối dãy, đóng gói theo thùng-lốc; gắn biển giá theo số lượng.",1129.1200000000001,146,0.46264900662251657
22255,FELT TOADSTOOL  SMALL,4,Hàng mua sỉ theo lô,"Kệ dưới / pallet cuối dãy, đóng gói theo thùng-lốc; gắn biển giá theo số lượng.",1127.11,142,1.1459310344827587
21040,MODERN VINTAGE COTTON SHOPPING BAG,4,Hàng mua sỉ theo lô,"Kệ dưới / pallet cuối dãy, đóng gói theo thùng-lốc; gắn biển giá theo số lượng.",1125.85,68,2.4344927536231884
20832,RED FLOCK LOVE HEART PHOTO FRAME,4,Hàng mua sỉ theo lô,"Kệ dưới / pallet cuối dãy, đóng gói theo thùng-lốc; gắn biển giá theo số lượng.",1122.6499999999999,158,0.9326415094339622
85224,ASSORTED COLOUR SILK GLASSES CASE,4,Hàng mua sỉ theo lô,"Kệ dưới / pallet cuối dãy, đóng gói theo thùng-lốc; gắn biển giá theo số lượng.",1120.96,61,1.9365625
23510,MINI PLAYING CARDS GYMKHANA,4,Hàng mua sỉ theo lô,"Kệ dưới / pallet cuối dãy, đóng gói theo thùng-lốc; gắn biển giá theo số lượng.",1118.8,120,0.4972
17096,ASSORTED LAQUERED INCENSE HOLDERS,4,Hàng mua sỉ theo lô,"Kệ dưới / pallet cuối dãy, đóng gói theo thùng-lốc; gắn biển giá theo số lượng.",1117.0900000000001,76,0.3223684210526316
21010,ETCHED GLASS BIRD TREE DECORATION,4,Hàng mua sỉ theo lô,"Kệ dưới / pallet cuối dãy, đóng gói theo thùng-lốc; gắn biển giá theo số lượng.",1114.76,83,1.478705882352941
23513,EMBROIDERED RIBBON REEL SUSIE ,4,Hàng mua sỉ theo lô,"Kệ dưới / pallet cuối dãy, đóng gói theo thùng-lốc; gắn biển giá theo số lượng.",1114.26,70,2.306
23433,HANGING QUILTED PATCHWORK APPLES,4,Hàng mua sỉ theo lô,"Kệ dưới / pallet cuối dãy, đóng gói theo thùng-lốc; gắn biển giá theo số lượng.",1108.58,89,1.5002247191011233
21666,RIDGED GLASS T-LIGHT HOLDER,4,Hàng mua sỉ theo lô,"Kệ dưới / pallet cuối dãy, đóng gói theo thùng-lốc; gắn biển giá theo số lượng.",1105.15,85,0.819186046511628
21202,DOLLY HONEYCOMB GARLAND,4,Hàng mua sỉ theo lô,"Kệ dưới / pallet cuối dãy, đóng gói theo thùng-lốc; gắn biển giá theo số lượng.",1103.48,66,1.780151515151515
22532,MAGIC DRAWING SLATE LEAP FROG ,4,Hàng mua sỉ theo lô,"Kệ dưới / pallet cuối dãy, đóng gói theo thùng-lốc; gắn biển giá theo số lượng.",1101.1000000000001,175,0.4546111111111111
23375,50'S CHRISTMAS PAPER GIFT BAG,4,Hàng mua sỉ theo lô,"Kệ dưới / pallet cuối dãy, đóng gói theo thùng-lốc; gắn biển giá theo số lượng.",1100.6899999999998,103,0.9369902912621358
47587A,PINK FAIRY CAKE COASTER,4,Hàng mua sỉ theo lô,"Kệ dưới / pallet cuối dãy, đóng gói theo thùng-lốc; gắn biển giá theo số lượng.",1099.88,26,1.231153846153846
22709,WRAP WEDDING DAY,4,Hàng mua sỉ theo lô,"Kệ dưới / pallet cuối dãy, đóng gói theo thùng-lốc; gắn biển giá theo số lượng.",1099.58,77,0.415064935064935
85212,MINI PAINTED GARDEN DECORATION ,4,Hàng mua sỉ theo lô,"Kệ dưới / pallet cuối dãy, đóng gói theo thùng-lốc; gắn biển giá theo số lượng.",1096.56,121,0.7305785123966941
37479B,CUBIC MUG FLOCK BLUE ON BROWN,4,Hàng mua sỉ theo lô,"Kệ dưới / pallet cuối dãy, đóng gói theo thùng-lốc; gắn biển giá theo số lượng.",1095.85,32,3.110625
22997,TRAVEL CARD WALLET UNION JACK,4,Hàng mua sỉ theo lô,"Kệ dưới / pallet cuối dãy, đóng gói theo thùng-lốc; gắn biển giá theo số lượng.",1094.93,222,0.49327354260089684
20867,PINK ROSE FABRIC MIRROR,4,Hàng mua sỉ theo lô,"Kệ dưới / pallet cuối dãy, đóng gói theo thùng-lốc; gắn biển giá theo số lượng.",1093.14,153,1.3800645161290321
85093,CANDY SPOT EGG WARMER HARE,4,Hàng mua sỉ theo lô,"Kệ dưới / pallet cuối dãy, đóng gói theo thùng-lốc; gắn biển giá theo số lượng.",1091.21,152,1.192549019607843
23087,ZINC  HEART T-LIGHT HOLDER,4,Hàng mua sỉ theo lô,"Kệ dưới / pallet cuối dãy, đóng gói theo thùng-lốc; gắn biển giá theo số lượng.",1090.66,69,1.5915942028985506
20755,BLUE PAISLEY POCKET BOOK,4,Hàng mua sỉ theo lô,"Kệ dưới / pallet cuối dãy, đóng gói theo thùng-lốc; gắn biển giá theo số lượng.",1089.73,122,0.9081147540983606
23432,PRETTY HANGING QUILTED HEARTS,4,Hàng mua sỉ theo lô,"Kệ dưới / pallet cuối dãy, đóng gói theo thùng-lốc; gắn biển giá theo số lượng.",1088.36,74,1.3654054054054052
23347,I LOVE LONDON BEAKER,4,Hàng mua sỉ theo lô,"Kệ dưới / pallet cuối dãy, đóng gói theo thùng-lốc; gắn biển giá theo số lượng.",1077.3,97,1.5569387755102042
21817,GLITTER CHRISTMAS TREE,4,Hàng mua sỉ theo lô,"Kệ dưới / pallet cuối dãy, đóng gói theo thùng-lốc; gắn biển giá theo số lượng.",1077.19,130,0.733037037037037
23102,SILVER HEARTS TABLE DECORATION,4,Hàng mua sỉ theo lô,"Kệ dưới / pallet cuối dãy, đóng gói theo thùng-lốc; gắn biển giá theo số lượng.",1075.03,157,0.970754716981132
23331,DECORATIVE WICKER HEART SMALL,4,Hàng mua sỉ theo lô,"Kệ dưới / pallet cuối dãy, đóng gói theo thùng-lốc; gắn biển giá theo số lượng.",1062.28,109,0.781578947368421
72800F,4 IVORY DINNER CANDLES GOLD FLOCK,4,Hàng mua sỉ theo lô,"Kệ dưới / pallet cuối dãy, đóng gói theo thùng-lốc; gắn biển giá theo số lượng.",1060.19,67,2.497391304347826
22856,ASSORTED EASTER DECORATIONS  BELLS,4,Hàng mua sỉ theo lô,"Kệ dưới / pallet cuối dãy, đóng gói theo thùng-lốc; gắn biển giá theo số lượng.",1059.8500000000001,32,3.520625
23033,DRAWER KNOB CERAMIC RED,4,Hàng mua sỉ theo lô,"Kệ dưới / pallet cuối dãy, đóng gói theo thùng-lốc; gắn biển giá theo số lượng.",1058.8999999999999,74,1.814864864864865
16047,POP ART PEN CASE & PENS,4,Hàng mua sỉ theo lô,"Kệ dưới / pallet cuối dãy, đóng gói theo thùng-lốc; gắn biển giá theo số lượng.",1054.7,31,0.9583870967741934
21825,PAINTED METAL TREE WITH HOLLY BELLS,4,Hàng mua sỉ theo lô,"Kệ dưới / pallet cuối dãy, đóng gói theo thùng-lốc; gắn biển giá theo số lượng.",1053.1899999999998,75,1.546875
85078,SCANDINAVIAN 3 HEARTS NAPKIN RING,4,Hàng mua sỉ theo lô,"Kệ dưới / pallet cuối dãy, đóng gói theo thùng-lốc; gắn biển giá theo số lượng.",1052.02,162,1.4968902439024392
37327,ASSTD MULTICOLOUR CIRCLES MUG,4,Hàng mua sỉ theo lô,"Kệ dưới / pallet cuối dãy, đóng gói theo thùng-lốc; gắn biển giá theo số lượng.",1051.69,88,1.642197802197802
23327,HANGING CLEAR MINI BOTTLE,4,Hàng mua sỉ theo lô,"Kệ dưới / pallet cuối dãy, đóng gói theo thùng-lốc; gắn biển giá theo số lượng.",1051.14,41,0.7871428571428571
85160B,BLACK BIRD GARDEN DESIGN MUG,4,Hàng mua sỉ theo lô,"Kệ dưới / pallet cuối dãy, đóng gói theo thùng-lốc; gắn biển giá theo số lượng.",1048.83,37,3.620263157894737
22857,ASSORTED EASTER GIFT TAGS,4,Hàng mua sỉ theo lô,"Kệ dưới / pallet cuối dãy, đóng gói theo thùng-lốc; gắn biển giá theo số lượng.",1048.28,66,1.4554545454545456
22821,GIFT BAG PSYCHEDELIC APPLES,4,Hàng mua sỉ theo lô,"Kệ dưới / pallet cuối dãy, đóng gói theo thùng-lốc; gắn biển giá theo số lượng.",1047.45,186,0.7250537634408603
72750B,FLOWER FAIRY SET 3 CANDLES LAVENDER,4,Hàng mua sỉ theo lô,"Kệ dưới / pallet cuối dãy, đóng gói theo thùng-lốc; gắn biển giá theo số lượng.",1047.2,39,3.078205128205128
21061,PARTY INVITES FOOTBALL,4,Hàng mua sỉ theo lô,"Kệ dưới / pallet cuối dãy, đóng gói theo thùng-lốc; gắn biển giá theo số lượng.",1046.56,163,0.9699999999999999
18007,ESSENTIAL BALM 3.5g TIN IN ENVELOPE,4,Hàng mua sỉ theo lô,"Kệ dưới / pallet cuối dãy, đóng gói theo thùng-lốc; gắn biển giá theo số lượng.",1043.22,72,0.242972972972973
22266,EASTER DECORATION HANGING BUNNY,4,Hàng mua sỉ theo lô,"Kệ dưới / pallet cuối dãy, đóng gói theo thùng-lốc; gắn biển giá theo số lượng.",1040.1100000000001,161,0.6852352941176472
23088,ZINC HEART FLOWER T-LIGHT HOLDER,4,Hàng mua sỉ theo lô,"Kệ dưới / pallet cuối dãy, đóng gói theo thùng-lốc; gắn biển giá theo số lượng.",1033.28,79,1.627594936708861
20652,BLUE POLKADOT LUGGAGE TAG ,4,Hàng mua sỉ theo lô,"Kệ dưới / pallet cuối dãy, đóng gói theo thùng-lốc; gắn biển giá theo số lượng.",1027.29,172,1.410635838150289
23545,WRAP RED VINTAGE DOILY,4,Hàng mua sỉ theo lô,"Kệ dưới / pallet cuối dãy, đóng gói theo thùng-lốc; gắn biển giá theo số lượng.",1025.6,84,0.41905882352941176
84625C,BLUE NEW BAROQUE CANDLESTICK CANDLE,4,Hàng mua sỉ theo lô,"Kệ dưới / pallet cuối dãy, đóng gói theo thùng-lốc; gắn biển giá theo số lượng.",1024.15,71,2.6590140845070422
35923,CANDY HEART HANGING DECORATION,4,Hàng mua sỉ theo lô,"Kệ dưới / pallet cuối dãy, đóng gói theo thùng-lốc; gắn biển giá theo số lượng.",1023.77,112,1.2692920353982302
72800D,4 BLUE DINNER CANDLES SILVER FLOCK,4,Hàng mua sỉ theo lô,"Kệ dưới / pallet cuối dãy, đóng gói theo thùng-lốc; gắn biển giá theo số lượng.",1020.21,86,2.70953488372093
22717,CARD DOG AND BALL ,4,Hàng mua sỉ theo lô,"Kệ dưới / pallet cuối dãy, đóng gói theo thùng-lốc; gắn biển giá theo số lượng.",1018.42,215,0.5398139534883721
22049,WRAP CHRISTMAS SCREEN PRINT,4,Hàng mua sỉ theo lô,"Kệ dưới / pallet cuối dãy, đóng gói theo thùng-lốc; gắn biển giá theo số lượng.",1015.75,114,0.296
22420,LIPSTICK PEN BABY PINK,4,Hàng mua sỉ theo lô,"Kệ dưới / pallet cuối dãy, đóng gói theo thùng-lốc; gắn biển giá theo số lượng.",1014.75,234,0.5855416666666666
20730,STRAWBERRY CANDY BAG,4,Hàng mua sỉ theo lô,"Kệ dưới / pallet cuối dãy, đóng gói theo thùng-lốc; gắn biển giá theo số lượng.",1011.7,102,1.0862745098039215
72586,SET OF 6 HALLOWEEN GHOST T-LIGHTS,4,Hàng mua sỉ theo lô,"Kệ dưới / pallet cuối dãy, đóng gói theo thùng-lốc; gắn biển giá theo số lượng.",1010.1,183,0.5866666666666667
21084,SET/6 COLLAGE PAPER CUPS,4,Hàng mua sỉ theo lô,"Kệ dưới / pallet cuối dãy, đóng gói theo thùng-lốc; gắn biển giá theo số lượng.",1008.8100000000001,223,0.5650660792951542
84929,ASSTD FRUIT+FLOWERS FRIDGE MAGNETS,4,Hàng mua sỉ theo lô,"Kệ dưới / pallet cuối dãy, đóng gói theo thùng-lốc; gắn biển giá theo số lượng.",1007.5200000000001,93,0.3666666666666667
23281,FOLDING BUTTERFLY MIRROR RED  ,4,Hàng mua sỉ theo lô,"Kệ dưới / pallet cuối dãy, đóng gói theo thùng-lốc; gắn biển giá theo số lượng.",1000.82,101,0.9803846153846153
23121,PACK OF 6 COCKTAIL PARASOL STRAWS,4,Hàng mua sỉ theo lô,"Kệ dưới / pallet cuối dãy, đóng gói theo thùng-lốc; gắn biển giá theo số lượng.",1000.4399999999999,111,0.5528448275862069
72484,ROSES IN WHITE HEART CANDLE ,4,Hàng mua sỉ theo lô,"Kệ dưới / pallet cuối dãy, đóng gói theo thùng-lốc; gắn biển giá theo số lượng.",991.3800000000001,64,1.21
21636,MADRAS NOTEBOOK MEDIUM,4,Hàng mua sỉ theo lô,"Kệ dưới / pallet cuối dãy, đóng gói theo thùng-lốc; gắn biển giá theo số lượng.",985.74,98,1.4927722772277225
35958,FOLKART ZINC STAR CHRISTMAS DEC,4,Hàng mua sỉ theo lô,"Kệ dưới / pallet cuối dãy, đóng gói theo thùng-lốc; gắn biển giá theo số lượng.",984.6299999999999,82,0.9695180722891567
17021,NAMASTE SWAGAT INCENSE,4,Hàng mua sỉ theo lô,"Kệ dưới / pallet cuối dãy, đóng gói theo thùng-lốc; gắn biển giá theo số lượng.",984.24,76,0.2949397590361446
22529,MAGIC DRAWING SLATE GO TO THE FAIR ,4,Hàng mua sỉ theo lô,"Kệ dưới / pallet cuối dãy, đóng gói theo thùng-lốc; gắn biển giá theo số lượng.",984.03,155,0.45615384615384613
23380,PACK OF 12 VINTAGE DOILY TISSUES,4,Hàng mua sỉ theo lô,"Kệ dưới / pallet cuối dãy, đóng gói theo thùng-lốc; gắn biển giá theo số lượng.",983.5,121,0.48520325203252035
85019B,BLOSSOM  IMAGES NOTEBOOK SET,4,Hàng mua sỉ theo lô,"Kệ dưới / pallet cuối dãy, đóng gói theo thùng-lốc; gắn biển giá theo số lượng.",982.47,47,2.304255319148936
23518,EMBROIDERED RIBBON REEL RACHEL ,4,Hàng mua sỉ theo lô,"Kệ dưới / pallet cuối dãy, đóng gói theo thùng-lốc; gắn biển giá theo số lượng.",980.41,44,3.0959090909090907
21208,PASTEL COLOUR HONEYCOMB FAN,4,Hàng mua sỉ theo lô,"Kệ dưới / pallet cuối dãy, đóng gói theo thùng-lốc; gắn biển giá theo số lượng.",976.91,120,1.6396721311475408
23512,EMBROIDERED RIBBON REEL ROSIE,4,Hàng mua sỉ theo lô,"Kệ dưới / pallet cuối dãy, đóng gói theo thùng-lốc; gắn biển giá theo số lượng.",975.24,57,2.3164912280701753
84800L,LARGE WHITE/PINK ROSE ART FLOWER,4,Hàng mua sỉ theo lô,"Kệ dưới / pallet cuối dãy, đóng gói theo thùng-lốc; gắn biển giá theo số lượng.",970.7900000000001,38,1.861842105263158
21562,HAWAIIAN GRASS SKIRT ,4,Hàng mua sỉ theo lô,"Kệ dưới / pallet cuối dãy, đóng gói theo thùng-lốc; gắn biển giá theo số lượng.",970.2800000000001,73,1.8506756756756755
85018D,YULETIDE IMAGES S/6 PAPER BOXES,4,Hàng mua sỉ theo lô,"Kệ dưới / pallet cuối dãy, đóng gói theo thùng-lốc; gắn biển giá theo số lượng.",969.9,80,2.195125
78124,MAGAZINE RACK GEBRA ASSORTED ,4,Hàng mua sỉ theo lô,"Kệ dưới / pallet cuối dãy, đóng gói theo thùng-lốc; gắn biển giá theo số lượng.",969.61,31,1.8825806451612903
22104,MIRROR MOSAIC CANDLE PLATE,4,Hàng mua sỉ theo lô,"Kệ dưới / pallet cuối dãy, đóng gói theo thùng-lốc; gắn biển giá theo số lượng.",968.0799999999999,99,1.5765656565656565
85189,HANGING BUTTERFLY  EGG,4,Hàng mua sỉ theo lô,"Kệ dưới / pallet cuối dãy, đóng gói theo thùng-lốc; gắn biển giá theo số lượng.",967.9499999999999,68,0.9401449275362319
20773,BLUE PAISLEY NOTEBOOK,4,Hàng mua sỉ theo lô,"Kệ dưới / pallet cuối dãy, đóng gói theo thùng-lốc; gắn biển giá theo số lượng.",963.9799999999999,117,1.7422499999999999
20774,GREEN FERN NOTEBOOK,4,Hàng mua sỉ theo lô,"Kệ dưới / pallet cuối dãy, đóng gói theo thùng-lốc; gắn biển giá theo số lượng.",962.48,119,1.7389999999999999
85197,SET OF 12 MINI BUNNIES IN A BUCKET,4,Hàng mua sỉ theo lô,"Kệ dưới / pallet cuối dãy, đóng gói theo thùng-lốc; gắn biển giá theo số lượng.",959.46,74,2.0594736842105266
72753B,S/3 FLWR FAIRY LAVENDER CANDLES,4,Hàng mua sỉ theo lô,"Kệ dưới / pallet cuối dãy, đóng gói theo thùng-lốc; gắn biển giá theo số lượng.",957.73,14,3.3414285714285716
21805,WHITE CHRISTMAS TREE DECORATION ,4,Hàng mua sỉ theo lô,"Kệ dưới / pallet cuối dãy, đóng gói theo thùng-lốc; gắn biển giá theo số lượng.",957.63,103,0.5065714285714286
22994,TRAVEL CARD WALLET RETROSPOT,4,Hàng mua sỉ theo lô,"Kệ dưới / pallet cuối dãy, đóng gói theo thùng-lốc; gắn biển giá theo số lượng.",956.94,218,0.5283105022831049
85111,SILVER GLITTER FLOWER VOTIVE HOLDER,4,Hàng mua sỉ theo lô,"Kệ dưới / pallet cuối dãy, đóng gói theo thùng-lốc; gắn biển giá theo số lượng.",954.15,77,0.7558974358974359
20758,ABSTRACT CIRCLES POCKET BOOK,4,Hàng mua sỉ theo lô,"Kệ dưới / pallet cuối dãy, đóng gói theo thùng-lốc; gắn biển giá theo số lượng.",953.42,95,0.8189690721649484
85032B,BLOSSOM IMAGES GIFT WRAP SET,4,Hàng mua sỉ theo lô,"Kệ dưới / pallet cuối dãy, đóng gói theo thùng-lốc; gắn biển giá theo số lượng.",953.34,152,1.265657894736842
84660B,BLACK STITCHED WALL CLOCK,4,Hàng mua sỉ theo lô,"Kệ dưới / pallet cuối dãy, đóng gói theo thùng-lốc; gắn biển giá theo số lượng.",952.66,67,3.4652238805970152
21060,PARTY INVITES BALLOON GIRL,4,Hàng mua sỉ theo lô,"Kệ dưới / pallet cuối dãy, đóng gói theo thùng-lốc; gắn biển giá theo số lượng.",952.55,151,0.940794701986755
20878,SET/9 CHRISTMAS T-LIGHTS SCENTED ,4,Hàng mua sỉ theo lô,"Kệ dưới / pallet cuối dãy, đóng gói theo thùng-lốc; gắn biển giá theo số lượng.",952.51,85,1.4786206896551723
17012C,ORIGAMI LAVENDER INCENSE/CANDL SET ,4,Hàng mua sỉ theo lô,"Kệ dưới / pallet cuối dãy, đóng gói theo thùng-lốc; gắn biển giá theo số lượng.",950.4,113,2.016725663716814
22953,BIRTHDAY PARTY CORDON BARRIER TAPE,4,Hàng mua sỉ theo lô,"Kệ dưới / pallet cuối dãy, đóng gói theo thùng-lốc; gắn biển giá theo số lượng.",948.55,119,1.3815833333333332
37492B,BLUE YELLOW FLOWER PIGGY BANK,4,Hàng mua sỉ theo lô,"Kệ dưới / pallet cuối dãy, đóng gói theo thùng-lốc; gắn biển giá theo số lượng.",946.7199999999999,44,3.6697727272727274
21641,ASSORTED TUTTI FRUTTI KEYRING BALL,4,Hàng mua sỉ theo lô,"Kệ dưới / pallet cuối dãy, đóng gói theo thùng-lốc; gắn biển giá theo số lượng.",946.31,111,1.2257657657657657
20778,GARDEN PATH NOTEBOOK ,4,Hàng mua sỉ theo lô,"Kệ dưới / pallet cuối dãy, đóng gói theo thùng-lốc; gắn biển giá theo số lượng.",944.3599999999999,90,1.808021978021978
22096,PINK PAISLEY SQUARE TISSUE BOX ,4,Hàng mua sỉ theo lô,"Kệ dưới / pallet cuối dãy, đóng gói theo thùng-lốc; gắn biển giá theo số lượng.",938.86,180,0.9154594594594594
84817,DANISH ROSE DECORATIVE PLATE,4,Hàng mua sỉ theo lô,"Kệ dưới / pallet cuối dãy, đóng gói theo thùng-lốc; gắn biển giá theo số lượng.",937.44,79,1.6346250000000002
85226A,WHITE/BLUE PULL BACK RACING CAR,4,Hàng mua sỉ theo lô,"Kệ dưới / pallet cuối dãy, đóng gói theo thùng-lốc; gắn biển giá theo số lượng.",933.07,144,0.7360264900662251
47504E,ENGLISH ROSE SCISSORS,4,Hàng mua sỉ theo lô,"Kệ dưới / pallet cuối dãy, đóng gói theo thùng-lốc; gắn biển giá theo số lượng.",931.86,48,1.849375
21726,MULTI HEARTS  STICKERS,4,Hàng mua sỉ theo lô,"Kệ dưới / pallet cuối dãy, đóng gói theo thùng-lốc; gắn biển giá theo số lượng.",930.99,155,0.9734177215189872
21720,CAKE SHOP  STICKER SHEET,4,Hàng mua sỉ theo lô,"Kệ dưới / pallet cuối dãy, đóng gói theo thùng-lốc; gắn biển giá theo số lượng.",929.81,112,1.0295535714285715
21014,SWISS CHALET TREE DECORATION ,4,Hàng mua sỉ theo lô,"Kệ dưới / pallet cuối dãy, đóng gói theo thùng-lốc; gắn biển giá theo số lượng.",928.0899999999999,189,0.8054123711340206
37330,SPOTS MUG,4,Hàng mua sỉ theo lô,"Kệ dưới / pallet cuối dãy, đóng gói theo thùng-lốc; gắn biển giá theo số lượng.",927.4599999999999,28,2.306785714285714
20775,DAISY NOTEBOOK ,4,Hàng mua sỉ theo lô,"Kệ dưới / pallet cuối dãy, đóng gói theo thùng-lốc; gắn biển giá theo số lượng.",926.54,112,1.7398230088495574
72800C,4 PINK DINNER CANDLE SILVER FLOCK,4,Hàng mua sỉ theo lô,"Kệ dưới / pallet cuối dãy, đóng gói theo thùng-lốc; gắn biển giá theo số lượng.",924.84,78,2.6556249999999997
72529W,WHITE ADVENT CANDLE,4,Hàng mua sỉ theo lô,"Kệ dưới / pallet cuối dãy, đóng gói theo thùng-lốc; gắn biển giá theo số lượng.",923.05,48,2.4962500000000003
84341B,SMALL PINK MAGIC CHRISTMAS TREE,4,Hàng mua sỉ theo lô,"Kệ dưới / pallet cuối dãy, đóng gói theo thùng-lốc; gắn biển giá theo số lượng.",922.18,121,0.8920799999999999
22647,CERAMIC LOVE HEART MONEY BANK,4,Hàng mua sỉ theo lô,"Kệ dưới / pallet cuối dãy, đóng gói theo thùng-lốc; gắn biển giá theo số lượng.",919.63,82,1.536951219512195
21702,SET 5 MINI GATEAUX  FRIDGE MAGNETS,4,Hàng mua sỉ theo lô,"Kệ dưới / pallet cuối dãy, đóng gói theo thùng-lốc; gắn biển giá theo số lượng.",918.6800000000001,8,1.3425
72045D,ROSES ON BLUE TEACUP CANDLE ,4,Hàng mua sỉ theo lô,"Kệ dưới / pallet cuối dãy, đóng gói theo thùng-lốc; gắn biển giá theo số lượng.",918.65,6,2.98
85130B,BEADED CRYSTAL HEART GREEN LARGE,4,Hàng mua sỉ theo lô,"Kệ dưới / pallet cuối dãy, đóng gói theo thùng-lốc; gắn biển giá theo số lượng.",918.33,83,1.6984337349397591
85019A,ROMANTIC IMAGES NOTEBOOK SET,4,Hàng mua sỉ theo lô,"Kệ dưới / pallet cuối dãy, đóng gói theo thùng-lốc; gắn biển giá theo số lượng.",915.04,49,2.6844897959183673
21007,ETCHED GLASS DROPLET DECORATION,4,Hàng mua sỉ theo lô,"Kệ dưới / pallet cuối dãy, đóng gói theo thùng-lốc; gắn biển giá theo số lượng.",914.6700000000001,48,1.18
23002,TRAVEL CARD WALLET SKULLS,4,Hàng mua sỉ theo lô,"Kệ dưới / pallet cuối dãy, đóng gói theo thùng-lốc; gắn biển giá theo số lượng.",914.37,192,0.5232474226804124
84660A,WHITE STITCHED WALL CLOCK,4,Hàng mua sỉ theo lô,"Kệ dưới / pallet cuối dãy, đóng gói theo thùng-lốc; gắn biển giá theo số lượng.",907.96,56,2.6855357142857144
22707,WRAP MONSTER FUN ,4,Hàng mua sỉ theo lô,"Kệ dưới / pallet cuối dãy, đóng gói theo thùng-lốc; gắn biển giá theo số lượng.",905.94,83,0.42
23004,TRAVEL CARD WALLET PANTRY,4,Hàng mua sỉ theo lô,"Kệ dưới / pallet cuối dãy, đóng gói theo thùng-lốc; gắn biển giá theo số lượng.",903.16,221,0.6030357142857142
21444,BLUE CHALET BIRDFEEDER,4,Hàng mua sỉ theo lô,"Kệ dưới / pallet cuối dãy, đóng gói theo thùng-lốc; gắn biển giá theo số lượng.",902.0300000000001,36,5.461944444444445
21318,GLASS CHALICE BLUE SMALL ,4,Hàng mua sỉ theo lô,"Kệ dưới / pallet cuối dãy, đóng gói theo thùng-lốc; gắn biển giá theo số lượng.",900.42,93,1.5972340425531912
20913,SET/5 BLUE SPOTTY LID GLASS BOWLS,4,Hàng mua sỉ theo lô,"Kệ dưới / pallet cuối dãy, đóng gói theo thùng-lốc; gắn biển giá theo số lượng.",898.7199999999999,43,3.8030232558139536
23502,PLAYING CARDS VINTAGE DOILY ,4,Hàng mua sỉ theo lô,"Kệ dưới / pallet cuối dãy, đóng gói theo thùng-lốc; gắn biển giá theo số lượng.",896.41,94,1.3016842105263158
17109B,FLOWER FAIRY INCENSE LAVENDER,4,Hàng mua sỉ theo lô,"Kệ dưới / pallet cuối dãy, đóng gói theo thùng-lốc; gắn biển giá theo số lượng.",896.3399999999999,17,1.316470588235294
20941,FROG CANDLE,4,Hàng mua sỉ theo lô,"Kệ dưới / pallet cuối dãy, đóng gói theo thùng-lốc; gắn biển giá theo số lượng.",896.28,124,1.7728799999999998
21676,FLOWERS  STICKERS,4,Hàng mua sỉ theo lô,"Kệ dưới / pallet cuối dãy, đóng gói theo thùng-lốc; gắn biển giá theo số lượng.",893.7199999999999,159,1.0138364779874214
20759,CHRYSANTHEMUM POCKET BOOK ,4,Hàng mua sỉ theo lô,"Kệ dưới / pallet cuối dãy, đóng gói theo thùng-lốc; gắn biển giá theo số lượng.",891.13,63,0.7725396825396825
20757,RED DAISY POCKET BOOK ,4,Hàng mua sỉ theo lô,"Kệ dưới / pallet cuối dãy, đóng gói theo thùng-lốc; gắn biển giá theo số lượng.",890.7,78,0.8440506329113923
85194S,HANGING SPRING FLOWER EGG SMALL,4,Hàng mua sỉ theo lô,"Kệ dưới / pallet cuối dãy, đóng gói theo thùng-lốc; gắn biển giá theo số lượng.",889.46,131,0.783233082706767
20991,JAZZ HEARTS MAGNETIC MEMO PAD,4,Hàng mua sỉ theo lô,"Kệ dưới / pallet cuối dãy, đóng gói theo thùng-lốc; gắn biển giá theo số lượng.",884.5600000000002,32,0.9515625000000001
72799A,BLACK PILLAR CANDLE SILVER FLOCK,4,Hàng mua sỉ theo lô,"Kệ dưới / pallet cuối dãy, đóng gói theo thùng-lốc; gắn biển giá theo số lượng.",877.8000000000001,18,2.4555555555555557
21062,PARTY INVITES SPACEMAN,4,Hàng mua sỉ theo lô,"Kệ dưới / pallet cuối dãy, đóng gói theo thùng-lốc; gắn biển giá theo số lượng.",875.87,136,0.8674452554744526
35598B,BLACK CHRISTMAS TREE 60CM,4,Hàng mua sỉ theo lô,"Kệ dưới / pallet cuối dãy, đóng gói theo thùng-lốc; gắn biển giá theo số lượng.",874.6500000000001,57,2.5542105263157895
20803,SMALL PINK GLASS SUNDAE DISH,4,Hàng mua sỉ theo lô,"Kệ dưới / pallet cuối dãy, đóng gói theo thùng-lốc; gắn biển giá theo số lượng.",874.4599999999999,84,1.6960714285714285
21338,MARAKESH LANTERN SMALL ,4,Hàng mua sỉ theo lô,"Kệ dưới / pallet cuối dãy, đóng gói theo thùng-lốc; gắn biển giá theo số lượng.",873.25,13,6.314285714285715
84925F,PSYCHEDELIC WALL THERMOMETER,4,Hàng mua sỉ theo lô,"Kệ dưới / pallet cuối dãy, đóng gói theo thùng-lốc; gắn biển giá theo số lượng.",873.11,34,2.2376470588235295
21414,SCALLOP SHELL SOAP DISH,4,Hàng mua sỉ theo lô,"Kệ dưới / pallet cuối dãy, đóng gói theo thùng-lốc; gắn biển giá theo số lượng.",870.89,36,2.922972972972973
23220,REINDEER HEART DECORATION GOLD,4,Hàng mua sỉ theo lô,"Kệ dưới / pallet cuối dãy, đóng gói theo thùng-lốc; gắn biển giá theo số lượng.",869.15,103,1.0827884615384615
84826,ASSTD DESIGN 3D PAPER STICKERS,4,Hàng mua sỉ theo lô,"Kệ dưới / pallet cuối dãy, đóng gói theo thùng-lốc; gắn biển giá theo số lượng.",869.08,51,0.6558490566037736
17033,"BROCADE PURSE,SMALL ARCH BUTTON",4,Hàng mua sỉ theo lô,"Kệ dưới / pallet cuối dãy, đóng gói theo thùng-lốc; gắn biển giá theo số lượng.",867.8399999999999,69,0.28536231884057967
85166B,BLACK METAL BAROQUE PHOTO FRAME,4,Hàng mua sỉ theo lô,"Kệ dưới / pallet cuối dãy, đóng gói theo thùng-lốc; gắn biển giá theo số lượng.",864.1,38,3.8473684210526313
21635,MADRAS NOTEBOOK LARGE ,4,Hàng mua sỉ theo lô,"Kệ dưới / pallet cuối dãy, đóng gói theo thùng-lốc; gắn biển giá theo số lượng.",855.24,42,3.29046511627907
20756,GREEN FERN POCKET BOOK,4,Hàng mua sỉ theo lô,"Kệ dưới / pallet cuối dãy, đóng gói theo thùng-lốc; gắn biển giá theo số lượng.",851.5600000000001,64,0.8060937499999999
35954,SMALL FOLKART STAR CHRISTMAS DEC,4,Hàng mua sỉ theo lô,"Kệ dưới / pallet cuối dãy, đóng gói theo thùng-lốc; gắn biển giá theo số lượng.",850.49,111,1.2202678571428571
21458,2 PICTURE BOOK EGGS EASTER BUNNY,4,Hàng mua sỉ theo lô,"Kệ dưới / pallet cuối dãy, đóng gói theo thùng-lốc; gắn biển giá theo số lượng.",849.24,88,1.635
22547,MINI JIGSAW DINOSAUR ,4,Hàng mua sỉ theo lô,"Kệ dưới / pallet cuối dãy, đóng gói theo thùng-lốc; gắn biển giá theo số lượng.",846.82,189,0.5929687499999999
22820,GIFT BAG BIRTHDAY,4,Hàng mua sỉ theo lô,"Kệ dưới / pallet cuối dãy, đóng gói theo thùng-lốc; gắn biển giá theo số lượng.",845.1300000000001,110,0.6358558558558558
37423,WHITE WITH BLACK CATS PLATE,4,Hàng mua sỉ theo lô,"Kệ dưới / pallet cuối dãy, đóng gói theo thùng-lốc; gắn biển giá theo số lượng.",843.88,70,1.330285714285714
23564,EGG CUP MILKMAID INGRID,4,Hàng mua sỉ theo lô,"Kệ dưới / pallet cuối dãy, đóng gói theo thùng-lốc; gắn biển giá theo số lượng.",841.31,76,1.7567105263157894
23551,PACK OF 12 PAISLEY PARK TISSUES ,4,Hàng mua sỉ theo lô,"Kệ dưới / pallet cuối dãy, đóng gói theo thùng-lốc; gắn biển giá theo số lượng.",839.8399999999999,136,0.5168115942028985
85231L,LAVENDER SCENTED SET/9 T-LIGHTS,4,Hàng mua sỉ theo lô,"Kệ dưới / pallet cuối dãy, đóng gói theo thùng-lốc; gắn biển giá theo số lượng.",838.3499999999999,116,0.914915254237288
17039,INLAID WOOD INCENSE HOLDER,4,Hàng mua sỉ theo lô,"Kệ dưới / pallet cuối dãy, đóng gói theo thùng-lốc; gắn biển giá theo số lượng.",837.88,43,0.3774418604651163
85071C,"CHARLIE+LOLA""EXTREMELY BUSY"" SIGN",4,Hàng mua sỉ theo lô,"Kệ dưới / pallet cuối dãy, đóng gói theo thùng-lốc; gắn biển giá theo số lượng.",837.23,141,1.6756338028169013
20776,ABSTRACT CIRCLES NOTEBOOK,4,Hàng mua sỉ theo lô,"Kệ dưới / pallet cuối dãy, đóng gói theo thùng-lốc; gắn biển giá theo số lượng.",832.66,84,1.7828235294117647
85196,EASTER BUNNIES ON A STICK,4,Hàng mua sỉ theo lô,"Kệ dưới / pallet cuối dãy, đóng gói theo thùng-lốc; gắn biển giá theo số lượng.",831.0400000000001,71,0.875492957746479
85213,MINI  ZINC GARDEN DECORATIONS ,4,Hàng mua sỉ theo lô,"Kệ dưới / pallet cuối dãy, đóng gói theo thùng-lốc; gắn biển giá theo số lượng.",828.9999999999999,80,1.051
85188A,GREEN METAL SWINGING BUNNY,4,Hàng mua sỉ theo lô,"Kệ dưới / pallet cuối dãy, đóng gói theo thùng-lốc; gắn biển giá theo số lượng.",824.9699999999999,105,1.0245714285714285
72801G,4 BURGUNDY WINE DINNER CANDLES,4,Hàng mua sỉ theo lô,"Kệ dưới / pallet cuối dãy, đóng gói theo thùng-lốc; gắn biển giá theo số lượng.",821.22,67,1.404705882352941
21654,RIDGED GLASS FINGER BOWL,4,Hàng mua sỉ theo lô,"Kệ dưới / pallet cuối dãy, đóng gói theo thùng-lốc; gắn biển giá theo số lượng.",820.21,82,1.2796385542168673
23186,FRENCH STYLE STORAGE JAR CAFE ,4,Hàng mua sỉ theo lô,"Kệ dưới / pallet cuối dãy, đóng gói theo thùng-lốc; gắn biển giá theo số lượng.",819.4599999999999,70,0.3409859154929577
22289,"DECORATION , HANGING METAL CHICKEN",4,Hàng mua sỉ theo lô,"Kệ dưới / pallet cuối dãy, đóng gói theo thùng-lốc; gắn biển giá theo số lượng.",817.48,76,1.5467948717948716
23324,RUSTIC STRAWBERRY JAM POT LARGE ,4,Hàng mua sỉ theo lô,"Kệ dưới / pallet cuối dãy, đóng gói theo thùng-lốc; gắn biển giá theo số lượng.",816.0400000000001,44,2.209318181818182
84922,PINK BUTTERFLY WASHBAG,4,Hàng mua sỉ theo lô,"Kệ dưới / pallet cuối dãy, đóng gói theo thùng-lốc; gắn biển giá theo số lượng.",808.22,17,5.865882352941177
23022,SMALL BONNE JAM JAR  T-LIGHT HOLDER,4,Hàng mua sỉ theo lô,"Kệ dưới / pallet cuối dãy, đóng gói theo thùng-lốc; gắn biển giá theo số lượng.",808.16,22,2.0316666666666667
22344,PARTY PIZZA DISH PINK POLKADOT,4,Hàng mua sỉ theo lô,"Kệ dưới / pallet cuối dãy, đóng gói theo thùng-lốc; gắn biển giá theo số lượng.",807.3199999999999,133,0.8374436090225563
84767,ZINC POLICE BOX LANTERN,4,Hàng mua sỉ theo lô,"Kệ dưới / pallet cuối dãy, đóng gói theo thùng-lốc; gắn biển giá theo số lượng.",806.22,6,7.395
17012A,ORIGAMI VANILLA INCENSE/CANDLE SET ,4,Hàng mua sỉ theo lô,"Kệ dưới / pallet cuối dãy, đóng gói theo thùng-lốc; gắn biển giá theo số lượng.",806.16,95,2.225520833333333
16011,ANIMAL STICKERS,4,Hàng mua sỉ theo lô,"Kệ dưới / pallet cuối dãy, đóng gói theo thùng-lốc; gắn biển giá theo số lượng.",799.3199999999999,112,0.20955357142857142
23521,WALL ART CAT AND BIRD ,4,Hàng mua sỉ theo lô,"Kệ dưới / pallet cuối dãy, đóng gói theo thùng-lốc; gắn biển giá theo số lượng.",793.37,44,4.204090909090909
84625D,WHITE NEWBAROQUE CANDLESTICK CANDLE,4,Hàng mua sỉ theo lô,"Kệ dưới / pallet cuối dãy, đóng gói theo thùng-lốc; gắn biển giá theo số lượng.",793.34,51,2.3296153846153844
35915C,PEACH KNITTED HEN ,4,Hàng mua sỉ theo lô,"Kệ dưới / pallet cuối dãy, đóng gói theo thùng-lốc; gắn biển giá theo số lượng.",793.3199999999999,82,1.3530487804878046
23519,EMBROIDERED RIBBON REEL CLAIRE,4,Hàng mua sỉ theo lô,"Kệ dưới / pallet cuối dãy, đóng gói theo thùng-lốc; gắn biển giá theo số lượng.",792.31,24,4.484583333333333
85017A,ENVELOPE 50 ROMANTIC IMAGES,4,Hàng mua sỉ theo lô,"Kệ dưới / pallet cuối dãy, đóng gói theo thùng-lốc; gắn biển giá theo số lượng.",792.15,174,0.8269142857142857
23568,EGG CUP HENRIETTA HEN CREAM ,4,Hàng mua sỉ theo lô,"Kệ dưới / pallet cuối dãy, đóng gói theo thùng-lốc; gắn biển giá theo số lượng.",787.52,48,1.7454166666666666
72799C,PINK PILLAR CANDLE SILVER FLOCK,4,Hàng mua sỉ theo lô,"Kệ dưới / pallet cuối dãy, đóng gói theo thùng-lốc; gắn biển giá theo số lượng.",783.1,48,3.06625
20989,URBAN CHIC CHOPSTICKS SET/5,4,Hàng mua sỉ theo lô,"Kệ dưới / pallet cuối dãy, đóng gói theo thùng-lốc; gắn biển giá theo số lượng.",782.18,57,2.269824561403509
37461,FUNKY MONKEY MUG,4,Hàng mua sỉ theo lô,"Kệ dưới / pallet cuối dãy, đóng gói theo thùng-lốc; gắn biển giá theo số lượng.",778.64,95,1.61
21456,2 PICTURE BOOK EGGS EASTER CHICKS,4,Hàng mua sỉ theo lô,"Kệ dưới / pallet cuối dãy, đóng gói theo thùng-lốc; gắn biển giá theo số lượng.",776.05,65,1.447878787878788
21015,DARK BIRD HOUSE TREE DECORATION,4,Hàng mua sỉ theo lô,"Kệ dưới / pallet cuối dãy, đóng gói theo thùng-lốc; gắn biển giá theo số lượng.",771.7299999999999,186,0.7685106382978723
72755C,FLOWER FAIRY OIL BURNER SET ROSE,4,Hàng mua sỉ theo lô,"Kệ dưới / pallet cuối dãy, đóng gói theo thùng-lốc; gắn biển giá theo số lượng.",767.0,14,1.8928571428571428
72750A,"F.FAIRY S/3 CANDLE/GLASS,LILY/VALLY",4,Hàng mua sỉ theo lô,"Kệ dưới / pallet cuối dãy, đóng gói theo thùng-lốc; gắn biển giá theo số lượng.",766.85,16,2.45
35095B,RED VICTORIAN FABRIC OVAL BOX,4,Hàng mua sỉ theo lô,"Kệ dưới / pallet cuối dãy, đóng gói theo thùng-lốc; gắn biển giá theo số lượng.",766.64,177,0.6162146892655367
16259,PIECE OF CAMO STATIONERY SET,4,Hàng mua sỉ theo lô,"Kệ dưới / pallet cuối dãy, đóng gói theo thùng-lốc; gắn biển giá theo số lượng.",766.09,55,0.14618181818181816
16244B,MAXWELL 2 TONE BLUE 60 PAGE PHOTO A,4,Hàng mua sỉ theo lô,"Kệ dưới / pallet cuối dãy, đóng gói theo thùng-lốc; gắn biển giá theo số lượng.",765.02,28,3.872068965517241
23550,WRAP ALPHABET POSTER  ,4,Hàng mua sỉ theo lô,"Kệ dưới / pallet cuối dãy, đóng gói theo thùng-lốc; gắn biển giá theo số lượng.",763.1,64,0.41875
23006,TRAVEL CARD WALLET FLOWER MEADOW,4,Hàng mua sỉ theo lô,"Kệ dưới / pallet cuối dãy, đóng gói theo thùng-lốc; gắn biển giá theo số lượng.",762.75,173,0.5191907514450866
23123,COCKTAIL SWORDS 50 PIECES,4,Hàng mua sỉ theo lô,"Kệ dưới / pallet cuối dãy, đóng gói theo thùng-lốc; gắn biển giá theo số lượng.",759.5699999999999,95,1.014421052631579
17165B,ASS COL LARGE SAND GECKO P'WEIGHT,4,Hàng mua sỉ theo lô,"Kệ dưới / pallet cuối dãy, đóng gói theo thùng-lốc; gắn biển giá theo số lượng.",751.6800000000001,57,1.0298360655737704
23124,18PC WOODEN CUTLERY SET DISPOSABLE,4,Hàng mua sỉ theo lô,"Kệ dưới / pallet cuối dãy, đóng gói theo thùng-lốc; gắn biển giá theo số lượng.",751.38,43,1.751627906976744
23223,CHRISTMAS TREE HANGING SILVER ,4,Hàng mua sỉ theo lô,"Kệ dưới / pallet cuối dãy, đóng gói theo thùng-lốc; gắn biển giá theo số lượng.",750.1899999999999,88,1.089438202247191
35647,VINTAGE BEAD PINK SHADE ,4,Hàng mua sỉ theo lô,"Kệ dưới / pallet cuối dãy, đóng gói theo thùng-lốc; gắn biển giá theo số lượng.",748.24,74,1.7655999999999998
84842,HELLO SAILOR BATHROOM SET,4,Hàng mua sỉ theo lô,"Kệ dưới / pallet cuối dãy, đóng gói theo thùng-lốc; gắn biển giá theo số lượng.",744.1500000000001,35,4.434571428571429
21319,GLASS CHALICE GREEN  SMALL ,4,Hàng mua sỉ theo lô,"Kệ dưới / pallet cuối dãy, đóng gói theo thùng-lốc; gắn biển giá theo số lượng.",743.6099999999999,65,1.9736923076923076
72800A,S/4 BLACK DINNER CANDLE SILVER FLOC,4,Hàng mua sỉ theo lô,"Kệ dưới / pallet cuối dãy, đóng gói theo thùng-lốc; gắn biển giá theo số lượng.",743.26,46,2.9821739130434786
84821,DANISH ROSE DELUXE COASTER,4,Hàng mua sỉ theo lô,"Kệ dưới / pallet cuối dãy, đóng gói theo thùng-lốc; gắn biển giá theo số lượng.",742.5,74,0.7973333333333333
23325,RUSTIC STRAWBERRY JAM POT SMALL,4,Hàng mua sỉ theo lô,"Kệ dưới / pallet cuối dãy, đóng gói theo thùng-lốc; gắn biển giá theo số lượng.",740.9399999999999,35,1.8145714285714285
21503,TOYBOX  WRAP ,4,Hàng mua sỉ theo lô,"Kệ dưới / pallet cuối dãy, đóng gói theo thùng-lốc; gắn biển giá theo số lượng.",740.42,64,0.41875
85130C,BEADED CRYSTAL HEART BLUE  LARGE,4,Hàng mua sỉ theo lô,"Kệ dưới / pallet cuối dãy, đóng gói theo thùng-lốc; gắn biển giá theo số lượng.",737.89,68,1.3602898550724638
23435,3 RAFFIA RIBBONS VINTAGE CHRISTMAS,4,Hàng mua sỉ theo lô,"Kệ dưới / pallet cuối dãy, đóng gói theo thùng-lốc; gắn biển giá theo số lượng.",732.4200000000001,99,0.8976767676767677
47503F,ASS FLORAL PRINT TORCH,4,Hàng mua sỉ theo lô,"Kệ dưới / pallet cuối dãy, đóng gói theo thùng-lốc; gắn biển giá theo số lượng.",729.9499999999999,11,1.5227272727272727
84971L,LARGE HEART FLOWERS HOOK   ,4,Hàng mua sỉ theo lô,"Kệ dưới / pallet cuối dãy, đóng gói theo thùng-lốc; gắn biển giá theo số lượng.",728.4300000000001,59,1.5868333333333333
21443,OLIVE CHALET BIRDFEEDER,4,Hàng mua sỉ theo lô,"Kệ dưới / pallet cuối dãy, đóng gói theo thùng-lốc; gắn biển giá theo số lượng.",727.9300000000001,26,4.631923076923077
23522,WALL ART DOG AND BALL ,4,Hàng mua sỉ theo lô,"Kệ dưới / pallet cuối dãy, đóng gói theo thùng-lốc; gắn biển giá theo số lượng.",727.4399999999999,32,3.680625
20657,TROPICAL LUGGAGE TAG,4,Hàng mua sỉ theo lô,"Kệ dưới / pallet cuối dãy, đóng gói theo thùng-lốc; gắn biển giá theo số lượng.",726.47,118,1.3230508474576272
85230F,JASMINE VOTIVE CANDLE,4,Hàng mua sỉ theo lô,"Kệ dưới / pallet cuối dãy, đóng gói theo thùng-lốc; gắn biển giá theo số lượng.",725.6999999999999,62,0.2770967741935484
35095A,BLUE VICTORIAN FABRIC OVAL BOX,4,Hàng mua sỉ theo lô,"Kệ dưới / pallet cuối dãy, đóng gói theo thùng-lốc; gắn biển giá theo số lượng.",725.56,166,0.6371686746987951
84595E,LARGE TORTILLA DESIGN RED BOWL,4,Hàng mua sỉ theo lô,"Kệ dưới / pallet cuối dãy, đóng gói theo thùng-lốc; gắn biển giá theo số lượng.",723.5699999999999,43,3.282093023255814
84976,RECTANGULAR SHAPED MIRROR,4,Hàng mua sỉ theo lô,"Kệ dưới / pallet cuối dãy, đóng gói theo thùng-lốc; gắn biển giá theo số lượng.",722.76,56,1.6939285714285715
10134,COLOURING PENCILS BROWN TUBE,4,Hàng mua sỉ theo lô,"Kệ dưới / pallet cuối dãy, đóng gói theo thùng-lốc; gắn biển giá theo số lượng.",721.13,52,1.2907407407407407
84684,BEACH HUT PHOTO FRAME,4,Hàng mua sỉ theo lô,"Kệ dưới / pallet cuối dãy, đóng gói theo thùng-lốc; gắn biển giá theo số lượng.",720.6999999999999,40,3.28775
85017C,ENVELOPE 50 CURIOUS IMAGES,4,Hàng mua sỉ theo lô,"Kệ dưới / pallet cuối dãy, đóng gói theo thùng-lốc; gắn biển giá theo số lượng.",719.67,119,0.8070247933884298
23222,CHRISTMAS TREE HANGING GOLD,4,Hàng mua sỉ theo lô,"Kệ dưới / pallet cuối dãy, đóng gói theo thùng-lốc; gắn biển giá theo số lượng.",718.53,75,1.0467532467532468
35951,FOLKART BAUBLE CHRISTMAS DECORATION,4,Hàng mua sỉ theo lô,"Kệ dưới / pallet cuối dãy, đóng gói theo thùng-lốc; gắn biển giá theo số lượng.",717.99,46,1.1871739130434782
21457,2 PICTURE BOOK EGGS EASTER DUCKS,4,Hàng mua sỉ theo lô,"Kệ dưới / pallet cuối dãy, đóng gói theo thùng-lốc; gắn biển giá theo số lượng.",716.0,65,1.5447692307692307
21076,SET/20 COLLAGE PAPER NAPKIN ,4,Hàng mua sỉ theo lô,"Kệ dưới / pallet cuối dãy, đóng gói theo thùng-lốc; gắn biển giá theo số lượng.",714.55,92,0.9846808510638299
20850,ZINC HEART LATTICE PLANTER BOWL,4,Hàng mua sỉ theo lô,"Kệ dưới / pallet cuối dãy, đóng gói theo thùng-lốc; gắn biển giá theo số lượng.",713.8000000000001,23,2.8434782608695657
35915B,BLUE KNITTED HEN ,4,Hàng mua sỉ theo lô,"Kệ dưới / pallet cuối dãy, đóng gói theo thùng-lốc; gắn biển giá theo số lượng.",713.7299999999999,67,1.2102941176470587
21133,PAINTED BIRD ASSORTED CHRISTMAS,4,Hàng mua sỉ theo lô,"Kệ dưới / pallet cuối dãy, đóng gói theo thùng-lốc; gắn biển giá theo số lượng.",712.91,42,2.1664285714285714
79030D,TUMBLER BAROQUE,4,Hàng mua sỉ theo lô,"Kệ dưới / pallet cuối dãy, đóng gói theo thùng-lốc; gắn biển giá theo số lượng.",711.64,61,2.0401639344262295
16015,MEDIUM CHINESE STYLE SCISSOR,4,Hàng mua sỉ theo lô,"Kệ dưới / pallet cuối dãy, đóng gói theo thùng-lốc; gắn biển giá theo số lượng.",711.38,65,0.4870769230769231
22345,PARTY PIZZA DISH BLUE POLKADOT,4,Hàng mua sỉ theo lô,"Kệ dưới / pallet cuối dãy, đóng gói theo thùng-lốc; gắn biển giá theo số lượng.",710.5999999999999,128,0.8035384615384615
22100,SKULLS SQUARE TISSUE BOX,4,Hàng mua sỉ theo lô,"Kệ dưới / pallet cuối dãy, đóng gói theo thùng-lốc; gắn biển giá theo số lượng.",709.5,127,1.46125
21265,PINK GOOSE FEATHER TREE 60CM,4,Hàng mua sỉ theo lô,"Kệ dưới / pallet cuối dãy, đóng gói theo thùng-lốc; gắn biển giá theo số lượng.",705.59,34,3.586470588235294
84952C,MIRROR LOVE BIRD T-LIGHT HOLDER,4,Hàng mua sỉ theo lô,"Kệ dưới / pallet cuối dãy, đóng gói theo thùng-lốc; gắn biển giá theo số lượng.",705.01,42,3.347674418604651
21442,GREEN BIRDHOUSE DECORATION,4,Hàng mua sỉ theo lô,"Kệ dưới / pallet cuối dãy, đóng gói theo thùng-lốc; gắn biển giá theo số lượng.",704.9699999999999,136,1.1215441176470589
84869,CANDY BUTTON PHOTO ALBUM,4,Hàng mua sỉ theo lô,"Kệ dưới / pallet cuối dãy, đóng gói theo thùng-lốc; gắn biển giá theo số lượng.",703.54,26,5.044615384615384
85231E,STRAWBERRY SCENTED SET/9 T-LIGHTS,4,Hàng mua sỉ theo lô,"Kệ dưới / pallet cuối dãy, đóng gói theo thùng-lốc; gắn biển giá theo số lượng.",696.89,107,0.9539814814814815
22036,DINOSAUR BIRTHDAY CARD,4,Hàng mua sỉ theo lô,"Kệ dưới / pallet cuối dãy, đóng gói theo thùng-lốc; gắn biển giá theo số lượng.",695.11,135,0.49740740740740735
23187,FRENCH STYLE STORAGE JAR BONBONS,4,Hàng mua sỉ theo lô,"Kệ dưới / pallet cuối dãy, đóng gói theo thùng-lốc; gắn biển giá theo số lượng.",695.06,74,0.3154666666666667
72755D,FLOWER FAIRY OIL BURNER SET SUMMER,4,Hàng mua sỉ theo lô,"Kệ dưới / pallet cuối dãy, đóng gói theo thùng-lốc; gắn biển giá theo số lượng.",693.25,13,1.9423076923076923
72131,COLUMBIAN CANDLE RECTANGLE,4,Hàng mua sỉ theo lô,"Kệ dưới / pallet cuối dãy, đóng gói theo thùng-lốc; gắn biển giá theo số lượng.",692.28,56,1.6534482758620688
84993A,75 GREEN PETIT FOUR CASES,4,Hàng mua sỉ theo lô,"Kệ dưới / pallet cuối dãy, đóng gói theo thùng-lốc; gắn biển giá theo số lượng.",691.32,207,0.5764423076923076
20862,PINK PATCH PENCIL CASE BLUE HEART,4,Hàng mua sỉ theo lô,"Kệ dưới / pallet cuối dãy, đóng gói theo thùng-lốc; gắn biển giá theo số lượng.",691.1400000000001,37,2.6216216216216215
72753A,S/3 FLWR FAIRY LILLY CANDLES,4,Hàng mua sỉ theo lô,"Kệ dưới / pallet cuối dãy, đóng gói theo thùng-lốc; gắn biển giá theo số lượng.",690.24,14,3.735
35964,FOLKART CLIP ON STARS,4,Hàng mua sỉ theo lô,"Kệ dưới / pallet cuối dãy, đóng gói theo thùng-lốc; gắn biển giá theo số lượng.",689.76,132,1.1159701492537313
85186A,EASTER BUNNY GARLAND OF FLOWERS,4,Hàng mua sỉ theo lô,"Kệ dưới / pallet cuối dãy, đóng gói theo thùng-lốc; gắn biển giá theo số lượng.",685.87,159,0.6140625
72801C,4 ROSE PINK DINNER CANDLES,4,Hàng mua sỉ theo lô,"Kệ dưới / pallet cuối dãy, đóng gói theo thùng-lốc; gắn biển giá theo số lượng.",685.03,92,1.8013043478260868
37492D,PURPLE GREEN FLOWER PIGGY BANK,4,Hàng mua sỉ theo lô,"Kệ dưới / pallet cuối dãy, đóng gói theo thùng-lốc; gắn biển giá theo số lượng.",682.9899999999999,26,4.201538461538462
23120,PACK OF 6 SMALL FRUIT STRAWS,4,Hàng mua sỉ theo lô,"Kệ dưới / pallet cuối dãy, đóng gói theo thùng-lốc; gắn biển giá theo số lượng.",682.39,100,0.46819047619047616
85023B,EAU DE NILE JEWELLED PHOTOFRAME,4,Hàng mua sỉ theo lô,"Kệ dưới / pallet cuối dãy, đóng gói theo thùng-lốc; gắn biển giá theo số lượng.",682.35,38,2.526315789473684
17165D,ASS COL LARGE SAND FROG P'WEIGHT,4,Hàng mua sỉ theo lô,"Kệ dưới / pallet cuối dãy, đóng gói theo thùng-lốc; gắn biển giá theo số lượng.",682.32,89,1.0346236559139785
22033,BOTANICAL ROSE GREETING CARD,4,Hàng mua sỉ theo lô,"Kệ dưới / pallet cuối dãy, đóng gói theo thùng-lốc; gắn biển giá theo số lượng.",681.93,128,0.481640625
85084,HOLLY TOP CHRISTMAS STOCKING,4,Hàng mua sỉ theo lô,"Kệ dưới / pallet cuối dãy, đóng gói theo thùng-lốc; gắn biển giá theo số lượng.",681.4,84,1.0668965517241378
21386,IVORY HANGING DECORATION  EGG,4,Hàng mua sỉ theo lô,"Kệ dưới / pallet cuối dãy, đóng gói theo thùng-lốc; gắn biển giá theo số lượng.",680.78,105,0.8370909090909091
23597,PAPER BUNTING PAISLEY PARK,4,Hàng mua sỉ theo lô,"Kệ dưới / pallet cuối dãy, đóng gói theo thùng-lốc; gắn biển giá theo số lượng.",679.07,31,3.186129032258065
84925D,LA PALMIERA WALL THERMOMETER,4,Hàng mua sỉ theo lô,"Kệ dưới / pallet cuối dãy, đóng gói theo thùng-lốc; gắn biển giá theo số lượng.",677.45,26,2.321153846153846
37444C,PINK BREAKFAST CUP AND SAUCER ,4,Hàng mua sỉ theo lô,"Kệ dưới / pallet cuối dãy, đóng gói theo thùng-lốc; gắn biển giá theo số lượng.",673.72,54,4.633888888888889
22034,ROBIN CHRISTMAS CARD,4,Hàng mua sỉ theo lô,"Kệ dưới / pallet cuối dãy, đóng gói theo thùng-lốc; gắn biển giá theo số lượng.",673.49,94,0.4511702127659574
72023F,RED ORGANIC CANDLE IN GLASS,4,Hàng mua sỉ theo lô,"Kệ dưới / pallet cuối dãy, đóng gói theo thùng-lốc; gắn biển giá theo số lượng.",669.62,49,1.3499999999999999
23024,LARGE BONNE JAM JAR  T-LIGHT HOLDER,4,Hàng mua sỉ theo lô,"Kệ dưới / pallet cuối dãy, đóng gói theo thùng-lốc; gắn biển giá theo số lượng.",667.8500000000001,11,3.0081818181818183
85203,HANGING WOOD AND FELT BUTTERFLY ,4,Hàng mua sỉ theo lô,"Kệ dưới / pallet cuối dãy, đóng gói theo thùng-lốc; gắn biển giá theo số lượng.",665.91,224,0.5662337662337663
21879,HEARTS GIFT TAPE,4,Hàng mua sỉ theo lô,"Kệ dưới / pallet cuối dãy, đóng gói theo thùng-lốc; gắn biển giá theo số lượng.",664.84,152,0.7494771241830065
21884,CAKES AND BOWS GIFT  TAPE,4,Hàng mua sỉ theo lô,"Kệ dưới / pallet cuối dãy, đóng gói theo thùng-lốc; gắn biển giá theo số lượng.",663.61,161,0.9903105590062111
21197,MULTICOLOUR  CONFETTI IN TUBE,4,Hàng mua sỉ theo lô,"Kệ dưới / pallet cuối dãy, đóng gói theo thùng-lốc; gắn biển giá theo số lượng.",661.81,45,1.6319565217391303
23547,WRAP FLOWER SHOP  ,4,Hàng mua sỉ theo lô,"Kệ dưới / pallet cuối dãy, đóng gói theo thùng-lốc; gắn biển giá theo số lượng.",661.5,62,0.42
17109C,FLOWER FAIRY INCENSE ROSE,4,Hàng mua sỉ theo lô,"Kệ dưới / pallet cuối dãy, đóng gói theo thùng-lốc; gắn biển giá theo số lượng.",661.23,15,1.238
23482,PEARLISED IVORY HEART LARGE ,4,Hàng mua sỉ theo lô,"Kệ dưới / pallet cuối dãy, đóng gói theo thùng-lốc; gắn biển giá theo số lượng.",661.02,39,1.765897435897436
85188B,PINK METAL SWINGING BUNNY,4,Hàng mua sỉ theo lô,"Kệ dưới / pallet cuối dãy, đóng gói theo thùng-lốc; gắn biển giá theo số lượng.",660.88,74,1.0734210526315788
16169K,WRAP FOLK ART,4,Hàng mua sỉ theo lô,"Kệ dưới / pallet cuối dãy, đóng gói theo thùng-lốc; gắn biển giá theo số lượng.",658.75,60,0.3625
85186C,BUNNY EGG GARLAND,4,Hàng mua sỉ theo lô,"Kệ dưới / pallet cuối dãy, đóng gói theo thùng-lốc; gắn biển giá theo số lượng.",658.19,152,0.6046794871794872
22056,CERAMIC PLATE LOVE HEART DESIGN,4,Hàng mua sỉ theo lô,"Kệ dưới / pallet cuối dãy, đóng gói theo thùng-lốc; gắn biển giá theo số lượng.",656.87,34,1.9435294117647057
85028S,FRENCH CHATEAU SMALL FRUITBOWL,4,Hàng mua sỉ theo lô,"Kệ dưới / pallet cuối dãy, đóng gói theo thùng-lốc; gắn biển giá theo số lượng.",656.82,33,3.327058823529412
21441,BLUE BIRDHOUSE DECORATION,4,Hàng mua sỉ theo lô,"Kệ dưới / pallet cuối dãy, đóng gói theo thùng-lốc; gắn biển giá theo số lượng.",655.4599999999999,133,1.1006716417910447
85028L,FRENCH CHATEAU LARGE FRUIT BOWL ,4,Hàng mua sỉ theo lô,"Kệ dưới / pallet cuối dãy, đóng gói theo thùng-lốc; gắn biển giá theo số lượng.",654.01,27,5.863333333333333
85019C,CURIOUS  IMAGES NOTEBOOK SET,4,Hàng mua sỉ theo lô,"Kệ dưới / pallet cuối dãy, đóng gói theo thùng-lốc; gắn biển giá theo số lượng.",651.19,25,3.3876
21307,SET/4 BUTTERFLY MIRROR MAGNETS,4,Hàng mua sỉ theo lô,"Kệ dưới / pallet cuối dãy, đóng gói theo thùng-lốc; gắn biển giá theo số lượng.",650.07,72,2.1256944444444446
20714,POSY SHOPPER BAG,4,Hàng mua sỉ theo lô,"Kệ dưới / pallet cuối dãy, đóng gói theo thùng-lốc; gắn biển giá theo số lượng.",649.8199999999999,28,0.9467857142857142
23224,CHERUB HEART DECORATION GOLD,4,Hàng mua sỉ theo lô,"Kệ dưới / pallet cuối dãy, đóng gói theo thùng-lốc; gắn biển giá theo số lượng.",649.02,71,1.0394366197183098
17164B,ASS COL SMALL SAND GECKO P'WEIGHT,4,Hàng mua sỉ theo lô,"Kệ dưới / pallet cuối dãy, đóng gói theo thùng-lốc; gắn biển giá theo số lượng.",646.56,81,0.4168292682926829
21134,VICTORIAN METAL POSTCARD CHRISTMAS,4,Hàng mua sỉ theo lô,"Kệ dưới / pallet cuối dãy, đóng gói theo thùng-lốc; gắn biển giá theo số lượng.",646.4399999999999,46,2.1581249999999996
85215,ASSORTED CHEESE FRIDGE MAGNETS,4,Hàng mua sỉ theo lô,"Kệ dưới / pallet cuối dãy, đóng gói theo thùng-lốc; gắn biển giá theo số lượng.",643.89,66,1.6874626865671642
16169M,WRAP DAISY CARPET ,4,Hàng mua sỉ theo lô,"Kệ dưới / pallet cuối dãy, đóng gói theo thùng-lốc; gắn biển giá theo số lượng.",640.95,59,0.35483333333333333
17084N,FAIRY DREAMS INCENSE ,4,Hàng mua sỉ theo lô,"Kệ dưới / pallet cuối dãy, đóng gói theo thùng-lốc; gắn biển giá theo số lượng.",640.26,187,0.34598930481283424
84520D,PACK OF 20 FAIRY CAKE PAPER NAPKINS,4,Hàng mua sỉ theo lô,"Kệ dưới / pallet cuối dãy, đóng gói theo thùng-lốc; gắn biển giá theo số lượng.",639.4699999999999,94,1.1359574468085107
21665,TRIANGULAR RIDGED GLASS POSY HOLDER,4,Hàng mua sỉ theo lô,"Kệ dưới / pallet cuối dãy, đóng gói theo thùng-lốc; gắn biển giá theo số lượng.",638.8000000000001,75,1.088974358974359
84601A,NEW BAROQUE IVORY CUSHION COVER ,4,Hàng mua sỉ theo lô,"Kệ dưới / pallet cuối dãy, đóng gói theo thùng-lốc; gắn biển giá theo số lượng.",638.34,15,3.6726666666666667
21816,CHRISTMAS TREE T-LIGHT HOLDER,4,Hàng mua sỉ theo lô,"Kệ dưới / pallet cuối dãy, đóng gói theo thùng-lốc; gắn biển giá theo số lượng.",637.3399999999999,50,1.6994117647058824
23216,LAUREL HEART ANTIQUE GOLD,4,Hàng mua sỉ theo lô,"Kệ dưới / pallet cuối dãy, đóng gói theo thùng-lốc; gắn biển giá theo số lượng.",630.73,44,1.446888888888889
85230E,STRAWBRY SCENTED VOTIVE CANDLE,4,Hàng mua sỉ theo lô,"Kệ dưới / pallet cuối dãy, đóng gói theo thùng-lốc; gắn biển giá theo số lượng.",628.41,66,0.27545454545454545
23027,DRAWER KNOB VINTAGE GLASS HEXAGON,4,Hàng mua sỉ theo lô,"Kệ dưới / pallet cuối dãy, đóng gói theo thùng-lốc; gắn biển giá theo số lượng.",627.95,30,2.216666666666667
22263,FELT EGG COSY LADYBIRD ,4,Hàng mua sỉ theo lô,"Kệ dưới / pallet cuối dãy, đóng gói theo thùng-lốc; gắn biển giá theo số lượng.",627.38,105,1.1693457943925232
22042,CHRISTMAS CARD SINGING ANGEL,4,Hàng mua sỉ theo lô,"Kệ dưới / pallet cuối dãy, đóng gói theo thùng-lốc; gắn biển giá theo số lượng.",627.19,128,0.40689922480620155
16169N,WRAP BLUE RUSSIAN FOLKART,4,Hàng mua sỉ theo lô,"Kệ dưới / pallet cuối dãy, đóng gói theo thùng-lốc; gắn biển giá theo số lượng.",626.25,56,0.3501785714285714
71101E,STANDING FAIRY POLE SUPPORT ,4,Hàng mua sỉ theo lô,"Kệ dưới / pallet cuối dãy, đóng gói theo thùng-lốc; gắn biển giá theo số lượng.",626.13,47,0.8364583333333333
85092,CANDY SPOT TEA COSY,4,Hàng mua sỉ theo lô,"Kệ dưới / pallet cuối dãy, đóng gói theo thùng-lốc; gắn biển giá theo số lượng.",622.57,24,4.058333333333333
16156N,"WRAP, FRIENDSHIP ON GREEN",4,Hàng mua sỉ theo lô,"Kệ dưới / pallet cuối dãy, đóng gói theo thùng-lốc; gắn biển giá theo số lượng.",619.5,56,0.42
22043,CHRISTMAS CARD SCREEN PRINT ,4,Hàng mua sỉ theo lô,"Kệ dưới / pallet cuối dãy, đóng gói theo thùng-lốc; gắn biển giá theo số lượng.",619.25,125,0.3331746031746031
72772,SET/4 SCENTED CANDLES IN RAMEKINS,4,Hàng mua sỉ theo lô,"Kệ dưới / pallet cuối dãy, đóng gói theo thùng-lốc; gắn biển giá theo số lượng.",615.84,9,2.531111111111111
84952B,BLACK LOVE BIRD T-LIGHT HOLDER,4,Hàng mua sỉ theo lô,"Kệ dưới / pallet cuối dãy, đóng gói theo thùng-lốc; gắn biển giá theo số lượng.",615.49,44,3.0925
20689,RETRO SISTERS EXPRESSO CUPS,4,Hàng mua sỉ theo lô,"Kệ dưới / pallet cuối dãy, đóng gói theo thùng-lốc; gắn biển giá theo số lượng.",614.1,41,6.176585365853659
22346,PARTY PIZZA DISH GREEN POLKADOT,4,Hàng mua sỉ theo lô,"Kệ dưới / pallet cuối dãy, đóng gói theo thùng-lốc; gắn biển giá theo số lượng.",612.61,103,0.8138461538461539
37351,ORANGE FLOWER MUG ,4,Hàng mua sỉ theo lô,"Kệ dưới / pallet cuối dãy, đóng gói theo thùng-lốc; gắn biển giá theo số lượng.",612.5099999999999,11,3.7536363636363634
79315W,FLYING SAUCER TABLE LIGHT IN WHITE,4,Hàng mua sỉ theo lô,"Kệ dưới / pallet cuối dãy, đóng gói theo thùng-lốc; gắn biển giá theo số lượng.",611.5100000000001,13,4.3561538461538465
84858C,PINK RIVIERA HANDBAG,4,Hàng mua sỉ theo lô,"Kệ dưới / pallet cuối dãy, đóng gói theo thùng-lốc; gắn biển giá theo số lượng.",611.0699999999999,30,5.593999999999999
22538,MINI JIGSAW GO TO THE FAIR,4,Hàng mua sỉ theo lô,"Kệ dưới / pallet cuối dãy, đóng gói theo thùng-lốc; gắn biển giá theo số lượng.",610.4300000000001,86,0.5362790697674419
16012,FOOD/DRINK SPONGE STICKERS,4,Hàng mua sỉ theo lô,"Kệ dưới / pallet cuối dãy, đóng gói theo thùng-lốc; gắn biển giá theo số lượng.",608.01,83,0.2094047619047619
84051,ASS COLOUR GLOWING TIARAS,4,Hàng mua sỉ theo lô,"Kệ dưới / pallet cuối dãy, đóng gói theo thùng-lốc; gắn biển giá theo số lượng.",607.98,60,0.8963934426229508
79190B,RETRO PLASTIC POLKA TRAY,4,Hàng mua sỉ theo lô,"Kệ dưới / pallet cuối dãy, đóng gói theo thùng-lốc; gắn biển giá theo số lượng.",603.08,136,0.539264705882353
21416,CLAM SHELL LARGE,4,Hàng mua sỉ theo lô,"Kệ dưới / pallet cuối dãy, đóng gói theo thùng-lốc; gắn biển giá theo số lượng.",603.0600000000001,22,4.120434782608696
84247G,"DECOUPAGE,GREETING CARD,",4,Hàng mua sỉ theo lô,"Kệ dưới / pallet cuối dãy, đóng gói theo thùng-lốc; gắn biển giá theo số lượng.",602.67,107,0.48644859813084107
84932A,SMALL GREEN PEONY FOLDING STOOL,4,Hàng mua sỉ theo lô,"Kệ dưới / pallet cuối dãy, đóng gói theo thùng-lốc; gắn biển giá theo số lượng.",602.6,24,3.860416666666667
20863,BLUE PATCH PENCIL CASE PINK HEART,4,Hàng mua sỉ theo lô,"Kệ dưới / pallet cuối dãy, đóng gói theo thùng-lốc; gắn biển giá theo số lượng.",601.53,50,2.4202
84876D,BLUE HEART COMPACT MIRROR,4,Hàng mua sỉ theo lô,"Kệ dưới / pallet cuối dãy, đóng gói theo thùng-lốc; gắn biển giá theo số lượng.",600.52,35,3.5862857142857143
17109D,FLOWER FAIRY INCENSE BOUQUET,4,Hàng mua sỉ theo lô,"Kệ dưới / pallet cuối dãy, đóng gói theo thùng-lốc; gắn biển giá theo số lượng.",598.3100000000001,38,1.406153846153846
47469,ASSORTED SHAPES PHOTO CLIP SILVER ,4,Hàng mua sỉ theo lô,"Kệ dưới / pallet cuối dãy, đóng gói theo thùng-lốc; gắn biển giá theo số lượng.",594.28,29,0.6308333333333334
16236,KITTY PENCIL ERASERS,4,Hàng mua sỉ theo lô,"Kệ dưới / pallet cuối dãy, đóng gói theo thùng-lốc; gắn biển giá theo số lượng.",593.29,260,0.30335849056603775
20849,ZINC HEART LATTICE DOUBLE PLANTER,4,Hàng mua sỉ theo lô,"Kệ dưới / pallet cuối dãy, đóng gói theo thùng-lốc; gắn biển giá theo số lượng.",593.03,24,4.047083333333333
22092,BLUE PAISLEY TISSUE BOX,4,Hàng mua sỉ theo lô,"Kệ dưới / pallet cuối dãy, đóng gói theo thùng-lốc; gắn biển giá theo số lượng.",592.91,140,0.8154285714285714
23377,PACK OF 12 DOLLY GIRL TISSUES,4,Hàng mua sỉ theo lô,"Kệ dưới / pallet cuối dãy, đóng gói theo thùng-lốc; gắn biển giá theo số lượng.",592.4499999999999,133,0.5607462686567164
21322,GLASS SPHERE CANDLE STAND LARGE ,4,Hàng mua sỉ theo lô,"Kệ dưới / pallet cuối dãy, đóng gói theo thùng-lốc; gắn biển giá theo số lượng.",590.45,14,4.9678571428571425
21167,WHITE SAGE INCENSE,4,Hàng mua sỉ theo lô,"Kệ dưới / pallet cuối dãy, đóng gói theo thùng-lốc; gắn biển giá theo số lượng.",587.52,114,0.3299122807017544
21223,SET/4 BADGES WOODLAND ANIMAL,4,Hàng mua sỉ theo lô,"Kệ dưới / pallet cuối dãy, đóng gói theo thùng-lốc; gắn biển giá theo số lượng.",587.08,43,1.4345454545454546
84934,ASSTD DESIGN POP ART SLIM PEN,4,Hàng mua sỉ theo lô,"Kệ dưới / pallet cuối dãy, đóng gói theo thùng-lốc; gắn biển giá theo số lượng.",586.5,13,0.9153846153846155
23499,SET 12 VINTAGE DOILY CHALK ,4,Hàng mua sỉ theo lô,"Kệ dưới / pallet cuối dãy, đóng gói theo thùng-lốc; gắn biển giá theo số lượng.",586.23,110,0.4831858407079646
21016,LIGHT BIRD HOUSE TREE DECORATION,4,Hàng mua sỉ theo lô,"Kệ dưới / pallet cuối dãy, đóng gói theo thùng-lốc; gắn biển giá theo số lượng.",582.85,82,0.9679310344827585
21419,CONCH SHELL,4,Hàng mua sỉ theo lô,"Kệ dưới / pallet cuối dãy, đóng gói theo thùng-lốc; gắn biển giá theo số lượng.",577.6899999999999,19,4.353157894736842
23125,6PC WOOD PLATE SET DISPOSABLE,4,Hàng mua sỉ theo lô,"Kệ dưới / pallet cuối dãy, đóng gói theo thùng-lốc; gắn biển giá theo số lượng.",574.88,38,1.9131578947368422
84932D,SMALL ORIENTAL RED FOLDING STOOL,4,Hàng mua sỉ theo lô,"Kệ dưới / pallet cuối dãy, đóng gói theo thùng-lốc; gắn biển giá theo số lượng.",574.71,21,4.629047619047619
47421,ASSORTED COLOUR LIZARD SUCTION HOOK,4,Hàng mua sỉ theo lô,"Kệ dưới / pallet cuối dãy, đóng gói theo thùng-lốc; gắn biển giá theo số lượng.",572.6999999999999,74,0.41481481481481486
17013D,ORIGAMI ROSE INCENSE IN TUBE,4,Hàng mua sỉ theo lô,"Kệ dưới / pallet cuối dãy, đóng gói theo thùng-lốc; gắn biển giá theo số lượng.",572.4,31,1.7083870967741936
16162L,THE KING GIFT BAG,4,Hàng mua sỉ theo lô,"Kệ dưới / pallet cuối dãy, đóng gói theo thùng-lốc; gắn biển giá theo số lượng.",570.4300000000001,30,0.7496666666666667
23219,LAUREL STAR ANTIQUE SILVER ,4,Hàng mua sỉ theo lô,"Kệ dưới / pallet cuối dãy, đóng gói theo thùng-lốc; gắn biển giá theo số lượng.",568.6,61,1.52765625
84806B,WHITE CANDYSTUFT ARTIFICIAL FLOWER,4,Hàng mua sỉ theo lô,"Kệ dưới / pallet cuối dãy, đóng gói theo thùng-lốc; gắn biển giá theo số lượng.",568.02,32,1.3784375
85119,WATERING CAN SINGLE HOOK PISTACHIO,4,Hàng mua sỉ theo lô,"Kệ dưới / pallet cuối dãy, đóng gói theo thùng-lốc; gắn biển giá theo số lượng.",567.48,39,1.7169999999999999
16169C,WRAP BLUE REINDEER,4,Hàng mua sỉ theo lô,"Kệ dưới / pallet cuối dãy, đóng gói theo thùng-lốc; gắn biển giá theo số lượng.",567.0,43,0.42
85169C,EAU DE NIL LOVE BIRD CANDLE,4,Hàng mua sỉ theo lô,"Kệ dưới / pallet cuối dãy, đóng gói theo thùng-lốc; gắn biển giá theo số lượng.",566.82,71,1.372676056338028
37444A,YELLOW BREAKFAST CUP AND SAUCER,4,Hàng mua sỉ theo lô,"Kệ dưới / pallet cuối dãy, đóng gói theo thùng-lốc; gắn biển giá theo số lượng.",563.43,43,3.199767441860465
23381,PACK OF 12 VINTAGE LEAF TISSUES ,4,Hàng mua sỉ theo lô,"Kệ dưới / pallet cuối dãy, đóng gói theo thùng-lốc; gắn biển giá theo số lượng.",562.88,80,0.4760493827160494
23272,TREE T-LIGHT HOLDER WILLIE WINKIE,4,Hàng mua sỉ theo lô,"Kệ dưới / pallet cuối dãy, đóng gói theo thùng-lốc; gắn biển giá theo số lượng.",562.2199999999999,44,1.916818181818182
37345,ASSTD HEARTS DESIGN MUGS,4,Hàng mua sỉ theo lô,"Kệ dưới / pallet cuối dãy, đóng gói theo thùng-lốc; gắn biển giá theo số lượng.",561.05,9,4.038888888888889
85230B,CINNAMON SCENTED VOTIVE CANDLE,4,Hàng mua sỉ theo lô,"Kệ dưới / pallet cuối dãy, đóng gói theo thùng-lốc; gắn biển giá theo số lượng.",561.04,68,0.278235294117647
16049,TEATIME GEL PENS ASST,4,Hàng mua sỉ theo lô,"Kệ dưới / pallet cuối dãy, đóng gói theo thùng-lốc; gắn biển giá theo số lượng.",560.48,32,0.381875
16238,PARTY TIME PENCIL ERASERS,4,Hàng mua sỉ theo lô,"Kệ dưới / pallet cuối dãy, đóng gói theo thùng-lốc; gắn biển giá theo số lượng.",559.54,236,0.30966244725738395
21160,KEEP OUT GIRLS DOOR HANGER ,4,Hàng mua sỉ theo lô,"Kệ dưới / pallet cuối dãy, đóng gói theo thùng-lốc; gắn biển giá theo số lượng.",557.49,58,1.5117241379310344
21881,CUTE CATS TAPE,4,Hàng mua sỉ theo lô,"Kệ dưới / pallet cuối dãy, đóng gói theo thùng-lốc; gắn biển giá theo số lượng.",554.95,118,0.8329661016949151
84859C,PINK DISCO HANDBAG,4,Hàng mua sỉ theo lô,"Kệ dưới / pallet cuối dãy, đóng gói theo thùng-lốc; gắn biển giá theo số lượng.",552.72,39,3.041
23473,WOODLAND SMALL RED FELT HEART,4,Hàng mua sỉ theo lô,"Kệ dưới / pallet cuối dãy, đóng gói theo thùng-lốc; gắn biển giá theo số lượng.",552.02,51,0.9533333333333333
84805B,BLUE CLIMBING HYDRANGA ART FLOWER,4,Hàng mua sỉ theo lô,"Kệ dưới / pallet cuối dãy, đóng gói theo thùng-lốc; gắn biển giá theo số lượng.",551.4000000000001,9,2.461111111111111
22044,CHRISTMAS CARD STACK OF PRESENTS,4,Hàng mua sỉ theo lô,"Kệ dưới / pallet cuối dãy, đóng gói theo thùng-lốc; gắn biển giá theo số lượng.",550.28,89,0.3241573033707865
21373,MIRRORED WALL ART SNOWFLAKES,4,Hàng mua sỉ theo lô,"Kệ dưới / pallet cuối dãy, đóng gói theo thùng-lốc; gắn biển giá theo số lượng.",548.89,61,1.2465573770491802
85071D,CHARLIE+LOLA MY ROOM DOOR SIGN,4,Hàng mua sỉ theo lô,"Kệ dưới / pallet cuối dãy, đóng gói theo thùng-lốc; gắn biển giá theo số lượng.",548.86,112,1.2823684210526316
85091,CANDY SPOT BREAD BASKETS,4,Hàng mua sỉ theo lô,"Kệ dưới / pallet cuối dãy, đóng gói theo thùng-lốc; gắn biển giá theo số lượng.",548.81,20,5.513
23549,WRAP BIRD GARDEN ,4,Hàng mua sỉ theo lô,"Kệ dưới / pallet cuối dãy, đóng gói theo thùng-lốc; gắn biển giá theo số lượng.",548.1,52,0.42
20888,SET 3 JARDIN DE FEMME SCENT CANDLES,4,Hàng mua sỉ theo lô,"Kệ dưới / pallet cuối dãy, đóng gói theo thùng-lốc; gắn biển giá theo số lượng.",547.74,19,3.8852631578947374
35969,FOLKART CROWN TABLE DECORATIONS,4,Hàng mua sỉ theo lô,"Kệ dưới / pallet cuối dãy, đóng gói theo thùng-lốc; gắn biển giá theo số lượng.",542.47,76,1.9160526315789475
47021G,SET/6 BEAD COASTERS GAUZE BAG GOLD,4,Hàng mua sỉ theo lô,"Kệ dưới / pallet cuối dãy, đóng gói theo thùng-lốc; gắn biển giá theo số lượng.",541.96,70,2.199577464788732
84984B,RED PEONY CUSHION COVER ,4,Hàng mua sỉ theo lô,"Kệ dưới / pallet cuối dãy, đóng gói theo thùng-lốc; gắn biển giá theo số lượng.",541.3,16,4.2
21311,SET/4 BIRD MIRROR MAGNETS ,4,Hàng mua sỉ theo lô,"Kệ dưới / pallet cuối dãy, đóng gói theo thùng-lốc; gắn biển giá theo số lượng.",539.6700000000001,94,1.5697894736842104
16048,TEATIME ROUND PENCIL SHARPENER ,4,Hàng mua sỉ theo lô,"Kệ dưới / pallet cuối dãy, đóng gói theo thùng-lốc; gắn biển giá theo số lượng.",537.06,105,0.40254716981132077
21017,RED BIRD HOUSE TREE DECORATION,4,Hàng mua sỉ theo lô,"Kệ dưới / pallet cuối dãy, đóng gói theo thùng-lốc; gắn biển giá theo số lượng.",535.89,87,1.354942528735632
23398,HANGING HEART BONHEUR,4,Hàng mua sỉ theo lô,"Kệ dưới / pallet cuối dãy, đóng gói theo thùng-lốc; gắn biển giá theo số lượng.",535.35,69,1.0450666666666666
16169P,WRAP GREEN RUSSIAN FOLKART ,4,Hàng mua sỉ theo lô,"Kệ dưới / pallet cuối dãy, đóng gói theo thùng-lốc; gắn biển giá theo số lượng.",533.75,48,0.3577083333333333
20823,GOLD WINE GOBLET,4,Hàng mua sỉ theo lô,"Kệ dưới / pallet cuối dãy, đóng gói theo thùng-lốc; gắn biển giá theo số lượng.",533.71,19,3.6510526315789478
72267,PREMIUM CHURCH CANDLE,4,Hàng mua sỉ theo lô,"Kệ dưới / pallet cuối dãy, đóng gói theo thùng-lốc; gắn biển giá theo số lượng.",530.16,45,2.175869565217391
84799,SPRIG LAVENDER ARTIFICIAL FLOWER,4,Hàng mua sỉ theo lô,"Kệ dưới / pallet cuối dãy, đóng gói theo thùng-lốc; gắn biển giá theo số lượng.",528.78,31,1.0358064516129033
20653,CHERRY BLOSSOM LUGGAGE TAG,4,Hàng mua sỉ theo lô,"Kệ dưới / pallet cuối dãy, đóng gói theo thùng-lốc; gắn biển giá theo số lượng.",528.77,81,1.3807407407407408
23139,SINGLE WIRE HOOK PINK HEART,4,Hàng mua sỉ theo lô,"Kệ dưới / pallet cuối dãy, đóng gói theo thùng-lốc; gắn biển giá theo số lượng.",528.6999999999999,27,1.6128571428571428
16202B,PASTEL BLUE PHOTO ALBUM ,4,Hàng mua sỉ theo lô,"Kệ dưới / pallet cuối dãy, đóng gói theo thùng-lốc; gắn biển giá theo số lượng.",528.56,22,4.7690909090909095
21336,GOLD WASHBAG,4,Hàng mua sỉ theo lô,"Kệ dưới / pallet cuối dãy, đóng gói theo thùng-lốc; gắn biển giá theo số lượng.",527.5600000000001,43,3.43906976744186
72728,ROSE SCENT CANDLES IN GLASS,4,Hàng mua sỉ theo lô,"Kệ dưới / pallet cuối dãy, đóng gói theo thùng-lốc; gắn biển giá theo số lượng.",523.15,54,0.8452727272727273
21403,BLUE EGG  SPOON,4,Hàng mua sỉ theo lô,"Kệ dưới / pallet cuối dãy, đóng gói theo thùng-lốc; gắn biển giá theo số lượng.",523.0699999999999,157,0.33420382165605095
84989B,75 BLACK FAIRY CAKE CASES,4,Hàng mua sỉ theo lô,"Kệ dưới / pallet cuối dãy, đóng gói theo thùng-lốc; gắn biển giá theo số lượng.",522.95,63,0.7396825396825397
22861,EASTER TIN CHICKS IN GARDEN,4,Hàng mua sỉ theo lô,"Kệ dưới / pallet cuối dãy, đóng gói theo thùng-lốc; gắn biển giá theo số lượng.",522.93,50,2.0107999999999997
85226C,BLUE PULL BACK RACING CAR,4,Hàng mua sỉ theo lô,"Kệ dưới / pallet cuối dãy, đóng gói theo thùng-lốc; gắn biển giá theo số lượng.",522.3100000000001,83,0.7651190476190476
22407,MONEY BOX FIRST ADE DESIGN,4,Hàng mua sỉ theo lô,"Kệ dưới / pallet cuối dãy, đóng gói theo thùng-lốc; gắn biển giá theo số lượng.",521.12,75,1.3886666666666665
21459,YELLOW EASTER EGG HUNT START POST,4,Hàng mua sỉ theo lô,"Kệ dưới / pallet cuối dãy, đóng gói theo thùng-lốc; gắn biển giá theo số lượng.",520.55,44,2.300909090909091
20793,BLUE TILED TRAY,4,Hàng mua sỉ theo lô,"Kệ dưới / pallet cuối dãy, đóng gói theo thùng-lốc; gắn biển giá theo số lượng.",518.5,22,8.935
20868,SILVER FABRIC MIRROR,4,Hàng mua sỉ theo lô,"Kệ dưới / pallet cuối dãy, đóng gói theo thùng-lốc; gắn biển giá theo số lượng.",518.07,71,0.9214084507042254
84657,GREEN ROSE CUSHION COVER,4,Hàng mua sỉ theo lô,"Kệ dưới / pallet cuối dãy, đóng gói theo thùng-lốc; gắn biển giá theo số lượng.",517.48,20,4.4990000000000006
84683,CLASSICAL ROSE CANDLESTAND,4,Hàng mua sỉ theo lô,"Kệ dưới / pallet cuối dãy, đóng gói theo thùng-lốc; gắn biển giá theo số lượng.",516.85,46,1.6375510204081631
16168M,FUNKY MONKEY GIFT BAG MEDIUM,4,Hàng mua sỉ theo lô,"Kệ dưới / pallet cuối dãy, đóng gói theo thùng-lốc; gắn biển giá theo số lượng.",512.38,101,0.5918811881188119
84875B,GREEN SQUARE COMPACT MIRROR,4,Hàng mua sỉ theo lô,"Kệ dưới / pallet cuối dãy, đóng gói theo thùng-lốc; gắn biển giá theo số lượng.",511.01,40,1.9637499999999999
90058B,CRYSTAL STUD EARRINGS ASSORTED COL ,4,Hàng mua sỉ theo lô,"Kệ dưới / pallet cuối dãy, đóng gói theo thùng-lốc; gắn biển giá theo số lượng.",509.08000000000004,29,0.47379310344827585
37352,BIRD IN TREE MUG ,4,Hàng mua sỉ theo lô,"Kệ dưới / pallet cuối dãy, đóng gói theo thùng-lốc; gắn biển giá theo số lượng.",504.55,8,1.10625
22541,MINI JIGSAW LEAP FROG,4,Hàng mua sỉ theo lô,"Kệ dưới / pallet cuối dãy, đóng gói theo thùng-lốc; gắn biển giá theo số lượng.",503.92,66,0.5591044776119403
21117,BLOND DOLL DOORSTOP,4,Hàng mua sỉ theo lô,"Kệ dưới / pallet cuối dãy, đóng gói theo thùng-lốc; gắn biển giá theo số lượng.",502.08,26,1.912692307692308
79337,BLUE FLOCK GLASS CANDLEHOLDER,4,Hàng mua sỉ theo lô,"Kệ dưới / pallet cuối dãy, đóng gói theo thùng-lốc; gắn biển giá theo số lượng.",502.03000000000003,21,1.0266666666666666
84804B,BLUE DELPHINIUM ARTIFICIAL FLOWER,4,Hàng mua sỉ theo lô,"Kệ dưới / pallet cuối dãy, đóng gói theo thùng-lốc; gắn biển giá theo số lượng.",501.9700000000001,19,2.5040000000000004
20865,PATCHWORK PENCIL CASE BUTTERFLY ,4,Hàng mua sỉ theo lô,"Kệ dưới / pallet cuối dãy, đóng gói theo thùng-lốc; gắn biển giá theo số lượng.",500.49,33,2.196060606060606
16219,HOUSE SHAPE PENCIL SHARPENER,4,Hàng mua sỉ theo lô,"Kệ dưới / pallet cuối dãy, đóng gói theo thùng-lốc; gắn biển giá theo số lượng.",499.55,128,0.555703125
21882,SKULLS TAPE,4,Hàng mua sỉ theo lô,"Kệ dưới / pallet cuối dãy, đóng gói theo thùng-lốc; gắn biển giá theo số lượng.",499.44000000000005,119,0.7752892561983471
84247L,FAWN AND MUSHROOM GREETING CARD,4,Hàng mua sỉ theo lô,"Kệ dưới / pallet cuối dãy, đóng gói theo thùng-lốc; gắn biển giá theo số lượng.",498.21,110,0.5278181818181817
20864,DENIM PATCH PENCIL CASE BUTTERFLY,4,Hàng mua sỉ theo lô,"Kệ dưới / pallet cuối dãy, đóng gói theo thùng-lốc; gắn biển giá theo số lượng.",498.14000000000004,29,2.2
85230A,OPIUM SCENTED VOTIVE CANDLE,4,Hàng mua sỉ theo lô,"Kệ dưới / pallet cuối dãy, đóng gói theo thùng-lốc; gắn biển giá theo số lượng.",497.03999999999996,48,0.2683333333333333
22031,BOTANICAL LAVENDER BIRTHDAY CARD,4,Hàng mua sỉ theo lô,"Kệ dưới / pallet cuối dãy, đóng gói theo thùng-lốc; gắn biển giá theo số lượng.",493.99,142,0.5171830985915493
84798B,PURPLE FOXGLOVE ARTIIFCIAL FLOWER,4,Hàng mua sỉ theo lô,"Kệ dưới / pallet cuối dãy, đóng gói theo thùng-lốc; gắn biển giá theo số lượng.",492.90000000000003,10,2.125
16239,BALLERINA HEART DECORATION.,4,Hàng mua sỉ theo lô,"Kệ dưới / pallet cuối dãy, đóng gói theo thùng-lốc; gắn biển giá theo số lượng.",492.17,21,2.6557142857142857
84827,ASS DES PHONE SPONGE CRAFT STICKER,4,Hàng mua sỉ theo lô,"Kệ dưới / pallet cuối dãy, đóng gói theo thùng-lốc; gắn biển giá theo số lượng.",489.79,29,0.5545161290322581
35967,FOLK ART METAL STAR T-LIGHT HOLDER,4,Hàng mua sỉ theo lô,"Kệ dưới / pallet cuối dãy, đóng gói theo thùng-lốc; gắn biển giá theo số lượng.",488.51,112,0.765625
84876B,GREEN HEART COMPACT MIRROR,4,Hàng mua sỉ theo lô,"Kệ dưới / pallet cuối dãy, đóng gói theo thùng-lốc; gắn biển giá theo số lượng.",488.31,40,2.4007317073170733
51020B,STRIPY DESIGN SHOWER CAP,4,Hàng mua sỉ theo lô,"Kệ dưới / pallet cuối dãy, đóng gói theo thùng-lốc; gắn biển giá theo số lượng.",488.11999999999995,60,0.962
84875D,BLUE SQUARE COMPACT MIRROR,4,Hàng mua sỉ theo lô,"Kệ dưới / pallet cuối dãy, đóng gói theo thùng-lốc; gắn biển giá theo số lượng.",483.75,37,1.722972972972973
23218,LAUREL STAR ANTIQUE GOLD,4,Hàng mua sỉ theo lô,"Kệ dưới / pallet cuối dãy, đóng gói theo thùng-lốc; gắn biển giá theo số lượng.",483.03,40,1.57225
22259,FELT FARM ANIMAL HEN,4,Hàng mua sỉ theo lô,"Kệ dưới / pallet cuối dãy, đóng gói theo thùng-lốc; gắn biển giá theo số lượng.",482.95,72,1.297162162162162
23691,WRAP KEEP CALM BIRTHDAY,4,Hàng mua sỉ theo lô,"Kệ dưới / pallet cuối dãy, đóng gói theo thùng-lốc; gắn biển giá theo số lượng.",481.5,38,0.4184210526315789
22038,BOTANICAL LAVENDER GIFT WRAP ,4,Hàng mua sỉ theo lô,"Kệ dưới / pallet cuối dãy, đóng gói theo thùng-lốc; gắn biển giá theo số lượng.",481.0,45,0.4182222222222222
37492C,GREEN BLUE FLOWER PIGGY BANK,4,Hàng mua sỉ theo lô,"Kệ dưới / pallet cuối dãy, đóng gói theo thùng-lốc; gắn biển giá theo số lượng.",477.29999999999995,24,3.81
72750C,"F.FAIRY S/3 CANDLE/GLASS, ROSE",4,Hàng mua sỉ theo lô,"Kệ dưới / pallet cuối dãy, đóng gói theo thùng-lốc; gắn biển giá theo số lượng.",476.4,15,2.75
85109,PINK BOUDOIR T-LIGHT HOLDER,4,Hàng mua sỉ theo lô,"Kệ dưới / pallet cuối dãy, đóng gói theo thùng-lốc; gắn biển giá theo số lượng.",475.43,20,0.787
84809A,WHITE CHRYSANTHEMUMS ART FLOWER,4,Hàng mua sỉ theo lô,"Kệ dưới / pallet cuối dãy, đóng gói theo thùng-lốc; gắn biển giá theo số lượng.",474.84000000000003,21,2.020952380952381
84926E,FLOWERS TILE COASTER,4,Hàng mua sỉ theo lô,"Kệ dưới / pallet cuối dãy, đóng gói theo thùng-lốc; gắn biển giá theo số lượng.",471.57,52,0.7690384615384616
20662,FIRST CLASS HOLIDAY PURSE ,4,Hàng mua sỉ theo lô,"Kệ dưới / pallet cuối dãy, đóng gói theo thùng-lốc; gắn biển giá theo số lượng.",471.33000000000004,49,2.718571428571429
21518,BANK ACCOUNT  GREETING  CARD ,4,Hàng mua sỉ theo lô,"Kệ dưới / pallet cuối dãy, đóng gói theo thùng-lốc; gắn biển giá theo số lượng.",469.28,109,0.504862385321101
72799B,PURPLE PILLAR CANDLE BLACK FLOCK,4,Hàng mua sỉ theo lô,"Kệ dưới / pallet cuối dãy, đóng gói theo thùng-lốc; gắn biển giá theo số lượng.",467.71000000000004,16,3.664375
72225C,LAVENDER SCENT CAKE CANDLE,4,Hàng mua sỉ theo lô,"Kệ dưới / pallet cuối dãy, đóng gói theo thùng-lốc; gắn biển giá theo số lượng.",466.38,38,0.2689473684210526
23379,PACK OF 12 RED APPLE TISSUES,4,Hàng mua sỉ theo lô,"Kệ dưới / pallet cuối dãy, đóng gói theo thùng-lốc; gắn biển giá theo số lượng.",465.36,76,0.5376623376623376
51020A,SUMMER FUN DESIGN SHOWER CAP,4,Hàng mua sỉ theo lô,"Kệ dưới / pallet cuối dãy, đóng gói theo thùng-lốc; gắn biển giá theo số lượng.",463.30999999999995,50,0.8276
72132,COLUMBIAN CUBE CANDLE,4,Hàng mua sỉ theo lô,"Kệ dưới / pallet cuối dãy, đóng gói theo thùng-lốc; gắn biển giá theo số lượng.",462.15,28,1.6935714285714287
84984A,GREEN PEONY CUSHION COVER,4,Hàng mua sỉ theo lô,"Kệ dưới / pallet cuối dãy, đóng gói theo thùng-lốc; gắn biển giá theo số lượng.",462.12,17,4.474705882352942
85204,HANGING WOOD AND FELT FLOWER,4,Hàng mua sỉ theo lô,"Kệ dưới / pallet cuối dãy, đóng gói theo thùng-lốc; gắn biển giá theo số lượng.",460.9,154,0.3968789808917197
47422,ASSORTED MONKEY SUCTION CUP HOOK,4,Hàng mua sỉ theo lô,"Kệ dưới / pallet cuối dãy, đóng gói theo thùng-lốc; gắn biển giá theo số lượng.",458.34,66,0.4140845070422535
20621,ECONOMY PASSPORT COVER ,4,Hàng mua sỉ theo lô,"Kệ dưới / pallet cuối dãy, đóng gói theo thùng-lốc; gắn biển giá theo số lượng.",451.67,33,2.3584848484848484
23548,WRAP MAGIC FOREST ,4,Hàng mua sỉ theo lô,"Kệ dưới / pallet cuối dãy, đóng gói theo thùng-lốc; gắn biển giá theo số lượng.",451.5,43,0.42
23509,MINI PLAYING CARDS FUN FAIR ,4,Hàng mua sỉ theo lô,"Kệ dưới / pallet cuối dãy, đóng gói theo thùng-lốc; gắn biển giá theo số lượng.",451.46000000000004,65,0.4865151515151515
84597C,RETRO PINK BALL ASHTRAY ,4,Hàng mua sỉ theo lô,"Kệ dưới / pallet cuối dãy, đóng gói theo thùng-lốc; gắn biển giá theo số lượng.",450.98,44,1.4622727272727274
16218,CARTOON  PENCIL SHARPENERS,4,Hàng mua sỉ theo lô,"Kệ dưới / pallet cuối dãy, đóng gói theo thùng-lốc; gắn biển giá theo số lượng.",448.13,98,0.4536734693877551
17164D,ASS COL SMALL SAND FROG P'WEIGHT,4,Hàng mua sỉ theo lô,"Kệ dưới / pallet cuối dãy, đóng gói theo thùng-lốc; gắn biển giá theo số lượng.",447.0,28,0.41516129032258065
72127,COLUMBIAN CANDLE ROUND ,4,Hàng mua sỉ theo lô,"Kệ dưới / pallet cuối dãy, đóng gói theo thùng-lốc; gắn biển giá theo số lượng.",445.94,65,1.3138805970149254
72128,COLUMBIAN CANDLE ROUND,4,Hàng mua sỉ theo lô,"Kệ dưới / pallet cuối dãy, đóng gói theo thùng-lốc; gắn biển giá theo số lượng.",442.24,88,0.8893406593406593
16161M,WRAP  PINK FLOCK,4,Hàng mua sỉ theo lô,"Kệ dưới / pallet cuối dãy, đóng gói theo thùng-lốc; gắn biển giá theo số lượng.",439.0,39,0.41794871794871796
23023,RIDGED BONNE JAM JAR T-LIGHT HOLDER,4,Hàng mua sỉ theo lô,"Kệ dưới / pallet cuối dãy, đóng gói theo thùng-lốc; gắn biển giá theo số lượng.",437.81999999999994,25,1.7651999999999999
84859B,BLUE DISCO HANDBAG,4,Hàng mua sỉ theo lô,"Kệ dưới / pallet cuối dãy, đóng gói theo thùng-lốc; gắn biển giá theo số lượng.",433.46,18,2.8922222222222222
84510F,SET OF 4 NEW ENGLAND COASTERS ,4,Hàng mua sỉ theo lô,"Kệ dưới / pallet cuối dãy, đóng gói theo thùng-lốc; gắn biển giá theo số lượng.",432.75,38,1.4618421052631578
84798A,PINK FOXGLOVE ARTIIFCIAL FLOWER,4,Hàng mua sỉ theo lô,"Kệ dưới / pallet cuối dãy, đóng gói theo thùng-lốc; gắn biển giá theo số lượng.",432.45000000000005,10,2.505
84858B,BLUE RIVIERA HANDBAG,4,Hàng mua sỉ theo lô,"Kệ dưới / pallet cuối dãy, đóng gói theo thùng-lốc; gắn biển giá theo số lượng.",431.0,9,2.816666666666667
23058,CHRISTMAS HANGING SNOWFLAKE,4,Hàng mua sỉ theo lô,"Kệ dưới / pallet cuối dãy, đóng gói theo thùng-lốc; gắn biển giá theo số lượng.",430.86,48,1.2252083333333335
20851,ZINC HEART LATTICE TRAY OVAL ,4,Hàng mua sỉ theo lô,"Kệ dưới / pallet cuối dãy, đóng gói theo thùng-lốc; gắn biển giá theo số lượng.",429.57,28,5.966206896551724
16045,POPART WOODEN PENCILS ASST,4,Hàng mua sỉ theo lô,"Kệ dưới / pallet cuối dãy, đóng gói theo thùng-lốc; gắn biển giá theo số lượng.",429.44,74,0.049600000000000005
84422,PINK/BLUE DISC/MIRROR STRING,4,Hàng mua sỉ theo lô,"Kệ dưới / pallet cuối dãy, đóng gói theo thùng-lốc; gắn biển giá theo số lượng.",427.95,38,1.0126315789473683
84801A,PINK HYDRANGEA ART FLOWER,4,Hàng mua sỉ theo lô,"Kệ dưới / pallet cuối dãy, đóng gói theo thùng-lốc; gắn biển giá theo số lượng.",427.44000000000005,15,1.976
85230G,ORANGE VOTIVE CANDLE,4,Hàng mua sỉ theo lô,"Kệ dưới / pallet cuối dãy, đóng gói theo thùng-lốc; gắn biển giá theo số lượng.",425.75999999999993,46,0.2691304347826087
21678,PAISLEY PATTERN  STICKERS,4,Hàng mua sỉ theo lô,"Kệ dưới / pallet cuối dãy, đóng gói theo thùng-lốc; gắn biển giá theo số lượng.",423.0,80,0.97425
16008,SMALL FOLDING SCISSOR(POINTED EDGE),4,Hàng mua sỉ theo lô,"Kệ dưới / pallet cuối dãy, đóng gói theo thùng-lốc; gắn biển giá theo số lượng.",422.96,85,0.15623529411764706
72801E,S/4 FESTIVE GREEN DINNER CANDLES,4,Hàng mua sỉ theo lô,"Kệ dưới / pallet cuối dãy, đóng gói theo thùng-lốc; gắn biển giá theo số lượng.",422.32,28,1.3860714285714286
46126A,ELVIS WALLHANGING / CURTAIN,4,Hàng mua sỉ theo lô,"Kệ dưới / pallet cuối dãy, đóng gói theo thùng-lốc; gắn biển giá theo số lượng.",419.99,48,1.5891666666666666
72780,BLACK SILOUETTE CANDLE PLATE,4,Hàng mua sỉ theo lô,"Kệ dưới / pallet cuối dãy, đóng gói theo thùng-lốc; gắn biển giá theo số lượng.",418.18,44,0.8411363636363636
22032,BOTANICAL LILY GREETING CARD,4,Hàng mua sỉ theo lô,"Kệ dưới / pallet cuối dãy, đóng gói theo thùng-lốc; gắn biển giá theo số lượng.",418.12,111,0.46522522522522525
85112,S/3 TEAR DROP CUT GLASS DECORATION,4,Hàng mua sỉ theo lô,"Kệ dưới / pallet cuối dãy, đóng gói theo thùng-lốc; gắn biển giá theo số lượng.",412.77,34,1.6549999999999998
20666,ECONOMY HOLIDAY PURSE,4,Hàng mua sỉ theo lô,"Kệ dưới / pallet cuối dãy, đóng gói theo thùng-lốc; gắn biển giá theo số lượng.",412.45000000000005,46,2.408478260869565
23415,HOME SWEET HOME HOOK,4,Hàng mua sỉ theo lô,"Kệ dưới / pallet cuối dãy, đóng gói theo thùng-lốc; gắn biển giá theo số lượng.",412.17999999999995,47,1.4517021276595745
21520,BOOZE & WOMEN GREETING CARD ,4,Hàng mua sỉ theo lô,"Kệ dưới / pallet cuối dãy, đóng gói theo thùng-lốc; gắn biển giá theo số lượng.",411.63,108,0.5285185185185185
37444B,BLUE BREAKFAST CUP AND SAUCER ,4,Hàng mua sỉ theo lô,"Kệ dưới / pallet cuối dãy, đóng gói theo thùng-lốc; gắn biển giá theo số lượng.",409.6,28,3.8150000000000004
16169F,WRAP BLIZZARD,4,Hàng mua sỉ theo lô,"Kệ dưới / pallet cuối dãy, đóng gói theo thùng-lốc; gắn biển giá theo số lượng.",409.5,34,0.42
84595B,LARGE TRIFLE DESIGN L BLUE BOWL,4,Hàng mua sỉ theo lô,"Kệ dưới / pallet cuối dãy, đóng gói theo thùng-lốc; gắn biển giá theo số lượng.",408.9,16,3.09375
82076,BEECH WOOD PHOTO FRAME ,4,Hàng mua sỉ theo lô,"Kệ dưới / pallet cuối dãy, đóng gói theo thùng-lốc; gắn biển giá theo số lượng.",403.64,19,2.726842105263158
84932B,SMALL PINK PEONY FOLDING STOOL,4,Hàng mua sỉ theo lô,"Kệ dưới / pallet cuối dãy, đóng gói theo thùng-lốc; gắn biển giá theo số lượng.",401.3,17,3.105882352941176
84984C,ORIENTAL BLUE C/COVER ,4,Hàng mua sỉ theo lô,"Kệ dưới / pallet cuối dãy, đóng gói theo thùng-lốc; gắn biển giá theo số lượng.",401.16,16,5.83375
16156L,"WRAP, CAROUSEL",4,Hàng mua sỉ theo lô,"Kệ dưới / pallet cuối dãy, đóng gói theo thùng-lốc; gắn biển giá theo số lượng.",399.0,36,0.42
20889,JARDIN DE FEMME SCENTED CANDLE,4,Hàng mua sỉ theo lô,"Kệ dưới / pallet cuối dãy, đóng gói theo thùng-lốc; gắn biển giá theo số lượng.",398.03999999999996,13,2.3376923076923077
79191B,RETRO PLASTIC POLKA TRAY,4,Hàng mua sỉ theo lô,"Kệ dưới / pallet cuối dãy, đóng gói theo thùng-lốc; gắn biển giá theo số lượng.",397.37,70,1.0322857142857143
84804A,CREAM DELPHINIUM ARTIFICIAL FLOWER,4,Hàng mua sỉ theo lô,"Kệ dưới / pallet cuối dãy, đóng gói theo thùng-lốc; gắn biển giá theo số lượng.",396.38000000000005,18,2.7022222222222223
84726,LILLIES CANVAS PICTURE,4,Hàng mua sỉ theo lô,"Kệ dưới / pallet cuối dãy, đóng gói theo thùng-lốc; gắn biển giá theo số lượng.",394.84999999999997,5,2.17
84802B,PURPLE ANEMONE ARTIFICIAL FLOWER,4,Hàng mua sỉ theo lô,"Kệ dưới / pallet cuối dãy, đóng gói theo thùng-lốc; gắn biển giá theo số lượng.",389.79,17,1.5405882352941176
79051A,SMOKEY GREY COLOUR D.O.F. GLASS,4,Hàng mua sỉ theo lô,"Kệ dưới / pallet cuối dãy, đóng gói theo thùng-lốc; gắn biển giá theo số lượng.",386.38,55,0.8200000000000001
20670,VIP HOLIDAY PURSE,4,Hàng mua sỉ theo lô,"Kệ dưới / pallet cuối dãy, đóng gói theo thùng-lốc; gắn biển giá theo số lượng.",378.85,48,2.8625000000000003
20976,12 PENCILS SMALL TUBE POSY,4,Hàng mua sỉ theo lô,"Kệ dưới / pallet cuối dãy, đóng gói theo thùng-lốc; gắn biển giá theo số lượng.",376.34000000000003,76,0.748421052631579
16258A,SWIRLY CIRCULAR RUBBERS IN BAG,4,Hàng mua sỉ theo lô,"Kệ dưới / pallet cuối dãy, đóng gói theo thùng-lốc; gắn biển giá theo số lượng.",375.93,101,0.5233009708737864
16216,LETTER SHAPE PENCIL SHARPENER,4,Hàng mua sỉ theo lô,"Kệ dưới / pallet cuối dãy, đóng gói theo thùng-lốc; gắn biển giá theo số lượng.",371.64,88,0.21955056179775279
79336,LIGHT PINK FLOCK GLASS CANDLEHOLDER,4,Hàng mua sỉ theo lô,"Kệ dưới / pallet cuối dãy, đóng gói theo thùng-lốc; gắn biển giá theo số lượng.",369.78000000000003,21,1.4557142857142857
20663,QUEEN OF THE SKIES HOLIDAY PURSE ,4,Hàng mua sỉ theo lô,"Kệ dưới / pallet cuối dãy, đóng gói theo thùng-lốc; gắn biển giá theo số lượng.",369.41,44,2.5777272727272726
85026B,EAU DE NILE JEWELLED T-LIGHT HOLDER,4,Hàng mua sỉ theo lô,"Kệ dưới / pallet cuối dãy, đóng gói theo thùng-lốc; gắn biển giá theo số lượng.",367.55,29,1.1020689655172413
47503G,ASS FLORAL PRINT TAPE MEASURE,4,Hàng mua sỉ theo lô,"Kệ dưới / pallet cuối dãy, đóng gói theo thùng-lốc; gắn biển giá theo số lượng.",367.36,35,1.5697222222222222
84926D,LA PALMIERA TILE COASTER,4,Hàng mua sỉ theo lô,"Kệ dưới / pallet cuối dãy, đóng gói theo thùng-lốc; gắn biển giá theo số lượng.",365.34999999999997,47,1.0852083333333333
79190A,RETRO PLASTIC 70'S TRAY,4,Hàng mua sỉ theo lô,"Kệ dưới / pallet cuối dãy, đóng gói theo thùng-lốc; gắn biển giá theo số lượng.",364.25,119,0.577983193277311
35968,FOLK ART METAL HEART T-LIGHT HOLDER,4,Hàng mua sỉ theo lô,"Kệ dưới / pallet cuối dãy, đóng gói theo thùng-lốc; gắn biển giá theo số lượng.",363.34000000000003,75,0.6993421052631579
85094,CANDY SPOT EGG WARMER RABBIT,4,Hàng mua sỉ theo lô,"Kệ dưới / pallet cuối dãy, đóng gói theo thùng-lốc; gắn biển giá theo số lượng.",360.99,108,0.8366666666666667
21946,PARTY TIME DESIGN FLANNEL,4,Hàng mua sỉ theo lô,"Kệ dưới / pallet cuối dãy, đóng gói theo thùng-lốc; gắn biển giá theo số lượng.",358.96999999999997,67,0.9995522388059701
84402D,PINK DRESS JEWELLERY STAND ,4,Hàng mua sỉ theo lô,"Kệ dưới / pallet cuối dãy, đóng gói theo thùng-lốc; gắn biển giá theo số lượng.",358.92999999999995,13,2.2946153846153847
84800M,MEDIUM WHITE/PINK ROSE ART FLOWER,4,Hàng mua sỉ theo lô,"Kệ dưới / pallet cuối dãy, đóng gói theo thùng-lốc; gắn biển giá theo số lượng.",357.22,27,1.5892592592592591
35912B,WHITE/PINK CHICK DECORATION,4,Hàng mua sỉ theo lô,"Kệ dưới / pallet cuối dãy, đóng gói theo thùng-lốc; gắn biển giá theo số lượng.",355.58000000000004,30,1.8506666666666667
72487,ROSES WHITE ROUND CANDLE,4,Hàng mua sỉ theo lô,"Kệ dưới / pallet cuối dãy, đóng gói theo thùng-lốc; gắn biển giá theo số lượng.",355.05,14,1.1528571428571428
20950,SET/6  ANGEL T-LIGHTS WHITE/GOLD,4,Hàng mua sỉ theo lô,"Kệ dưới / pallet cuối dãy, đóng gói theo thùng-lốc; gắn biển giá theo số lượng.",353.39,83,0.7546428571428571
22039,BOTANICAL LILY GIFT WRAP,4,Hàng mua sỉ theo lô,"Kệ dưới / pallet cuối dãy, đóng gói theo thùng-lốc; gắn biển giá theo số lượng.",353.0,30,0.41466666666666663
84809B,PINK CHRYSANTHEMUMS ART FLOWER,4,Hàng mua sỉ theo lô,"Kệ dưới / pallet cuối dãy, đóng gói theo thùng-lốc; gắn biển giá theo số lượng.",351.6,8,1.7875
84249D,FAIRY CAKE GREETINGS CARD,4,Hàng mua sỉ theo lô,"Kệ dưới / pallet cuối dãy, đóng gói theo thùng-lốc; gắn biển giá theo số lượng.",347.3,64,0.4790625
84535A,ENGLISH ROSE NOTEBOOK A6 SIZE,4,Hàng mua sỉ theo lô,"Kệ dưới / pallet cuối dãy, đóng gói theo thùng-lốc; gắn biển giá theo số lượng.",346.93,64,0.8453846153846154
22257,FELT FARM ANIMAL SHEEP,4,Hàng mua sỉ theo lô,"Kệ dưới / pallet cuối dãy, đóng gói theo thùng-lốc; gắn biển giá theo số lượng.",345.47999999999996,57,1.2447457627118643
84801B,WHITE HYDRANGEA ART FLOWER,4,Hàng mua sỉ theo lô,"Kệ dưới / pallet cuối dãy, đóng gói theo thùng-lốc; gắn biển giá theo số lượng.",345.00000000000006,18,2.0194444444444444
21306,SET/4 DAISY MIRROR MAGNETS,4,Hàng mua sỉ theo lô,"Kệ dưới / pallet cuối dãy, đóng gói theo thùng-lốc; gắn biển giá theo số lượng.",342.8,68,1.3966176470588234
72811,SMALL ZINC/GLASS CANDLEHOLDER,4,Hàng mua sỉ theo lô,"Kệ dưới / pallet cuối dãy, đóng gói theo thùng-lốc; gắn biển giá theo số lượng.",340.45,22,1.4468181818181818
75149N,STRING CRYSTALS NATURAL,4,Hàng mua sỉ theo lô,"Kệ dưới / pallet cuối dãy, đóng gói theo thùng-lốc; gắn biển giá theo số lượng.",340.0,25,1.25
84925A,WAKE UP COCKEREL WALL THERMOMETER,4,Hàng mua sỉ theo lô,"Kệ dưới / pallet cuối dãy, đóng gói theo thùng-lốc; gắn biển giá theo số lượng.",339.28999999999996,17,2.808235294117647
17011F,ORIGAMI SANDLEWOOD INCENSE+FLOWER,4,Hàng mua sỉ theo lô,"Kệ dưới / pallet cuối dãy, đóng gói theo thùng-lốc; gắn biển giá theo số lượng.",336.20000000000005,20,2.12
17109A,FLOWER FAIRY INCENSE LILY,4,Hàng mua sỉ theo lô,"Kệ dưới / pallet cuối dãy, đóng gói theo thùng-lốc; gắn biển giá theo số lượng.",333.61,13,1.1861538461538461
21402,RED  EGG  SPOON,4,Hàng mua sỉ theo lô,"Kệ dưới / pallet cuối dãy, đóng gói theo thùng-lốc; gắn biển giá theo số lượng.",333.42,151,0.3663815789473684
20688,BEAUTY SPEED EXPRESSO CUPS,4,Hàng mua sỉ theo lô,"Kệ dưới / pallet cuối dãy, đóng gói theo thùng-lốc; gắn biển giá theo số lượng.",332.9,11,6.004545454545454
85024B,EAU DE NILE JEWELLED PHOTOFRAME,4,Hàng mua sỉ theo lô,"Kệ dưới / pallet cuối dãy, đóng gói theo thùng-lốc; gắn biển giá theo số lượng.",330.9,20,1.6404761904761902
72739B,WHITE CHOCOLATE SCENT CANDLE,4,Hàng mua sỉ theo lô,"Kệ dưới / pallet cuối dãy, đóng gói theo thùng-lốc; gắn biển giá theo số lượng.",328.39000000000004,28,1.835357142857143
21722,SWEET PUDDING STICKER SHEET,4,Hàng mua sỉ theo lô,"Kệ dưới / pallet cuối dãy, đóng gói theo thùng-lốc; gắn biển giá theo số lượng.",327.75,79,1.1548101265822783
90209A,PURPLE ENAMEL+GLASS HAIR COMB,4,Hàng mua sỉ theo lô,"Kệ dưới / pallet cuối dãy, đóng gói theo thùng-lốc; gắn biển giá theo số lượng.",325.5,10,1.9949999999999999
23478,WOODLAND LARGE PINK FELT HEART,4,Hàng mua sỉ theo lô,"Kệ dưới / pallet cuối dãy, đóng gói theo thùng-lốc; gắn biển giá theo số lượng.",324.40000000000003,13,1.5130769230769232
85131C,BEADED CRYSTAL HEART BLUE ON STICK,4,Hàng mua sỉ theo lô,"Kệ dưới / pallet cuối dãy, đóng gói theo thùng-lốc; gắn biển giá theo số lượng.",320.15,72,0.9393150684931506
84933C,LARGE BLUE ORIENTAL FOLDING STOOL,4,Hàng mua sỉ theo lô,"Kệ dưới / pallet cuối dãy, đóng gói theo thùng-lốc; gắn biển giá theo số lượng.",317.0,6,4.716666666666667
17091B,JASMINE TEA INCENSE IN TIN,4,Hàng mua sỉ theo lô,"Kệ dưới / pallet cuối dãy, đóng gói theo thùng-lốc; gắn biển giá theo số lượng.",316.98,51,1.4219230769230768
21401,BLUE PUDDING SPOON,4,Hàng mua sỉ theo lô,"Kệ dưới / pallet cuối dãy, đóng gói theo thùng-lốc; gắn biển giá theo số lượng.",315.7,121,0.3197540983606557
84673A,PINK FLY SWAT,4,Hàng mua sỉ theo lô,"Kệ dưới / pallet cuối dãy, đóng gói theo thùng-lốc; gắn biển giá theo số lượng.",314.84000000000003,99,0.740990099009901
84933A,LARGE GREEN PEONY FOLDING STOOL,4,Hàng mua sỉ theo lô,"Kệ dưới / pallet cuối dãy, đóng gói theo thùng-lốc; gắn biển giá theo số lượng.",314.35,6,4.716666666666666
23695,DOILY THANK YOU CARD,4,Hàng mua sỉ theo lô,"Kệ dưới / pallet cuối dãy, đóng gói theo thùng-lốc; gắn biển giá theo số lượng.",313.24,57,0.5042105263157894
84522,PINK PARTY SUNGLASSES,4,Hàng mua sỉ theo lô,"Kệ dưới / pallet cuối dãy, đóng gói theo thùng-lốc; gắn biển giá theo số lượng.",311.86,26,1.8596153846153847
62095B,TURQOISE ICE CREAM SUNHAT,4,Hàng mua sỉ theo lô,"Kệ dưới / pallet cuối dãy, đóng gói theo thùng-lốc; gắn biển giá theo số lượng.",310.83,21,1.558095238095238
84933B,LARGE PINK PEONY FOLDING STOOL,4,Hàng mua sỉ theo lô,"Kệ dưới / pallet cuối dãy, đóng gói theo thùng-lốc; gắn biển giá theo số lượng.",309.15000000000003,6,3.408333333333333
77081,FLOWER WINDMILL,4,Hàng mua sỉ theo lô,"Kệ dưới / pallet cuối dãy, đóng gói theo thùng-lốc; gắn biển giá theo số lượng.",308.38,33,1.7766666666666666
72130,COLUMBIAN CANDLE ROUND,4,Hàng mua sỉ theo lô,"Kệ dưới / pallet cuối dãy, đóng gói theo thùng-lốc; gắn biển giá theo số lượng.",306.35,57,0.6849152542372882
16254,TRANSPARENT ACRYLIC TAPE DISPENSER,4,Hàng mua sỉ theo lô,"Kệ dưới / pallet cuối dãy, đóng gói theo thùng-lốc; gắn biển giá theo số lượng.",305.66,40,1.2665853658536586
20800,LARGE GLASS SUNDAE DISH CLEAR,4,Hàng mua sỉ theo lô,"Kệ dưới / pallet cuối dãy, đóng gói theo thùng-lốc; gắn biển giá theo số lượng.",303.96,5,3.618
44235,ASS COL CIRCLE MOBILE ,4,Hàng mua sỉ theo lô,"Kệ dưới / pallet cuối dãy, đóng gói theo thùng-lốc; gắn biển giá theo số lượng.",303.84,22,0.415
72753D,S/3 FLWR FAIRY SUMMER CANDLES,4,Hàng mua sỉ theo lô,"Kệ dưới / pallet cuối dãy, đóng gói theo thùng-lốc; gắn biển giá theo số lượng.",302.40000000000003,9,2.1
23440,PAINT YOUR OWN EGGS IN CRATE,4,Hàng mua sỉ theo lô,"Kệ dưới / pallet cuối dãy, đóng gói theo thùng-lốc; gắn biển giá theo số lượng.",299.36,5,2.022
17001,HEAVENS SCENT FRAGRANCE OILS ASSTD,4,Hàng mua sỉ theo lô,"Kệ dưới / pallet cuối dãy, đóng gói theo thùng-lốc; gắn biển giá theo số lượng.",299.34999999999997,23,0.27956521739130435
35981C,WHITE SNOW SCANDINAVIAN STOCKING ,4,Hàng mua sỉ theo lô,"Kệ dưới / pallet cuối dãy, đóng gói theo thùng-lốc; gắn biển giá theo số lượng.",297.62,67,0.6566666666666667
17012E,ORIGAMI OPIUM INCENSE/CANDLE SET ,4,Hàng mua sỉ theo lô,"Kệ dưới / pallet cuối dãy, đóng gói theo thùng-lốc; gắn biển giá theo số lượng.",296.78999999999996,29,2.488965517241379
79190D,RETRO PLASTIC DAISY TRAY,4,Hàng mua sỉ theo lô,"Kệ dưới / pallet cuối dãy, đóng gói theo thùng-lốc; gắn biển giá theo số lượng.",296.58,112,0.5636607142857143
35920,FOUR RABBIT EASTER DECORATIONS,4,Hàng mua sỉ theo lô,"Kệ dưới / pallet cuối dãy, đóng gói theo thùng-lốc; gắn biển giá theo số lượng.",296.34,24,1.6679166666666667
47471,RAINBOW PEGS PHOTO CLIP STRING,4,Hàng mua sỉ theo lô,"Kệ dưới / pallet cuối dãy, đóng gói theo thùng-lốc; gắn biển giá theo số lượng.",295.72,63,0.9604761904761905
20869,GOLD FABRIC MIRROR,4,Hàng mua sỉ theo lô,"Kệ dưới / pallet cuối dãy, đóng gói theo thùng-lốc; gắn biển giá theo số lượng.",295.12,53,0.9422222222222223
21697,SET 5 MINI DOUGHNUT FRIDGE MAGNET ,4,Hàng mua sỉ theo lô,"Kệ dưới / pallet cuối dãy, đóng gói theo thùng-lốc; gắn biển giá theo số lượng.",295.08000000000004,7,1.4914285714285713
84926A,WAKE UP COCKEREL TILE COASTER,4,Hàng mua sỉ theo lô,"Kệ dưới / pallet cuối dãy, đóng gói theo thùng-lốc; gắn biển giá theo số lượng.",293.08,51,0.9750980392156862
72801F,S/4 FESTIVE RED DINNER CANDLES,4,Hàng mua sỉ theo lô,"Kệ dưới / pallet cuối dãy, đóng gói theo thùng-lốc; gắn biển giá theo số lượng.",292.5,25,1.25
84800S,SMALL WHITE/PINK ROSE ART FLOWER,4,Hàng mua sỉ theo lô,"Kệ dưới / pallet cuối dãy, đóng gói theo thùng-lốc; gắn biển giá theo số lượng.",292.04,19,1.0989473684210527
20826,SILVER APERITIF GLASS,4,Hàng mua sỉ theo lô,"Kệ dưới / pallet cuối dãy, đóng gói theo thùng-lốc; gắn biển giá theo số lượng.",290.72,14,1.3478571428571429
16202A,PASTEL PINK PHOTO ALBUM ,4,Hàng mua sỉ theo lô,"Kệ dưới / pallet cuối dãy, đóng gói theo thùng-lốc; gắn biển giá theo số lượng.",290.45,21,4.4852380952380955
21388,IVORY HANGING DECORATION  CHICKEN,4,Hàng mua sỉ theo lô,"Kệ dưới / pallet cuối dãy, đóng gói theo thùng-lốc; gắn biển giá theo số lượng.",290.16999999999996,29,0.9158620689655173
21144,PINK POODLE HANGING DECORATION ,4,Hàng mua sỉ theo lô,"Kệ dưới / pallet cuối dãy, đóng gói theo thùng-lốc; gắn biển giá theo số lượng.",287.47,60,1.03672131147541
16212,FUNKY GIRLZ ASST MAGNETIC MEMO PAD,4,Hàng mua sỉ theo lô,"Kệ dưới / pallet cuối dãy, đóng gói theo thùng-lốc; gắn biển giá theo số lượng.",287.01,37,1.6778048780487806
37413,ICON MUG REVOLUTIONARY,4,Hàng mua sỉ theo lô,"Kệ dưới / pallet cuối dãy, đóng gói theo thùng-lốc; gắn biển giá theo số lượng.",284.49,81,0.4107228915662651
16052,TEATIME PUSH DOWN RUBBER,4,Hàng mua sỉ theo lô,"Kệ dưới / pallet cuối dãy, đóng gói theo thùng-lốc; gắn biển giá theo số lượng.",281.32,35,0.5685714285714285
23481,PEARLISED IVORY HEART SMALL ,4,Hàng mua sỉ theo lô,"Kệ dưới / pallet cuối dãy, đóng gói theo thùng-lốc; gắn biển giá theo số lượng.",281.17,29,1.28125
72739C,DARK CHOCOLATE SCENTCANDLE,4,Hàng mua sỉ theo lô,"Kệ dưới / pallet cuối dãy, đóng gói theo thùng-lốc; gắn biển giá theo số lượng.",279.08,23,1.6782608695652175
84926F,PSYCHEDELIC TILE COASTER,4,Hàng mua sỉ theo lô,"Kệ dưới / pallet cuối dãy, đóng gói theo thùng-lốc; gắn biển giá theo số lượng.",277.9,42,1.4188095238095237
90085,CRYSTAL STILETTO PHONE CHARM,4,Hàng mua sỉ theo lô,"Kệ dưới / pallet cuối dãy, đóng gói theo thùng-lốc; gắn biển giá theo số lượng.",275.53,29,1.1817241379310344
21095,SET/6 POSIES PAPER PLATES,4,Hàng mua sỉ theo lô,"Kệ dưới / pallet cuối dãy, đóng gói theo thùng-lốc; gắn biển giá theo số lượng.",274.57,40,1.0065853658536585
84924F,PSYCHEDELIC METAL SIGN CALENDAR,4,Hàng mua sỉ theo lô,"Kệ dưới / pallet cuối dãy, đóng gói theo thùng-lốc; gắn biển giá theo số lượng.",274.55,10,2.952
75178,ASSTD COL BUTTERFLY/CRYSTAL W/CHIME,4,Hàng mua sỉ theo lô,"Kệ dưới / pallet cuối dãy, đóng gói theo thùng-lốc; gắn biển giá theo số lượng.",273.93,25,1.4991999999999999
84927F,PSYCHEDELIC TILE HOOK,4,Hàng mua sỉ theo lô,"Kệ dưới / pallet cuối dãy, đóng gói theo thùng-lốc; gắn biển giá theo số lượng.",273.32,62,1.60390625
84924D,LA PALMIERA METAL SIGN CALENDAR,4,Hàng mua sỉ theo lô,"Kệ dưới / pallet cuối dãy, đóng gói theo thùng-lốc; gắn biển giá theo số lượng.",272.61,15,3.7993333333333337
35096A,BLUE VICTORIAN FABRIC HEART BOX,4,Hàng mua sỉ theo lô,"Kệ dưới / pallet cuối dãy, đóng gói theo thùng-lốc; gắn biển giá theo số lượng.",272.45,50,0.6742
84499,BLACK FLOWER CANDLE PLATE,4,Hàng mua sỉ theo lô,"Kệ dưới / pallet cuối dãy, đóng gói theo thùng-lốc; gắn biển giá theo số lượng.",272.16999999999996,41,1.238780487804878
84192,ASSORTED COLOUR METAL CAT ,4,Hàng mua sỉ theo lô,"Kệ dưới / pallet cuối dãy, đóng gói theo thùng-lốc; gắn biển giá theo số lượng.",271.1,38,1.2402564102564102
23474,WOODLAND SMALL BLUE FELT HEART,4,Hàng mua sỉ theo lô,"Kệ dưới / pallet cuối dãy, đóng gói theo thùng-lốc; gắn biển giá theo số lượng.",270.96,37,1.0405263157894737
85195,HANGING HEART BASKET,4,Hàng mua sỉ theo lô,"Kệ dưới / pallet cuối dãy, đóng gói theo thùng-lốc; gắn biển giá theo số lượng.",269.44000000000005,17,2.205294117647059
47481,50CM METAL STRING WITH  7 CLIPS,4,Hàng mua sỉ theo lô,"Kệ dưới / pallet cuối dãy, đóng gói theo thùng-lốc; gắn biển giá theo số lượng.",265.4,44,1.1075
84806A,PINK CANDYSTUFT ARTIFICIAL FLOWER,4,Hàng mua sỉ theo lô,"Kệ dưới / pallet cuối dãy, đóng gói theo thùng-lốc; gắn biển giá theo số lượng.",261.90999999999997,20,1.135
21268,VINTAGE BLUE TINSEL REEL,4,Hàng mua sỉ theo lô,"Kệ dưới / pallet cuối dãy, đóng gói theo thùng-lốc; gắn biển giá theo số lượng.",261.66,49,1.2884615384615385
79328,BLUE FLOCK GLASS CANDLEHOLDER,4,Hàng mua sỉ theo lô,"Kệ dưới / pallet cuối dãy, đóng gói theo thùng-lốc; gắn biển giá theo số lượng.",260.76,17,1.4888235294117647
84993B,75 BLACK PETIT FOUR CASES,4,Hàng mua sỉ theo lô,"Kệ dưới / pallet cuối dãy, đóng gói theo thùng-lốc; gắn biển giá theo số lượng.",260.65,99,0.5109090909090909
44234,ASSORTED CIRCULAR MOBILE,4,Hàng mua sỉ theo lô,"Kệ dưới / pallet cuối dãy, đóng gói theo thùng-lốc; gắn biển giá theo số lượng.",260.39,56,0.3788524590163934
17038,PORCELAIN BUDAH INCENSE HOLDER,4,Hàng mua sỉ theo lô,"Kệ dưới / pallet cuối dãy, đóng gói theo thùng-lốc; gắn biển giá theo số lượng.",254.51000000000002,55,0.4290909090909091
10123C,HEARTS WRAPPING TAPE ,4,Hàng mua sỉ theo lô,"Kệ dưới / pallet cuối dãy, đóng gói theo thùng-lốc; gắn biển giá theo số lượng.",254.41000000000003,63,0.7906349206349207
21493, VINTAGE DESIGN GIFT TAGS,4,Hàng mua sỉ theo lô,"Kệ dưới / pallet cuối dãy, đóng gói theo thùng-lốc; gắn biển giá theo số lượng.",252.45,29,1.0483333333333333
79338,DARK PINK FLOCK GLASS CANDLEHOLDER,4,Hàng mua sỉ theo lô,"Kệ dưới / pallet cuối dãy, đóng gói theo thùng-lốc; gắn biển giá theo số lượng.",252.29000000000002,13,1.4692307692307693
23475,WOODLAND SMALL PINK FELT HEART,4,Hàng mua sỉ theo lô,"Kệ dưới / pallet cuối dãy, đóng gói theo thùng-lốc; gắn biển giá theo số lượng.",242.17999999999998,31,0.959032258064516
35818P,"ACRYLIC JEWEL ICICLE, PINK",4,Hàng mua sỉ theo lô,"Kệ dưới / pallet cuối dãy, đóng gói theo thùng-lốc; gắn biển giá theo số lượng.",242.15,25,0.9732
20736,PINK MINI TAPE MEASURE ,4,Hàng mua sỉ theo lô,"Kệ dưới / pallet cuối dãy, đóng gói theo thùng-lốc; gắn biển giá theo số lượng.",233.5,19,0.8431578947368421
37483,ENGLISH ROSE MUG IN GIFT BOX,4,Hàng mua sỉ theo lô,"Kệ dưới / pallet cuối dãy, đóng gói theo thùng-lốc; gắn biển giá theo số lượng.",232.89,10,2.46
16256B,FLOWER PENCIL/RUBBER+5 MINI PENCILS,4,Hàng mua sỉ theo lô,"Kệ dưới / pallet cuối dãy, đóng gói theo thùng-lốc; gắn biển giá theo số lượng.",232.35,35,0.5841666666666667
35991,SET/6 BLACK SNOWFLAKE T-LIGHTS ,4,Hàng mua sỉ theo lô,"Kệ dưới / pallet cuối dãy, đóng gói theo thùng-lốc; gắn biển giá theo số lượng.",232.08,54,0.8748214285714286
21639,ASSORTED TUTTI FRUTTI KEYRING,4,Hàng mua sỉ theo lô,"Kệ dưới / pallet cuối dãy, đóng gói theo thùng-lốc; gắn biển giá theo số lượng.",228.64999999999998,15,0.9633333333333333
90090,PINK CRYSTAL HEART PHONE CHARM,4,Hàng mua sỉ theo lô,"Kệ dưới / pallet cuối dãy, đóng gói theo thùng-lốc; gắn biển giá theo số lượng.",227.72,22,1.0168
71028B,SILVER BLUE EGG T-LIGHT HOLDER,4,Hàng mua sỉ theo lô,"Kệ dưới / pallet cuối dãy, đóng gói theo thùng-lốc; gắn biển giá theo số lượng.",227.48000000000002,13,1.8407692307692307
84705C,PINK FLOCK PHOTO FRAME ,4,Hàng mua sỉ theo lô,"Kệ dưới / pallet cuối dãy, đóng gói theo thùng-lốc; gắn biển giá theo số lượng.",227.33,8,3.92875
23003,TRAVEL CARD WALLET VINTAGE ROSE ,4,Hàng mua sỉ theo lô,"Kệ dưới / pallet cuối dãy, đóng gói theo thùng-lốc; gắn biển giá theo số lượng.",226.2,53,0.41888888888888887
84927E,FLOWERS TILE HOOK,4,Hàng mua sỉ theo lô,"Kệ dưới / pallet cuối dãy, đóng gói theo thùng-lốc; gắn biển giá theo số lượng.",224.31,29,2.0863333333333336
17084P,DRAGONS BLOOD INCENSE,4,Hàng mua sỉ theo lô,"Kệ dưới / pallet cuối dãy, đóng gói theo thùng-lốc; gắn biển giá theo số lượng.",222.75,70,0.34428571428571425
16258B,DAISY ERASERS IN BAG,4,Hàng mua sỉ theo lô,"Kệ dưới / pallet cuối dãy, đóng gói theo thùng-lốc; gắn biển giá theo số lượng.",221.06,15,0.36
72225D,VANILLA SCENT CAKE CANDLE ,4,Hàng mua sỉ theo lô,"Kệ dưới / pallet cuối dãy, đóng gói theo thùng-lốc; gắn biển giá theo số lượng.",219.45999999999998,11,0.26818181818181813
90058A,CRYSTAL STUD EARRINGS CLEAR DISPLAY,4,Hàng mua sỉ theo lô,"Kệ dưới / pallet cuối dãy, đóng gói theo thùng-lốc; gắn biển giá theo số lượng.",218.88,13,0.38
35817P,"ACRYLIC JEWEL SNOWFLAKE,PINK",4,Hàng mua sỉ theo lô,"Kệ dưới / pallet cuối dãy, đóng gói theo thùng-lốc; gắn biển giá theo số lượng.",216.7,11,1.5945454545454545
84807,RED POPPY ARTIFICIAL FLOWER,4,Hàng mua sỉ theo lô,"Kệ dưới / pallet cuối dãy, đóng gói theo thùng-lốc; gắn biển giá theo số lượng.",215.93,7,1.5414285714285714
21543,BUTTERFLY WATER TRANSFER TATTOOS ,4,Hàng mua sỉ theo lô,"Kệ dưới / pallet cuối dãy, đóng gói theo thùng-lốc; gắn biển giá theo số lượng.",215.0,24,1.1958333333333333
21400,RED PUDDING SPOON,4,Hàng mua sỉ theo lô,"Kệ dưới / pallet cuối dãy, đóng gói theo thùng-lốc; gắn biển giá theo số lượng.",213.07,91,0.3
84805A,CREAM CLIMBING HYDRANGA ART FLOWER,4,Hàng mua sỉ theo lô,"Kệ dưới / pallet cuối dãy, đóng gói theo thùng-lốc; gắn biển giá theo số lượng.",212.85,8,2.7625
84927D,LA PALMIERA TILE HOOK,4,Hàng mua sỉ theo lô,"Kệ dưới / pallet cuối dãy, đóng gói theo thùng-lốc; gắn biển giá theo số lượng.",211.29000000000002,28,1.762857142857143
20827,GOLD APERITIF GLASS,4,Hàng mua sỉ theo lô,"Kệ dưới / pallet cuối dãy, đóng gói theo thùng-lốc; gắn biển giá theo số lượng.",209.36,8,1.63375
20814,SILVER FINCH DECORATION,4,Hàng mua sỉ theo lô,"Kệ dưới / pallet cuối dãy, đóng gói theo thùng-lốc; gắn biển giá theo số lượng.",208.89000000000001,13,1.2061538461538461
47343A,FUSCHIA FLOWER PURSE WITH BEADS,4,Hàng mua sỉ theo lô,"Kệ dưới / pallet cuối dãy, đóng gói theo thùng-lốc; gắn biển giá theo số lượng.",206.26,23,1.1875
17014D,ORIGAMI ROSE INCENSE CONES,4,Hàng mua sỉ theo lô,"Kệ dưới / pallet cuối dãy, đóng gói theo thùng-lốc; gắn biển giá theo số lượng.",204.36,8,1.7966666666666664
35824B,"HANGING FLOWERS+MIRROR,BLUE",4,Hàng mua sỉ theo lô,"Kệ dưới / pallet cuối dãy, đóng gói theo thùng-lốc; gắn biển giá theo số lượng.",203.24,6,0.8133333333333334
72754A,FLOWER FAIRY POTPOURRI CUSHION LILY,4,Hàng mua sỉ theo lô,"Kệ dưới / pallet cuối dãy, đóng gói theo thùng-lốc; gắn biển giá theo số lượng.",201.24,5,1.066
37471,MULTICOLOUR DOTS PLATE,4,Hàng mua sỉ theo lô,"Kệ dưới / pallet cuối dãy, đóng gói theo thùng-lốc; gắn biển giá theo số lượng.",197.85,10,3.6599999999999993
47504F,ENGLISH ROSE TORCH,4,Hàng mua sỉ theo lô,"Kệ dưới / pallet cuối dãy, đóng gói theo thùng-lốc; gắn biển giá theo số lượng.",196.45999999999998,14,1.6721428571428572
23697,A PRETTY THANK YOU CARD,4,Hàng mua sỉ theo lô,"Kệ dưới / pallet cuối dãy, đóng gói theo thùng-lốc; gắn biển giá theo số lượng.",194.58,35,0.5208333333333334
35819B,"ACRYLIC HANGING JEWEL,BLUE",4,Hàng mua sỉ theo lô,"Kệ dưới / pallet cuối dãy, đóng gói theo thùng-lốc; gắn biển giá theo số lượng.",192.3,32,0.712
47518F,ICON PLACEMAT POP ART ELVIS,4,Hàng mua sỉ theo lô,"Kệ dưới / pallet cuối dãy, đóng gói theo thùng-lốc; gắn biển giá theo số lượng.",190.89000000000001,43,1.2048837209302325
72051S,BAG OF SILVER STONES,4,Hàng mua sỉ theo lô,"Kệ dưới / pallet cuối dãy, đóng gói theo thùng-lốc; gắn biển giá theo số lượng.",190.89,54,0.6721818181818182
16053,POPART COL BALLPOINT PEN ASST,4,Hàng mua sỉ theo lô,"Kệ dưới / pallet cuối dãy, đóng gói theo thùng-lốc; gắn biển giá theo số lượng.",185.73,10,0.174
35838A,S/6 MULTICOLOUR ORNAMENETAL CANDLE,4,Hàng mua sỉ theo lô,"Kệ dưới / pallet cuối dãy, đóng gói theo thùng-lốc; gắn biển giá theo số lượng.",184.4,20,1.175
16043,POP ART PUSH DOWN RUBBER ,4,Hàng mua sỉ theo lô,"Kệ dưới / pallet cuối dãy, đóng gói theo thùng-lốc; gắn biển giá theo số lượng.",180.29999999999998,13,0.31846153846153846
35818B,"ACRYLIC JEWEL ICICLE, BLUE",4,Hàng mua sỉ theo lô,"Kệ dưới / pallet cuối dãy, đóng gói theo thùng-lốc; gắn biển giá theo số lượng.",180.05,11,1.1527272727272726
47347B,BLUE FLOWER T-LIGHT HOLDER,4,Hàng mua sỉ theo lô,"Kệ dưới / pallet cuối dãy, đóng gói theo thùng-lốc; gắn biển giá theo số lượng.",179.88,11,1.64
17011A,ORIGAMI VANILLA INCENSE+FLOWER ,4,Hàng mua sỉ theo lô,"Kệ dưới / pallet cuối dãy, đóng gói theo thùng-lốc; gắn biển giá theo số lượng.",179.56,12,2.7708333333333335
75011,BLUE DAISY MOBILE,4,Hàng mua sỉ theo lô,"Kệ dưới / pallet cuối dãy, đóng gói theo thùng-lốc; gắn biển giá theo số lượng.",172.51,15,1.3900000000000001
17014A,ORIGAMI VANILLA INCENSE CONES,4,Hàng mua sỉ theo lô,"Kệ dưới / pallet cuối dãy, đóng gói theo thùng-lốc; gắn biển giá theo số lượng.",170.13,16,1.66
21087,SET/6 POSIES PAPER CUPS,4,Hàng mua sỉ theo lô,"Kệ dưới / pallet cuối dãy, đóng gói theo thùng-lốc; gắn biển giá theo số lượng.",168.08,32,0.7493939393939394
10123G,ARMY CAMO WRAPPING TAPE,4,Hàng mua sỉ theo lô,"Kệ dưới / pallet cuối dãy, đóng gói theo thùng-lốc; gắn biển giá theo số lượng.",165.55999999999997,16,0.8205882352941177
90093,CLEAR CRYSTAL STAR PHONE CHARM,4,Hàng mua sỉ theo lô,"Kệ dưới / pallet cuối dãy, đóng gói theo thùng-lốc; gắn biển giá theo số lượng.",165.34,25,1.0844
23694,PAISLEY PARK CARD,4,Hàng mua sỉ theo lô,"Kệ dưới / pallet cuối dãy, đóng gói theo thùng-lốc; gắn biển giá theo số lượng.",165.07999999999998,41,0.5885365853658536
81952V,ROUND PURPLE CLOCK WITH SUCKER,4,Hàng mua sỉ theo lô,"Kệ dưới / pallet cuối dãy, đóng gói theo thùng-lốc; gắn biển giá theo số lượng.",159.87,46,0.7021276595744681
16054,POPART RECT PENCIL SHARPENER ASST,4,Hàng mua sỉ theo lô,"Kệ dưới / pallet cuối dãy, đóng gói theo thùng-lốc; gắn biển giá theo số lượng.",159.0,39,0.17384615384615382
84927A,WAKE UP COCKEREL TILE HOOK,4,Hàng mua sỉ theo lô,"Kệ dưới / pallet cuối dãy, đóng gói theo thùng-lốc; gắn biển giá theo số lượng.",157.61,33,2.222727272727273
72140E,BEST DAD CANDLE LETTERS,4,Hàng mua sỉ theo lô,"Kệ dưới / pallet cuối dãy, đóng gói theo thùng-lốc; gắn biển giá theo số lượng.",156.72,29,0.8927586206896552
84228,HEN HOUSE W CHICK STANDING,4,Hàng mua sỉ theo lô,"Kệ dưới / pallet cuối dãy, đóng gói theo thùng-lốc; gắn biển giá theo số lượng.",156.07,46,0.6284782608695653
20952,PORCELAIN CHERUB BELL SMALL,4,Hàng mua sỉ theo lô,"Kệ dưới / pallet cuối dãy, đóng gói theo thùng-lốc; gắn biển giá theo số lượng.",150.72,24,0.6812499999999999
17108D,FLOWER FAIRY SUMMER BOUQUET SACHET,4,Hàng mua sỉ theo lô,"Kệ dưới / pallet cuối dãy, đóng gói theo thùng-lốc; gắn biển giá theo số lượng.",149.1,23,0.42
71496A,A4 WALL TIDY BLUE OFFICE,4,Hàng mua sỉ theo lô,"Kệ dưới / pallet cuối dãy, đóng gói theo thùng-lốc; gắn biển giá theo số lượng.",148.01000000000002,17,1.0505882352941176
35980C,REDWHITE STRIPE SCANDINAVIAN HEART ,4,Hàng mua sỉ theo lô,"Kệ dưới / pallet cuối dãy, đóng gói theo thùng-lốc; gắn biển giá theo số lượng.",147.64000000000001,29,0.4555172413793103
35610B,BLACK CHRISTMAS FLOCK DROPLET ,4,Hàng mua sỉ theo lô,"Kệ dưới / pallet cuối dãy, đóng gói theo thùng-lốc; gắn biển giá theo số lượng.",144.07,13,1.1314285714285715
10120,DOGGY RUBBER,4,Hàng mua sỉ theo lô,"Kệ dưới / pallet cuối dãy, đóng gói theo thùng-lốc; gắn biển giá theo số lượng.",142.74,73,0.24013698630136987
72754B,F FAIRY POTPOURRI CUSHIONS LAVENDER,4,Hàng mua sỉ theo lô,"Kệ dưới / pallet cuối dãy, đóng gói theo thùng-lốc; gắn biển giá theo số lượng.",137.54000000000002,8,1.17
35816P,"ACRYLIC JEWEL ANGEL,PINK",4,Hàng mua sỉ theo lô,"Kệ dưới / pallet cuối dãy, đóng gói theo thùng-lốc; gắn biển giá theo số lượng.",137.43,9,1.1433333333333333
72134,COLUMBIAN  CUBE CANDLE ,4,Hàng mua sỉ theo lô,"Kệ dưới / pallet cuối dãy, đóng gói theo thùng-lốc; gắn biển giá theo số lượng.",134.85,29,0.8983333333333333
35015,JACOBS LADDER SMALL,4,Hàng mua sỉ theo lô,"Kệ dưới / pallet cuối dãy, đóng gói theo thùng-lốc; gắn biển giá theo số lượng.",134.08,39,0.09128205128205129
35609A,PINK FEATHER CHRISTMAS DECORATION,4,Hàng mua sỉ theo lô,"Kệ dưới / pallet cuối dãy, đóng gói theo thùng-lốc; gắn biển giá theo số lượng.",133.23,24,0.8216666666666667
35933,PINK STOCKING CHRISTMAS DECORATION,4,Hàng mua sỉ theo lô,"Kệ dưới / pallet cuối dãy, đóng gói theo thùng-lốc; gắn biển giá theo số lượng.",131.38,28,0.6982142857142858
16119,FUNKY GIRL ADDRESS BOOK,4,Hàng mua sỉ theo lô,"Kệ dưới / pallet cuối dãy, đóng gói theo thùng-lốc; gắn biển giá theo số lượng.",130.71,8,1.0325
10080,GROOVY CACTUS INFLATABLE,4,Hàng mua sỉ theo lô,"Kệ dưới / pallet cuối dãy, đóng gói theo thùng-lốc; gắn biển giá theo số lượng.",129.29,27,0.505
84251G,"GREETING CARD, OVERCROWDED POOL.",4,Hàng mua sỉ theo lô,"Kệ dưới / pallet cuối dãy, đóng gói theo thùng-lốc; gắn biển giá theo số lượng.",127.56,91,0.45175824175824175
16168S,FUNKY MONKEY GIFT BAG SMALL,4,Hàng mua sỉ theo lô,"Kệ dưới / pallet cuối dãy, đóng gói theo thùng-lốc; gắn biển giá theo số lượng.",126.82999999999998,11,0.31363636363636366
81950B,FLOWER BLUE CLOCK W/SUCKER,4,Hàng mua sỉ theo lô,"Kệ dưới / pallet cuối dãy, đóng gói theo thùng-lốc; gắn biển giá theo số lượng.",126.74,34,0.9374285714285715
84199,GLOW IN DARK DOLPHINS,4,Hàng mua sỉ theo lô,"Kệ dưới / pallet cuối dãy, đóng gói theo thùng-lốc; gắn biển giá theo số lượng.",121.08,69,0.22138888888888889
35607A,PINK FLUFFY CHRISTMAS DECORATION,4,Hàng mua sỉ theo lô,"Kệ dưới / pallet cuối dãy, đóng gói theo thùng-lốc; gắn biển giá theo số lượng.",118.43,31,0.33129032258064517
35824C,"HANGING FLOWERS+MIRROR,CLEAR",4,Hàng mua sỉ theo lô,"Kệ dưới / pallet cuối dãy, đóng gói theo thùng-lốc; gắn biển giá theo số lượng.",117.05,8,0.935
72038P,PRICE'S CANDLE PEACH,4,Hàng mua sỉ theo lô,"Kệ dưới / pallet cuối dãy, đóng gói theo thùng-lốc; gắn biển giá theo số lượng.",116.5,9,0.15222222222222223
23185,FRENCH STYLE STORAGE JAR JAM,4,Hàng mua sỉ theo lô,"Kệ dưới / pallet cuối dãy, đóng gói theo thùng-lốc; gắn biển giá theo số lượng.",114.85,30,0.3516129032258064
84249A,"GREETING CARD,SQUARE, DOUGHNUTS",4,Hàng mua sỉ theo lô,"Kệ dưới / pallet cuối dãy, đóng gói theo thùng-lốc; gắn biển giá theo số lượng.",113.22,34,0.6129411764705882
21089,SET/6 GREEN SPRING PAPER CUPS,4,Hàng mua sỉ theo lô,"Kệ dưới / pallet cuối dãy, đóng gói theo thùng-lốc; gắn biển giá theo số lượng.",112.54,40,0.49725
71510,SQUARE METAL CANDLEHOLDER BASE,4,Hàng mua sỉ theo lô,"Kệ dưới / pallet cuối dãy, đóng gói theo thùng-lốc; gắn biển giá theo số lượng.",112.05,17,0.7935294117647059
71495B,CD WALL TIDY RED FLOWERS,4,Hàng mua sỉ theo lô,"Kệ dưới / pallet cuối dãy, đóng gói theo thùng-lốc; gắn biển giá theo số lượng.",111.57000000000001,18,0.5449999999999999
35966,FOLKART CHRISTMAS TREE T-LIGHT HOLD,4,Hàng mua sỉ theo lô,"Kệ dưới / pallet cuối dãy, đóng gói theo thùng-lốc; gắn biển giá theo số lượng.",111.34,26,0.6815384615384615
10138,ASSORTED COLOUR JUMBO PEN,4,Hàng mua sỉ theo lô,"Kệ dưới / pallet cuối dãy, đóng gói theo thùng-lốc; gắn biển giá theo số lượng.",111.22,21,0.4776190476190476
84493,BLUE/PINK NEST STRIPE BOX,4,Hàng mua sỉ theo lô,"Kệ dưới / pallet cuối dãy, đóng gói theo thùng-lốc; gắn biển giá theo số lượng.",111.11999999999999,5,1.5619999999999998
35096B,RED VICTORIAN FABRIC HEART BOX,4,Hàng mua sỉ theo lô,"Kệ dưới / pallet cuối dãy, đóng gói theo thùng-lốc; gắn biển giá theo số lượng.",106.49000000000001,25,0.46759999999999996
22987,"WRAP , SUMMER ROSE DESIGN",4,Hàng mua sỉ theo lô,"Kệ dưới / pallet cuối dãy, đóng gói theo thùng-lốc; gắn biển giá theo số lượng.",105.84,11,0.42
16169D,WRAP WINTER FOREST,4,Hàng mua sỉ theo lô,"Kệ dưới / pallet cuối dãy, đóng gói theo thùng-lốc; gắn biển giá theo số lượng.",105.0,9,0.42
16161G,WRAP BAD HAIR DAY,4,Hàng mua sỉ theo lô,"Kệ dưới / pallet cuối dãy, đóng gói theo thùng-lốc; gắn biển giá theo số lượng.",97.5,33,0.1
17084J,LOVE POTION MASALA INCENSE,4,Hàng mua sỉ theo lô,"Kệ dưới / pallet cuối dãy, đóng gói theo thùng-lốc; gắn biển giá theo số lượng.",95.76,20,0.21000000000000002
72606A,BROWN ANTIQUE CUBE CANDLE,4,Hàng mua sỉ theo lô,"Kệ dưới / pallet cuối dãy, đóng gói theo thùng-lốc; gắn biển giá theo số lượng.",94.92,18,0.42
17084A,TRANQUILITY MASALA INCENSE,4,Hàng mua sỉ theo lô,"Kệ dưới / pallet cuối dãy, đóng gói theo thùng-lốc; gắn biển giá theo số lượng.",92.82,18,0.21
71495A,CD WALL TIDY BLUE OFFICE,4,Hàng mua sỉ theo lô,"Kệ dưới / pallet cuối dãy, đóng gói theo thùng-lốc; gắn biển giá theo số lượng.",87.96000000000001,20,0.6395
35271S,GOLD PRINT PAPER BAG,4,Hàng mua sỉ theo lô,"Kệ dưới / pallet cuối dãy, đóng gói theo thùng-lốc; gắn biển giá theo số lượng.",85.97,20,0.23399999999999999
81952B,ROUND BLUE CLOCK W/SUCKER,4,Hàng mua sỉ theo lô,"Kệ dưới / pallet cuối dãy, đóng gói theo thùng-lốc; gắn biển giá theo số lượng.",84.56,20,0.7045
84251F,"GREETING CARD, RITA",4,Hàng mua sỉ theo lô,"Kệ dưới / pallet cuối dãy, đóng gói theo thùng-lốc; gắn biển giá theo số lượng.",83.97,50,0.4414
35931,PINK STAR CHRISTMAS DECORATION,4,Hàng mua sỉ theo lô,"Kệ dưới / pallet cuối dãy, đóng gói theo thùng-lốc; gắn biển giá theo số lượng.",78.12,15,0.48466666666666663
35815P,"ACRYLIC JEWEL SNOWFLAKE, PINK",4,Hàng mua sỉ theo lô,"Kệ dưới / pallet cuối dãy, đóng gói theo thùng-lốc; gắn biển giá theo số lượng.",75.88000000000001,7,1.1171428571428572
16161E,WRAP BOUDOIR ,4,Hàng mua sỉ theo lô,"Kệ dưới / pallet cuối dãy, đóng gói theo thùng-lốc; gắn biển giá theo số lượng.",75.0,9,0.1
37399,"ASS RETROSPOOF MUGS,SPORTS",4,Hàng mua sỉ theo lô,"Kệ dưới / pallet cuối dãy, đóng gói theo thùng-lốc; gắn biển giá theo số lượng.",75.0,6,0.9733333333333333
15030,FAN BLACK FRAME ,4,Hàng mua sỉ theo lô,"Kệ dưới / pallet cuối dãy, đóng gói theo thùng-lốc; gắn biển giá theo số lượng.",73.66,26,0.29
35937,CERISE+GOLD CHRISTMAS STOCKING DEC,4,Hàng mua sỉ theo lô,"Kệ dưới / pallet cuối dãy, đóng gói theo thùng-lốc; gắn biển giá theo số lượng.",71.44,17,0.38
16256C,HEARTS PENCIL/RUBBER+5 MINI PENCILS,4,Hàng mua sỉ theo lô,"Kệ dưới / pallet cuối dãy, đóng gói theo thùng-lốc; gắn biển giá theo số lượng.",70.98,10,0.42000000000000004
72140F,HAPPY ANNIVERSARY CANDLE LETTERS,4,Hàng mua sỉ theo lô,"Kệ dưới / pallet cuối dãy, đóng gói theo thùng-lốc; gắn biển giá theo số lượng.",69.17999999999999,14,0.41600000000000004
71215,METAL BASE FOR CANDLES,4,Hàng mua sỉ theo lô,"Kệ dưới / pallet cuối dãy, đóng gói theo thùng-lốc; gắn biển giá theo số lượng.",68.1,12,0.4091666666666667
47420,ASSORTED COLOUR SUCTION CUP HOOK,4,Hàng mua sỉ theo lô,"Kệ dưới / pallet cuối dãy, đóng gói theo thùng-lốc; gắn biển giá theo số lượng.",68.02000000000001,31,0.19
79329,PINK FLOCK GLASS CANDLEHOLDER,4,Hàng mua sỉ theo lô,"Kệ dưới / pallet cuối dãy, đóng gói theo thùng-lốc; gắn biển giá theo số lượng.",65.94,7,1.2871428571428571
79406,FROSTED WHITE BASE ,4,Hàng mua sỉ theo lô,"Kệ dưới / pallet cuối dãy, đóng gói theo thùng-lốc; gắn biển giá theo số lượng.",65.62,21,0.3961904761904762
35607B,BLACK FEATHER CHRISTMAS DECORATION,4,Hàng mua sỉ theo lô,"Kệ dưới / pallet cuối dãy, đóng gói theo thùng-lốc; gắn biển giá theo số lượng.",62.3,17,0.2788235294117647
17136A,BLUE STONES ON WIRE FOR CANDLE,4,Hàng mua sỉ theo lô,"Kệ dưới / pallet cuối dãy, đóng gói theo thùng-lốc; gắn biển giá theo số lượng.",61.78,34,0.10676470588235294
72771B,BURG FLOCK GOLD CUP/CANDLE ,4,Hàng mua sỉ theo lô,"Kệ dưới / pallet cuối dãy, đóng gói theo thùng-lốc; gắn biển giá theo số lượng.",56.9,8,1.2822222222222222
46115B,GREEN POP ART MAO CUSHION COVER ,4,Hàng mua sỉ theo lô,"Kệ dưới / pallet cuối dãy, đóng gói theo thùng-lốc; gắn biển giá theo số lượng.",54.34,22,0.18999999999999997
16050,TEATIME PENCIL WITH RUBBER,4,Hàng mua sỉ theo lô,"Kệ dưới / pallet cuối dãy, đóng gói theo thùng-lốc; gắn biển giá theo số lượng.",46.45,8,0.4
72024U,LILAC VOTIVE CANDLE,4,Hàng mua sỉ theo lô,"Kệ dưới / pallet cuối dãy, đóng gói theo thùng-lốc; gắn biển giá theo số lượng.",46.2,11,0.21
79063C,"RETRO PILL BOX KEY CHAIN,THE KING",4,Hàng mua sỉ theo lô,"Kệ dưới / pallet cuối dãy, đóng gói theo thùng-lốc; gắn biển giá theo số lượng.",43.65,14,0.18928571428571428
17014E,ORIGAMI OPIUM INCENSE CONES,4,Hàng mua sỉ theo lô,"Kệ dưới / pallet cuối dãy, đóng gói theo thùng-lốc; gắn biển giá theo số lượng.",36.599999999999994,6,1.4249999999999998
79063D,"RETRO PILL BOX , REVOLUTIONARY",4,Hàng mua sỉ theo lô,"Kệ dưới / pallet cuối dãy, đóng gói theo thùng-lốc; gắn biển giá theo số lượng.",35.14,11,0.21
35633B,BLUE TINSEL GARLAND ,4,Hàng mua sỉ theo lô,"Kệ dưới / pallet cuối dãy, đóng gói theo thùng-lốc; gắn biển giá theo số lượng.",24.7,12,0.19000000000000003
