customer_index,age,job,marital,education,xac_suat_dong_y
39676,76,retired,married,basic.4y,0.9843252072359836
39655,92,retired,married,unknown,0.9838518318317694
40473,66,admin.,divorced,university.degree,0.9812833771192505
39180,64,retired,married,university.degree,0.9797259616561805
39614,78,retired,divorced,basic.4y,0.9795346877692259
39221,34,admin.,single,university.degree,0.9791997148851317
40487,33,admin.,married,university.degree,0.9786893657765586
40567,37,admin.,married,university.degree,0.9785644955557874
39644,48,unemployed,married,professional.course,0.9778608064713132
40586,60,retired,married,university.degree,0.977398143774509
40359,58,blue-collar,married,basic.4y,0.9758532849177733
40413,59,retired,married,professional.course,0.9752224993343429
39680,52,management,married,university.degree,0.9739811899820274
40163,70,retired,divorced,basic.4y,0.9732087660831013
40476,42,technician,married,professional.course,0.9724981774483896
40780,41,unemployed,married,high.school,0.9724773078733148
40450,92,retired,married,unknown,0.9721921029489745
40360,48,admin.,married,university.degree,0.9703363690638511
40686,83,retired,divorced,basic.4y,0.9693693116293535
40452,50,admin.,single,university.degree,0.9692258147811572
39228,26,admin.,single,high.school,0.9687900543237948
40670,29,admin.,single,high.school,0.9685746582590004
40276,68,retired,divorced,high.school,0.9681341763998339
40469,92,retired,married,unknown,0.967546239969868
39348,78,retired,married,unknown,0.9671497865631226
39607,52,admin.,married,university.degree,0.9663118246578888
39159,37,admin.,single,high.school,0.9661259934053804
39611,52,technician,married,university.degree,0.9657709727603858
39646,40,technician,married,professional.course,0.9656032094294805
39668,52,management,married,university.degree,0.9645344683023205
38720,33,admin.,married,university.degree,0.9642879762870952
40368,27,student,single,university.degree,0.9635212909102154
40734,23,student,single,professional.course,0.962965628163705
40160,32,admin.,single,university.degree,0.9628029973667226
40434,47,management,married,university.degree,0.9619213593438002
40728,24,student,single,high.school,0.9617580207740888
39498,80,retired,divorced,basic.4y,0.9612924788161493
39803,48,admin.,divorced,high.school,0.9604414527509227
38715,33,admin.,married,university.degree,0.9600163673882571
38781,34,admin.,single,university.degree,0.9576334350959341
39685,33,admin.,married,university.degree,0.9569877202661584
38716,38,admin.,married,university.degree,0.9566914502615463
38722,79,retired,married,basic.4y,0.9565159170633034
40384,44,services,divorced,basic.6y,0.954503972670212
39153,21,student,single,basic.9y,0.95328868359485
40044,30,admin.,single,university.degree,0.9532566373783317
40168,47,admin.,single,basic.9y,0.9532209263926092
40288,60,retired,married,professional.course,0.9529376991057839
40954,48,technician,married,professional.course,0.9529283572130328
40166,32,admin.,single,university.degree,0.9528875792269819
39396,33,admin.,single,university.degree,0.9520383610006056
40713,30,technician,single,professional.course,0.9513484353927892
39929,37,unemployed,single,university.degree,0.9513076782698907
41032,36,unemployed,married,high.school,0.9510204715429222
40945,54,admin.,married,high.school,0.9506157302533391
40161,20,student,single,basic.9y,0.9501981779228298
41007,37,housemaid,married,university.degree,0.9500990245225576
39719,80,retired,married,basic.4y,0.9498733540844969
38711,61,management,married,university.degree,0.9486938785904933
39726,20,student,single,unknown,0.9480217901544938
40105,59,retired,divorced,basic.4y,0.9470527755609693
39976,56,retired,married,high.school,0.94661559912949
39911,36,admin.,single,university.degree,0.9465430697948336
41003,37,management,married,university.degree,0.9465119680919594
39505,26,student,single,high.school,0.9460637770948971
40358,21,student,single,high.school,0.9457979179526624
40257,35,admin.,married,university.degree,0.9455144698017319
40040,30,admin.,single,university.degree,0.9440538022308647
40172,31,admin.,single,university.degree,0.94341268732854
40078,72,retired,married,basic.4y,0.9423894487483098
39407,46,technician,married,professional.course,0.9420680098511575
39572,30,admin.,single,university.degree,0.9417086372704914
38797,60,unemployed,married,basic.4y,0.9401785416188634
38431,56,retired,married,professional.course,0.9399371980589742
39014,65,management,married,unknown,0.9398758281835717
40173,26,technician,single,university.degree,0.9396257501873317
40123,29,admin.,married,university.degree,0.9389230013446653
39908,45,admin.,divorced,university.degree,0.938445867487879
39650,77,retired,married,university.degree,0.9381667592795515
39301,37,technician,married,professional.course,0.9381045250335512
39272,33,admin.,single,university.degree,0.9376009671908371
40942,65,retired,married,basic.4y,0.935935024135128
38905,34,admin.,divorced,high.school,0.9324568007482154
38977,23,student,single,university.degree,0.9304999795834691
39907,32,admin.,single,university.degree,0.9300474440280894
39820,35,technician,single,professional.course,0.9296082661186387
36615,32,admin.,married,university.degree,0.9294166293018467
40425,24,admin.,single,university.degree,0.9292553019938407
39912,36,blue-collar,single,high.school,0.9282333241778896
38423,34,technician,married,professional.course,0.9279520775894154
39769,30,admin.,married,university.degree,0.9275104398349495
39340,30,student,single,unknown,0.9271649094818241
38802,26,admin.,married,high.school,0.9263962384900577
38758,53,housemaid,married,basic.4y,0.925831610099289
39867,29,admin.,married,high.school,0.9253169850855356
39549,37,technician,married,professional.course,0.9251462006405236
39905,36,management,married,university.degree,0.9248409220684495
39094,35,blue-collar,married,basic.9y,0.9245947082764432
40958,63,admin.,married,university.degree,0.9239699085882882
39198,43,self-employed,married,university.degree,0.9236899457452015
39608,52,admin.,married,university.degree,0.923385754711216
39217,42,blue-collar,married,basic.6y,0.9232224680107818
37918,25,admin.,single,university.degree,0.9229887558454792
40514,33,student,married,professional.course,0.9215958226775591
40976,56,technician,divorced,professional.course,0.9213772645794299
39841,37,admin.,married,university.degree,0.9211561877895857
38667,29,management,married,university.degree,0.9206544348541169
38438,56,technician,married,basic.4y,0.9205008307063808
38034,56,admin.,married,university.degree,0.9202217684928209
38800,29,admin.,single,high.school,0.9181991831633183
39245,46,admin.,married,university.degree,0.9174472006334707
41178,62,retired,married,university.degree,0.916947144981559
40633,47,technician,married,basic.6y,0.9164197907779333
40552,27,admin.,married,university.degree,0.9163873845644805
38964,30,technician,married,university.degree,0.916000757709043
36751,25,admin.,single,university.degree,0.9158937553642005
41151,41,technician,married,professional.course,0.9153380943464288
40940,49,admin.,married,high.school,0.9146285044594848
40114,73,retired,married,basic.4y,0.9140878205738165
40927,31,technician,married,university.degree,0.9131927336755515
40510,34,technician,single,basic.9y,0.9129022473402011
41163,35,technician,divorced,basic.4y,0.9127496177292633
39894,26,admin.,single,university.degree,0.9126504838504421
40990,31,admin.,single,university.degree,0.9123067476830183
39229,34,admin.,single,university.degree,0.9119764040038941
30307,37,admin.,married,high.school,0.911965199972132
40857,30,technician,unknown,university.degree,0.9118662453368559
39329,39,technician,divorced,high.school,0.911805371666809
38111,60,self-employed,divorced,university.degree,0.9103233122955627
36509,28,services,single,basic.6y,0.9101170228360922
37704,37,admin.,divorced,university.degree,0.9093597919678105
38312,40,services,married,professional.course,0.9092616743382607
39787,25,services,single,unknown,0.9078996480806978
38760,40,services,married,high.school,0.9078551145177909
37837,36,housemaid,single,university.degree,0.9075216422243738
39223,34,admin.,single,university.degree,0.9067096143061589
40131,35,technician,single,professional.course,0.9066466402616089
38693,25,admin.,single,university.degree,0.9063851378799244
38967,83,retired,married,high.school,0.906159465569223
37729,34,technician,single,unknown,0.9059306338924015
39993,27,unknown,single,university.degree,0.9048841786623718
37264,48,admin.,divorced,university.degree,0.9048632587083623
27759,34,technician,single,professional.course,0.9048083129825858
40490,33,management,married,university.degree,0.9045356768790788
39047,43,admin.,married,high.school,0.903830756498584
37987,45,admin.,married,university.degree,0.9034138470441895
39328,39,technician,divorced,high.school,0.90178664796419
36703,25,technician,single,university.degree,0.9010363175754353
39501,41,admin.,married,university.degree,0.9003701084390088
40742,34,admin.,married,high.school,0.8992053342296153
40941,66,retired,married,basic.4y,0.8988623635142861
38154,50,management,married,university.degree,0.8979333806385132
39186,85,retired,single,professional.course,0.897514133002292
36468,40,blue-collar,divorced,professional.course,0.8968202558275835
37328,30,admin.,single,university.degree,0.8961078045525328
36621,53,unknown,married,professional.course,0.8957975850568883
40346,31,student,single,university.degree,0.8952514755922149
38452,98,retired,married,basic.4y,0.8940781535163767
39171,53,admin.,divorced,university.degree,0.893494573901751
39983,38,entrepreneur,married,basic.6y,0.8933960015167156
40266,52,admin.,married,professional.course,0.8932892303422549
37758,36,admin.,single,high.school,0.8929329204097621
40736,52,admin.,married,professional.course,0.8925916691415839
38904,35,management,married,university.degree,0.8918346186736631
40072,37,admin.,married,high.school,0.8908959738430647
39880,24,student,single,high.school,0.8908795935669553
37789,51,admin.,divorced,high.school,0.8907102696438685
39717,28,student,single,university.degree,0.8904882310154979
36656,46,housemaid,single,university.degree,0.8901210029001391
39551,35,admin.,single,university.degree,0.8900001578512853
38274,17,student,single,unknown,0.8893871059823081
30149,53,admin.,single,university.degree,0.8893716139693243
37996,49,admin.,married,high.school,0.8892503963624481
39302,56,retired,married,basic.4y,0.8888611340569352
40083,46,admin.,married,university.degree,0.8883272309367863
40983,74,retired,divorced,basic.4y,0.8882481341857225
38283,28,technician,single,high.school,0.8865509956674883
37713,32,management,single,university.degree,0.8864909779396107
40058,57,unknown,married,basic.4y,0.8859765441368588
37738,61,retired,married,basic.4y,0.8859364922588264
39337,27,admin.,single,university.degree,0.885236794208009
30314,36,admin.,married,university.degree,0.8844614326524267
39833,29,admin.,single,university.degree,0.883107028137849
38445,22,student,single,high.school,0.8829433780261238
36606,25,services,single,high.school,0.8828559957576282
37049,45,admin.,married,university.degree,0.8823916946569116
24016,33,housemaid,married,high.school,0.8816627668880993
24048,34,admin.,single,university.degree,0.8816122791024916
38457,22,student,single,basic.9y,0.8815124431564308
40410,25,admin.,single,university.degree,0.8814922531542367
39739,28,admin.,married,high.school,0.88066364616556
39142,31,admin.,married,university.degree,0.8797268246337471
37925,60,retired,married,professional.course,0.8794744919785071
39489,80,retired,divorced,basic.4y,0.8793870694486885
41078,37,admin.,married,university.degree,0.8792486175439994
40740,33,technician,married,university.degree,0.8790619008749245
24053,30,admin.,married,university.degree,0.8784057136777719
40934,27,admin.,single,university.degree,0.8778419031135682
38004,43,technician,married,high.school,0.8775674083025562
40227,43,technician,married,professional.course,0.8774675206725661
37610,25,admin.,single,university.degree,0.8771922535822503
37998,66,management,divorced,university.degree,0.8767361297719085
36626,28,management,single,university.degree,0.8764290165462577
40758,33,technician,married,unknown,0.8758369678550662
39461,68,retired,married,basic.4y,0.8757649285454653
36760,38,technician,married,professional.course,0.8755704493973046
38833,40,technician,single,university.degree,0.875490604772566
40665,45,unemployed,married,high.school,0.872815712686653
27734,28,student,single,basic.9y,0.8726280741825765
36542,42,self-employed,married,university.degree,0.8720157779313663
40003,29,admin.,single,high.school,0.871999874299259
40378,27,student,single,basic.9y,0.8714806776697298
38081,70,admin.,married,basic.4y,0.8712183812284415
40143,29,admin.,single,university.degree,0.8707603812966407
39041,85,retired,divorced,basic.4y,0.8699826778812354
39359,34,admin.,divorced,high.school,0.869901606687831
39843,50,management,married,university.degree,0.8696580505572985
39785,25,services,single,unknown,0.8691149217766946
36770,54,blue-collar,married,basic.9y,0.8689592235827217
24045,43,blue-collar,married,basic.9y,0.8686650272501082
27739,38,technician,married,professional.course,0.8686358765682971
39007,56,management,married,professional.course,0.8684343715432887
40795,26,self-employed,single,university.degree,0.8683010380518512
27756,38,technician,married,professional.course,0.8680796971630936
30311,48,unemployed,single,basic.9y,0.8676285478876004
38117,63,housemaid,married,basic.4y,0.8675418310544416
37812,49,entrepreneur,single,university.degree,0.8672077912261407
41077,45,blue-collar,married,high.school,0.8671296240305578
41079,51,services,married,high.school,0.8669277055661915
30029,64,retired,married,university.degree,0.8667062818080891
38465,26,admin.,single,high.school,0.8666184911005924
27814,88,retired,divorced,basic.4y,0.8663790879761525
40557,33,technician,married,professional.course,0.8655710911148108
40823,33,technician,single,professional.course,0.8652061520522067
39992,26,admin.,married,high.school,0.8644400588880439
39586,32,student,single,unknown,0.8642805395277684
39379,59,admin.,divorced,university.degree,0.8636014543186108
37558,17,student,single,basic.9y,0.8635606548286243
40406,37,management,married,high.school,0.8632988858539352
39777,31,unknown,single,high.school,0.8620382714369472
40868,26,technician,single,university.degree,0.8615931686678954
39296,66,retired,married,high.school,0.8612575495288748
41141,37,admin.,married,university.degree,0.8609267472248421
40836,30,student,single,professional.course,0.8609259700325506
40318,63,retired,married,basic.4y,0.8605797255419398
37142,59,admin.,married,high.school,0.8602764141894811
40144,34,services,married,basic.9y,0.8600706191667506
40247,63,admin.,married,university.degree,0.8599681136218758
40801,53,technician,married,university.degree,0.8596001180309681
37236,48,entrepreneur,married,university.degree,0.8593277737716645
36561,30,admin.,single,university.degree,0.8591645444774197
38591,34,technician,single,university.degree,0.8585762705524038
40808,35,technician,married,professional.course,0.857847576209103
40730,60,retired,married,high.school,0.8575255248143147
37675,74,retired,divorced,basic.4y,0.8569814848382287
39310,28,admin.,single,university.degree,0.8566265747139199
39042,84,retired,married,high.school,0.8563686696759636
39433,49,admin.,married,high.school,0.8560030641041024
27865,33,blue-collar,single,high.school,0.8556821654972964
37786,43,services,married,high.school,0.8554151727553619
40138,53,blue-collar,single,basic.9y,0.8552911879376159
41158,35,technician,divorced,basic.4y,0.8545276634183554
37527,22,student,single,high.school,0.8542145263086877
39482,61,retired,married,high.school,0.8541765259740316
40303,53,admin.,married,high.school,0.853514365348156
41098,29,student,single,high.school,0.853431579011027
39145,53,technician,married,high.school,0.8532173006640393
40277,74,retired,divorced,basic.4y,0.8531041706124556
38148,61,retired,married,high.school,0.8529759648425501
24050,33,entrepreneur,married,university.degree,0.8528841556009789
39472,74,retired,divorced,basic.4y,0.8524932670716855
38635,71,retired,married,professional.course,0.8523221230087609
27884,32,technician,divorced,professional.course,0.8522810211388122
40681,65,technician,married,professional.course,0.8519816913098532
41119,36,blue-collar,single,basic.6y,0.8518860769224772
39191,27,student,single,high.school,0.8517385156868831
40659,46,services,married,university.degree,0.8514342511065499
38692,57,admin.,married,high.school,0.8512741193069026
37633,41,admin.,single,high.school,0.8509364735546288
27785,39,admin.,single,high.school,0.850856211521273
41092,31,admin.,single,university.degree,0.8489995030280384
36580,25,unemployed,married,high.school,0.8484919103942267
27924,28,admin.,single,high.school,0.8484247552914538
27919,28,admin.,single,high.school,0.8484247552914538
30234,51,technician,married,professional.course,0.848407657805503
30232,51,technician,married,professional.course,0.848407657805503
27826,95,retired,divorced,basic.6y,0.8475510843752597
36576,21,student,single,high.school,0.8470196665874715
40037,33,admin.,single,university.degree,0.8470077217750972
36554,30,admin.,single,university.degree,0.846732622735582
39781,37,admin.,single,university.degree,0.8465521219402183
39050,56,admin.,divorced,unknown,0.8464581461374856
39358,26,admin.,single,university.degree,0.8460856886240145
39386,64,retired,married,basic.4y,0.8455911544770371
39530,37,admin.,married,high.school,0.8454378391862503
37358,56,retired,married,high.school,0.8453377218024944
37298,21,admin.,single,university.degree,0.8446413733402389
40394,41,admin.,divorced,high.school,0.8437559781319872
39547,31,self-employed,single,university.degree,0.8435179096464209
30137,39,technician,married,professional.course,0.8432283055872462
39477,85,housemaid,married,basic.4y,0.8431346119424066
40812,32,technician,married,high.school,0.8429676441190892
39032,81,retired,divorced,basic.4y,0.842954198304265
38577,82,retired,single,basic.4y,0.8422476035847233
30148,30,admin.,single,university.degree,0.8419386221114671
30325,30,admin.,single,university.degree,0.8419386221114671
27890,31,admin.,married,university.degree,0.8418510149817062
39259,27,services,single,university.degree,0.8417891941463758
39022,51,unemployed,divorced,high.school,0.8406525986392264
27784,32,management,single,university.degree,0.8405548148459847
39219,29,blue-collar,single,professional.course,0.8403860109371004
39418,58,housemaid,single,professional.course,0.8391096356223874
38569,69,retired,married,basic.4y,0.8388212926870282
27737,41,services,married,high.school,0.8386016403960537
24056,36,self-employed,single,university.degree,0.8385609224142785
27748,38,technician,married,professional.course,0.8384153780657836
27830,28,self-employed,single,university.degree,0.8370992778743431
27731,36,admin.,married,high.school,0.8360890777571803
36618,35,admin.,married,university.degree,0.8359525613671016
39879,29,admin.,married,high.school,0.8359199319442621
39311,47,services,single,unknown,0.8354107591924502
39432,48,admin.,married,professional.course,0.8353080625563872
36696,33,admin.,single,university.degree,0.8348524345352232
37792,51,admin.,divorced,high.school,0.8347920119810651
37154,32,services,single,high.school,0.8345378840742893
38588,60,retired,married,basic.4y,0.8343825029978226
36661,32,admin.,single,university.degree,0.8343624595471459
37516,21,student,single,high.school,0.8342126410548465
39137,30,blue-collar,married,high.school,0.8328768787945019
40802,30,housemaid,single,university.degree,0.8327883778647839
40648,26,admin.,single,university.degree,0.8327232517838908
40550,34,blue-collar,married,basic.9y,0.832523287750698
39544,29,services,single,unknown,0.8324641281299094
39679,33,technician,married,professional.course,0.8320362410949265
41168,38,entrepreneur,married,university.degree,0.8312544884793105
27790,38,technician,married,university.degree,0.8310871425384508
37769,74,retired,married,basic.4y,0.8309567240339416
37083,26,admin.,single,university.degree,0.8301425309830424
27850,21,student,single,high.school,0.8299794970220177
30399,53,technician,married,professional.course,0.8298181642437182
29970,64,retired,married,university.degree,0.8294232362863769
37409,56,admin.,married,basic.9y,0.8293231275641668
27928,30,blue-collar,single,university.degree,0.8287336720696622
36677,21,student,single,university.degree,0.8287057387458949
40606,30,technician,single,professional.course,0.8277722078673168
27851,77,retired,divorced,unknown,0.8270338477337796
37907,39,entrepreneur,married,basic.6y,0.8268077199351512
36282,24,blue-collar,single,basic.9y,0.8265976963371962
27834,37,unemployed,single,university.degree,0.8265597272697593
40798,42,admin.,single,high.school,0.825353920664779
39926,43,management,married,university.degree,0.825234786159475
36602,30,admin.,single,university.degree,0.8250770600614291
37376,57,management,married,university.degree,0.8249585518239106
28645,64,retired,married,basic.6y,0.8248963717084975
36405,34,technician,married,university.degree,0.8247836848603275
38025,27,admin.,single,university.degree,0.8244588986276474
39689,33,admin.,married,university.degree,0.8244375517749618
38832,18,student,single,high.school,0.8232942527892062
39238,31,technician,married,university.degree,0.8229220527429448
24039,32,admin.,married,university.degree,0.8225374419174867
37355,80,retired,married,illiterate,0.8219349881889735
39360,78,retired,married,basic.4y,0.8216331105737072
40335,62,retired,married,basic.4y,0.8215450752762368
39546,61,retired,married,basic.9y,0.821092272591076
37292,31,admin.,married,high.school,0.820886751901992
30169,40,admin.,married,high.school,0.8207019155693999
30166,40,admin.,married,high.school,0.8207019155693999
37643,61,retired,married,university.degree,0.8204575972363635
38541,24,student,single,high.school,0.8201672739455388
39849,21,student,single,high.school,0.8199516462756553
27783,33,technician,married,university.degree,0.8199307197633279
36549,24,services,single,high.school,0.8197753755243565
39853,39,technician,married,university.degree,0.8197369516195759
39506,25,admin.,single,university.degree,0.8194673445040749
39743,49,technician,married,university.degree,0.8193754010764933
40649,39,entrepreneur,married,university.degree,0.819077905891402
39125,51,blue-collar,married,professional.course,0.8189968152577168
39502,63,housemaid,married,basic.9y,0.8186824565685552
40453,22,technician,single,professional.course,0.8185904544552955
27939,28,admin.,single,high.school,0.8185098105727868
27943,28,admin.,single,high.school,0.8185098105727868
38924,78,retired,married,professional.course,0.8184308076365476
39449,36,admin.,single,basic.9y,0.8177921936501659
39957,53,management,divorced,university.degree,0.8176158035031438
36567,26,admin.,single,university.degree,0.8173292806382522
38010,30,self-employed,single,university.degree,0.8173252972251693
36844,22,student,single,unknown,0.8167945838155768
39902,27,technician,single,professional.course,0.8166105892563627
27787,38,technician,married,university.degree,0.8164671088518043
37338,52,management,married,high.school,0.8161149018897293
41088,18,student,single,basic.4y,0.8158882603651126
38344,49,admin.,single,high.school,0.8149290637644248
40165,23,blue-collar,single,basic.9y,0.8149262425301645
27777,32,management,single,university.degree,0.8137385382285872
30197,34,admin.,married,university.degree,0.8134885580696217
40872,32,technician,married,professional.course,0.813356472477288
36950,45,admin.,married,university.degree,0.8131305270564553
36949,45,admin.,married,university.degree,0.8131305270564553
37227,70,retired,married,basic.4y,0.8126986605531544
41091,31,admin.,single,university.degree,0.8121117784116381
30563,39,blue-collar,single,basic.9y,0.81188862908922
38987,50,technician,married,high.school,0.8117016743536773
41146,41,admin.,married,university.degree,0.8115582601516607
24009,48,admin.,married,high.school,0.8112049306331042
39500,43,admin.,divorced,university.degree,0.8110438595498216
40870,35,technician,married,professional.course,0.8105475945966494
39795,76,housemaid,married,basic.4y,0.8105059457817804
38935,28,technician,single,professional.course,0.8104923126261551
27755,32,admin.,married,high.school,0.8104081009196239
37100,30,student,single,university.degree,0.8102353807945728
39126,31,student,married,high.school,0.8094368345595937
40692,38,services,single,high.school,0.8085300693277856
27891,46,admin.,married,university.degree,0.8083808227076622
39281,34,technician,married,professional.course,0.8080187825710348
39082,23,student,single,basic.9y,0.8079115363216386
37163,37,technician,married,professional.course,0.8078712806516427
27711,26,student,single,basic.9y,0.80762404440333
36702,28,student,single,high.school,0.8071263195911337
37382,27,admin.,single,university.degree,0.807116599795404
39100,63,retired,married,professional.course,0.8065905252851838
38896,34,housemaid,single,basic.4y,0.8060994557922544
36837,30,technician,married,university.degree,0.8057005264282199
40475,41,admin.,married,university.degree,0.8047853923024516
39116,43,blue-collar,married,basic.9y,0.804643304762894
37065,32,admin.,single,professional.course,0.8044442396534295
38991,36,technician,single,professional.course,0.8036437669262625
39897,62,retired,divorced,high.school,0.8017919346389678
39155,38,blue-collar,single,high.school,0.8005933739511555
30134,60,admin.,married,professional.course,0.800584640273334
39914,36,admin.,single,university.degree,0.8005363223755174
36265,32,technician,single,university.degree,0.8000849592461894
38439,25,services,single,high.school,0.7999962182171819
27770,41,technician,single,professional.course,0.7999514357861311
39119,32,admin.,single,university.degree,0.7995180893000182
40081,72,retired,married,basic.4y,0.7994623549584878
30200,41,admin.,single,university.degree,0.7990376534589589
38327,22,student,single,high.school,0.7990093083050356
29990,78,retired,married,basic.4y,0.798067458946754
38961,54,unemployed,married,high.school,0.7979548618523168
28489,26,unemployed,single,university.degree,0.7968449055776144
39554,52,admin.,married,university.degree,0.7968347235923808
38433,25,services,single,high.school,0.7967741331824882
38188,43,management,single,university.degree,0.7966511096836261
24037,46,admin.,divorced,university.degree,0.796563070449041
37441,28,student,single,high.school,0.7963047765430135
36423,23,student,single,high.school,0.7961989575800562
36493,20,student,single,unknown,0.7961337512187694
38544,31,admin.,married,high.school,0.7960887017419601
40076,73,retired,divorced,professional.course,0.7959062186698175
40838,32,admin.,married,high.school,0.7956149198020711
37429,28,admin.,single,university.degree,0.7954687657347147
27925,25,admin.,married,university.degree,0.7954505996201844
39885,43,blue-collar,married,professional.course,0.7950196112352715
24034,58,retired,married,university.degree,0.794916671850785
40060,75,retired,married,university.degree,0.7945355673578193
38643,79,retired,married,basic.4y,0.7942873785351113
27840,30,admin.,married,university.degree,0.7941657387713685
30240,49,admin.,married,high.school,0.7941103052395886
28773,70,retired,married,unknown,0.7937220091059511
36644,33,admin.,single,university.degree,0.7935857565908522
39107,30,student,single,university.degree,0.7935773999948398
38475,33,admin.,single,high.school,0.7934792351106214
38549,75,retired,divorced,basic.4y,0.7933786221421599
39060,24,student,single,high.school,0.7932629709010314
38909,83,retired,divorced,basic.4y,0.792785983546947
36300,45,unemployed,married,basic.9y,0.7926092358671509
38723,28,admin.,married,high.school,0.7925492420677809
40424,27,admin.,single,university.degree,0.7924083009272123
39133,78,retired,divorced,professional.course,0.7922891060231596
38565,48,technician,married,high.school,0.7920967447723067
30400,32,admin.,single,high.school,0.7917016647201561
38714,71,retired,married,basic.4y,0.7913846775704775
36721,36,technician,single,professional.course,0.7912913463859097
28573,21,admin.,single,high.school,0.7912203242244026
38346,28,admin.,single,university.degree,0.7911462458165169
27701,28,technician,single,university.degree,0.7908675208828819
38725,49,management,married,university.degree,0.790594125803343
36746,22,blue-collar,single,basic.9y,0.7903366810927649
24011,30,admin.,single,university.degree,0.7898519213035188
30141,28,admin.,single,high.school,0.7892092564109467
36515,29,admin.,divorced,university.degree,0.7885093517431383
36688,37,student,single,unknown,0.7884895356693993
36266,57,blue-collar,divorced,basic.4y,0.7881047406665604
40585,39,management,married,university.degree,0.7875643423576898
36417,27,admin.,single,university.degree,0.7873059626507757
36705,25,technician,single,basic.9y,0.7869511543485848
27796,30,student,single,basic.4y,0.7866705977661337
30241,81,retired,married,professional.course,0.7866627893730949
36269,45,blue-collar,married,basic.9y,0.7866622805623364
40651,86,retired,married,basic.4y,0.7860910897000164
27883,32,technician,divorced,professional.course,0.785491362376695
37509,74,retired,married,professional.course,0.7854443727793398
27696,28,technician,single,university.degree,0.784977826878893
30214,83,retired,married,basic.4y,0.7848277735317812
28725,69,retired,married,unknown,0.7844897019419974
36795,30,admin.,married,high.school,0.7837844710405281
40097,35,technician,single,professional.course,0.7837495230933225
30358,28,admin.,married,university.degree,0.7834069812950013
40185,32,management,single,university.degree,0.7824340319935846
30393,30,admin.,married,university.degree,0.7818170505746539
40116,22,services,single,professional.course,0.7818037399018293
30226,49,admin.,single,university.degree,0.7816376580446079
40029,55,admin.,married,university.degree,0.7812808408545788
30185,40,admin.,married,university.degree,0.7809504510116573
27722,42,entrepreneur,married,basic.9y,0.7801187034133069
36489,36,admin.,married,university.degree,0.779803357843206
40717,30,technician,single,professional.course,0.7795903950837811
38679,69,retired,married,basic.6y,0.7794743686720805
38462,34,admin.,married,university.degree,0.7793919547191791
39277,31,admin.,married,professional.course,0.7793800713717428
30199,53,technician,married,university.degree,0.7779023939371333
30422,42,services,married,high.school,0.7778531507299918
38558,34,admin.,married,university.degree,0.7776283423092005
39020,64,housemaid,married,basic.4y,0.7775449874907956
38893,48,management,married,university.degree,0.7774751831264969
30305,31,admin.,single,university.degree,0.7771392044395796
37454,74,retired,married,professional.course,0.7768510699675297
38590,39,technician,single,university.degree,0.7766814030506519
36506,31,services,married,high.school,0.7765052423097767
27936,60,admin.,married,university.degree,0.7760086520183842
40248,29,admin.,single,university.degree,0.7757470015158725
40440,58,technician,married,basic.9y,0.7748040663159782
27704,44,blue-collar,single,professional.course,0.774214292743955
36563,69,entrepreneur,married,high.school,0.7741091595686835
39000,38,technician,single,university.degree,0.7740392003568073
27864,24,admin.,single,high.school,0.7739911147355893
36608,36,management,married,university.degree,0.7731642246681961
36276,49,management,married,university.degree,0.772921674011583
36463,33,admin.,single,university.degree,0.7728214994975411
38531,32,admin.,single,university.degree,0.772576294825263
37545,70,retired,married,professional.course,0.7712481407539415
36226,32,technician,married,professional.course,0.7711132306412786
27873,31,admin.,divorced,university.degree,0.7694197709362
39945,53,housemaid,married,high.school,0.7693734037472065
28220,72,retired,married,basic.4y,0.7693268792089623
30216,34,admin.,married,university.degree,0.7693138218482902
37526,36,technician,married,professional.course,0.7686560709413526
39307,26,admin.,married,unknown,0.768545722998248
38902,32,management,married,university.degree,0.7680151111893072
38083,53,technician,married,professional.course,0.7678765415582613
30397,24,admin.,single,university.degree,0.7675565084313074
39423,37,technician,married,professional.course,0.7673687993102815
37435,29,blue-collar,single,high.school,0.7669338371894887
40016,27,admin.,single,high.school,0.7668080489892308
38516,32,technician,single,university.degree,0.7666581955137259
38093,49,unemployed,married,high.school,0.7663781001745523
27899,36,management,married,university.degree,0.766374718966501
37056,20,student,single,high.school,0.7660940901278114
36442,47,management,married,basic.9y,0.7655243360746604
39967,68,retired,married,basic.4y,0.7654430802860943
30219,38,self-employed,married,professional.course,0.765141635086868
36838,29,admin.,single,high.school,0.7645906000242085
39232,29,blue-collar,single,professional.course,0.7643311964330805
29523,26,admin.,single,high.school,0.7641703018219961
38005,75,retired,married,unknown,0.7634353326681093
36353,32,admin.,married,university.degree,0.7619415619075407
39441,63,technician,married,high.school,0.7617234047150386
28442,26,unemployed,single,university.degree,0.7604552774731185
30209,37,self-employed,single,university.degree,0.7599918620749997
30306,37,self-employed,single,university.degree,0.7599918620749997
30220,27,blue-collar,single,university.degree,0.7599161733704185
40984,44,services,married,high.school,0.7599025647696319
36641,53,blue-collar,married,basic.6y,0.7598910145122764
38811,31,technician,married,unknown,0.7590509317653017
36959,46,admin.,single,university.degree,0.7586786519862843
38814,43,technician,single,university.degree,0.7586569724963469
36184,53,self-employed,married,university.degree,0.7586068586342223
30027,64,retired,married,basic.4y,0.7584286790276977
37816,59,technician,married,professional.course,0.75800075121363
38285,36,admin.,single,university.degree,0.7578453356653886
37531,21,student,single,high.school,0.7578402363351467
38205,35,admin.,married,university.degree,0.7575367187012426
39351,57,blue-collar,married,basic.9y,0.7567812860960089
39210,59,blue-collar,married,basic.4y,0.7559953279978491
36319,25,admin.,single,university.degree,0.7559617049877118
30005,19,student,single,unknown,0.7551119660194187
39834,44,technician,married,university.degree,0.7550416942183976
39480,70,retired,married,basic.4y,0.7539862041033379
40936,31,technician,married,university.degree,0.7536966675070593
38885,34,self-employed,single,university.degree,0.7533843547265789
36662,28,admin.,single,university.degree,0.7532186212236154
30421,32,student,married,high.school,0.7532006356001202
29626,23,student,single,high.school,0.7529851622315396
40043,46,admin.,married,high.school,0.7529393775442387
39160,21,student,single,basic.9y,0.7527130652673881
37463,22,student,single,high.school,0.7526233896990548
27829,32,student,single,university.degree,0.7524577845193018
30152,39,services,married,high.school,0.7520712445133697
40635,39,blue-collar,married,basic.9y,0.7516768662399502
30355,56,entrepreneur,married,university.degree,0.751651521203417
37491,20,student,single,high.school,0.7514590657650494
38482,55,unemployed,married,basic.9y,0.7511624949846784
39236,28,self-employed,single,university.degree,0.7504202506818716
37700,32,admin.,married,university.degree,0.7501973488938954
39049,70,retired,married,basic.4y,0.7498889515411346
37574,26,student,single,high.school,0.7495632173127903
38733,30,admin.,single,university.degree,0.7494631979564328
40621,88,retired,married,basic.4y,0.7492638412199436
38459,31,self-employed,single,university.degree,0.7491191496541383
30644,60,admin.,married,university.degree,0.7488579953990205
28312,82,retired,married,unknown,0.7487804570818857
36691,37,student,single,unknown,0.7485263731330211
38988,49,housemaid,single,university.degree,0.7482364978297781
37369,30,admin.,married,university.degree,0.7482073493405481
30403,29,admin.,single,professional.course,0.7481268058483457
28330,29,admin.,single,university.degree,0.7481229451888453
37582,29,blue-collar,single,basic.6y,0.7477862691467843
38413,44,admin.,married,university.degree,0.7476342802477087
28622,39,technician,single,professional.course,0.7476323826207697
39635,50,admin.,married,university.degree,0.7472483871432394
36572,33,technician,single,university.degree,0.7470024802417354
30326,33,blue-collar,single,basic.4y,0.746937046209666
37902,52,technician,married,professional.course,0.7468188785817957
30211,23,admin.,single,high.school,0.7466304352210702
30018,30,unemployed,single,university.degree,0.7450325273216919
38480,42,management,married,university.degree,0.7446785412171808
36380,37,unemployed,unknown,university.degree,0.7446656982808025
38507,44,technician,married,unknown,0.7441697407616253
39734,92,retired,divorced,unknown,0.7440975641131135
36310,65,housemaid,married,basic.4y,0.7439967354806349
36475,24,blue-collar,single,basic.9y,0.7435018352350282
36764,27,student,single,unknown,0.7433541414746989
30145,55,admin.,married,unknown,0.7433246712958854
38597,18,student,single,basic.6y,0.7427733923313631
37759,64,retired,married,unknown,0.7427249471080516
36235,37,entrepreneur,married,basic.6y,0.7422309290867287
38483,55,unemployed,married,basic.9y,0.7413031402381369
36508,33,blue-collar,married,professional.course,0.7412186566626402
36507,33,blue-collar,married,professional.course,0.7412186566626402
37232,33,admin.,single,high.school,0.7411369444189426
36780,52,entrepreneur,married,high.school,0.7409502248273008
37569,25,services,single,high.school,0.74058173835794
36816,74,retired,married,basic.4y,0.7402610041127474
27691,38,admin.,single,university.degree,0.7401619508150135
38410,88,retired,divorced,basic.4y,0.7400603706865779
36727,26,admin.,single,high.school,0.7396947183409468
36324,37,technician,single,university.degree,0.7392656403116402
37470,30,services,single,high.school,0.7387830002361006
39345,33,admin.,single,unknown,0.7385697535733311
38140,43,services,married,basic.6y,0.7382535892291182
37790,58,retired,married,high.school,0.7382022218296116
38921,94,retired,married,basic.9y,0.7374237989905059
39573,30,blue-collar,single,professional.course,0.7373266909258579
36527,40,services,married,high.school,0.7373265872566818
36679,27,admin.,single,university.degree,0.7372082449333114
36840,25,technician,single,professional.course,0.7369810778599936
28456,73,retired,divorced,basic.4y,0.7365864511765592
38098,51,unemployed,married,high.school,0.7363528266074808
37637,22,student,single,professional.course,0.7360575486171216
28499,30,admin.,married,university.degree,0.7357172875973115
41071,61,retired,married,university.degree,0.7355104892899458
37218,29,admin.,single,university.degree,0.7351518577676636
37344,49,technician,married,professional.course,0.7347353831695906
38959,38,technician,married,university.degree,0.7345122218537022
30195,31,self-employed,single,university.degree,0.7345063067608346
27953,32,admin.,single,university.degree,0.7343320947551978
39503,47,admin.,married,high.school,0.7341629960365215
37079,32,admin.,single,university.degree,0.7341219231481698
40422,41,technician,divorced,university.degree,0.7340969509456556
30183,40,technician,divorced,university.degree,0.733783311627174
36377,27,self-employed,single,university.degree,0.7334902736896034
37893,52,admin.,married,unknown,0.7334593942900088
38174,38,admin.,married,high.school,0.733346077672141
37891,32,admin.,single,university.degree,0.7333005279022289
29981,75,retired,married,basic.4y,0.7331055058440963
36756,22,admin.,single,university.degree,0.7329037313096457
36582,62,unknown,married,professional.course,0.73285621557472
40397,27,technician,single,university.degree,0.732744881161368
36695,31,unemployed,divorced,unknown,0.7327058494867795
30170,33,services,married,high.school,0.7323560917485685
38773,25,admin.,married,unknown,0.7321931438928622
28352,29,admin.,single,university.degree,0.7320008821145828
36240,29,admin.,married,high.school,0.7318592090761237
36443,30,technician,single,professional.course,0.7311930667855312
40739,33,technician,married,university.degree,0.7311662161261532
39604,33,services,married,high.school,0.731154943926203
37997,71,retired,married,basic.4y,0.731097290245246
30133,79,retired,married,basic.9y,0.7297771774860172
38026,36,unemployed,married,unknown,0.7292775620741812
37039,27,admin.,single,university.degree,0.7282448296999909
27841,56,retired,married,university.degree,0.7280920607553112
38821,52,technician,married,professional.course,0.7280691980012588
37265,43,admin.,single,high.school,0.7279439309538677
30264,56,entrepreneur,married,university.degree,0.7265366230211644
38447,23,technician,single,university.degree,0.7265280407274782
37122,61,retired,married,professional.course,0.7254562403532563
28476,24,services,single,high.school,0.7253772406376655
39665,28,admin.,single,high.school,0.7250688595209732
38731,45,management,married,university.degree,0.7248626329548777
37762,64,retired,married,unknown,0.7246179375507871
35883,28,technician,single,professional.course,0.7231230236898994
37995,43,technician,married,professional.course,0.722745025917424
28498,30,admin.,married,university.degree,0.7226477182134613
39585,51,services,married,high.school,0.7223607738816162
38156,59,technician,single,basic.6y,0.7219169115630953
36998,75,retired,married,basic.4y,0.7218390597685962
27941,28,admin.,single,high.school,0.7214342153088237
38559,69,retired,married,professional.course,0.7213440537995175
39097,41,admin.,single,university.degree,0.7213333463677389
36980,57,retired,divorced,basic.9y,0.7210234857905369
30191,38,technician,married,professional.course,0.7206421258582936
30352,23,student,single,high.school,0.7202967534846948
39609,19,student,single,basic.4y,0.7200097160390893
41138,58,unemployed,married,university.degree,0.719730294456456
39374,58,services,married,high.school,0.7195962010191671
40922,61,admin.,married,high.school,0.719030399685077
36407,59,admin.,married,unknown,0.7183748298982696
40949,54,self-employed,married,university.degree,0.717587498144849
36304,58,retired,divorced,professional.course,0.7173627326274695
28407,30,self-employed,single,university.degree,0.7171674202499951
40754,24,admin.,single,university.degree,0.7162740238293304
36817,32,self-employed,single,university.degree,0.7162585254852182
38673,29,technician,single,professional.course,0.7159673435021771
38884,68,retired,married,high.school,0.7159234224999126
39713,34,admin.,married,university.degree,0.7157885700306924
29503,56,retired,divorced,university.degree,0.7156046788400368
38424,32,admin.,single,university.degree,0.7153081487041318
41156,41,technician,married,professional.course,0.7151995913242851
38271,26,student,single,basic.9y,0.7147243676990196
39361,28,admin.,single,university.degree,0.7137293186037791
38193,80,retired,divorced,basic.4y,0.7126759487713323
36992,57,retired,divorced,basic.9y,0.7126592228941498
39737,84,retired,married,basic.9y,0.7126420462663345
30302,49,admin.,divorced,university.degree,0.7125598493164031
37210,29,admin.,single,university.degree,0.7123011358241527
38169,71,retired,married,basic.4y,0.7121235609623813
37443,66,retired,married,basic.6y,0.7120655414192136
36544,33,management,married,university.degree,0.7115433591567689
39390,56,admin.,single,university.degree,0.7106932621764834
28520,26,unemployed,single,university.degree,0.7103212326357757
38387,51,entrepreneur,married,basic.4y,0.7100023606208858
37683,37,admin.,married,university.degree,0.7097154393740678
36484,37,services,married,high.school,0.7095617218406222
38532,34,unknown,single,university.degree,0.7093577893834199
38769,43,management,married,high.school,0.7091105150620026
39271,53,technician,married,professional.course,0.7089501177744664
32690,27,admin.,single,university.degree,0.7088165123743912
36723,30,management,single,university.degree,0.7085354178924615
38303,49,admin.,single,university.degree,0.7084487405506288
36855,48,housemaid,married,high.school,0.7080189991529768
30357,24,technician,single,university.degree,0.7078769820449888
27978,29,admin.,married,university.degree,0.7077178515799487
36028,31,technician,single,university.degree,0.7076040448998461
37008,23,student,single,high.school,0.7072558378211508
30280,20,student,single,basic.4y,0.7064089116319768
37005,31,admin.,single,university.degree,0.7063506595160812
38552,53,admin.,divorced,high.school,0.7059528143245402
30329,55,admin.,divorced,university.degree,0.7059418805795563
38421,29,blue-collar,single,basic.9y,0.7053348692279746
38358,70,retired,married,basic.4y,0.7051184287940043
37170,70,retired,married,basic.4y,0.7044396316134032
37892,36,admin.,married,university.degree,0.7042385439275879
38073,49,blue-collar,married,basic.4y,0.7041840503013144
38808,32,admin.,single,university.degree,0.7030932877028141
37476,45,admin.,divorced,university.degree,0.7029153439789152
38104,36,admin.,married,high.school,0.7029039156608831
36990,56,retired,married,high.school,0.702821682217508
36627,38,technician,single,professional.course,0.7026122825800428
35948,37,technician,married,university.degree,0.7025345059514874
28008,30,admin.,married,university.degree,0.7023969629276253
37529,57,admin.,single,high.school,0.7020999952478663
39330,36,blue-collar,divorced,high.school,0.7019086900852554
39016,32,student,married,high.school,0.7018742755183616
38656,71,retired,married,professional.course,0.7018704284453398
36584,51,unemployed,married,basic.6y,0.7017355062736814
36349,33,admin.,married,university.degree,0.7014430487844098
36350,33,admin.,married,university.degree,0.7014430487844098
29767,21,self-employed,single,university.degree,0.7011536633182363
38728,52,admin.,divorced,university.degree,0.7001534353468141
38168,50,management,married,university.degree,0.6999933568323017
29863,56,retired,divorced,university.degree,0.6999734680995363
38331,33,technician,married,professional.course,0.6996061210755568
30356,33,blue-collar,single,basic.4y,0.6993460166197174
37804,58,retired,married,high.school,0.698282993746653
36893,47,technician,married,professional.course,0.6982548670541313
37479,74,retired,married,basic.4y,0.698072651745738
38181,63,retired,married,basic.6y,0.697675563122463
37209,46,housemaid,married,high.school,0.697142797926888
38975,50,admin.,single,high.school,0.6968264261620816
37639,67,retired,married,basic.6y,0.6968191638372744
35851,27,admin.,single,university.degree,0.6966517279083437
36326,21,management,single,university.degree,0.6966127784483696
40396,44,admin.,single,university.degree,0.6965032861154193
37010,28,services,single,university.degree,0.6963016693427813
35941,43,blue-collar,married,basic.9y,0.696246770168222
40449,34,blue-collar,married,basic.9y,0.6962166699561242
28003,20,student,single,unknown,0.6961469007022458
37028,46,admin.,divorced,high.school,0.6959541682800703
36352,32,admin.,married,university.degree,0.6954563701849019
32891,30,services,divorced,high.school,0.6954339142213819
37456,29,admin.,married,university.degree,0.6950889896841425
38206,86,retired,divorced,basic.4y,0.6946343087926669
35880,43,technician,married,high.school,0.6942437038832158
38363,60,retired,married,basic.4y,0.6940577030501488
37588,31,entrepreneur,single,university.degree,0.6933953847426083
28491,35,admin.,married,university.degree,0.6933846302631155
38513,28,admin.,single,high.school,0.6931888754955929
27947,34,technician,single,university.degree,0.6929253191600485
36261,57,admin.,married,university.degree,0.6927947477208225
37740,58,retired,married,university.degree,0.6920090976826389
31072,34,admin.,single,high.school,0.6917312497823868
29992,29,technician,single,university.degree,0.6913580984661575
36459,44,management,married,university.degree,0.6912701331772005
39128,59,management,married,university.degree,0.6907848282074686
37667,64,retired,married,high.school,0.690316581367531
38178,75,retired,divorced,basic.4y,0.6898665525465846
37002,56,retired,married,high.school,0.6894230684203095
37481,46,admin.,married,university.degree,0.6889382779472881
38523,46,admin.,married,high.school,0.6872729471836857
37563,20,student,single,high.school,0.6866632551053192
36895,39,student,single,unknown,0.6866037009300338
29704,22,services,single,high.school,0.6860614928276544
28007,30,admin.,married,university.degree,0.6860308953481623
28017,30,admin.,married,university.degree,0.6860308953481623
28441,30,admin.,single,university.degree,0.6857888943148102
36859,35,management,married,university.degree,0.6857019782404472
27794,39,blue-collar,single,basic.4y,0.6855483067828235
37598,66,retired,married,unknown,0.6854148884827996
29975,53,admin.,married,university.degree,0.6845830635795289
37384,31,services,single,university.degree,0.6840401563620895
29052,19,student,single,unknown,0.6840235562779378
38291,37,blue-collar,single,professional.course,0.683985908324961
38617,37,blue-collar,single,high.school,0.6837881892165373
37751,24,student,single,high.school,0.6835973319635574
37800,63,housemaid,married,basic.4y,0.683470667411613
38785,56,blue-collar,divorced,basic.4y,0.6832219927975154
31870,32,admin.,married,university.degree,0.6829276766107962
39869,60,housemaid,married,basic.4y,0.6827287879710336
38009,18,student,single,unknown,0.6826915227433148
36938,33,housemaid,married,university.degree,0.682371107194085
39786,76,housemaid,married,basic.4y,0.6821317074123496
38889,35,management,married,university.degree,0.6820086326980135
39863,29,self-employed,single,university.degree,0.6814878866392702
38341,30,technician,single,professional.course,0.6812186346417932
30898,40,blue-collar,married,basic.6y,0.6806712193518449
39130,39,admin.,single,university.degree,0.6805824198205187
38044,57,management,married,basic.4y,0.6805406444897457
30236,39,services,married,university.degree,0.6802129816978945
37546,45,unemployed,married,basic.9y,0.6800186648880462
39241,33,admin.,married,university.degree,0.6798941204045996
37668,29,admin.,single,university.degree,0.6795000196745525
36960,46,entrepreneur,married,university.degree,0.6793635838564626
28727,27,admin.,single,high.school,0.679196052977392
37057,28,unemployed,single,university.degree,0.6791148914520249
37528,33,services,married,high.school,0.6785630340715518
37156,39,blue-collar,married,basic.9y,0.6780506002129719
30061,27,student,single,university.degree,0.6777682308114018
36850,53,housemaid,married,basic.4y,0.6771130054360257
29638,28,self-employed,single,university.degree,0.6769737129733049
29633,28,self-employed,single,university.degree,0.6769737129733049
37190,74,retired,married,high.school,0.6768110855195925
37195,74,retired,married,high.school,0.6768110855195925
37650,47,admin.,single,university.degree,0.6768011787810398
38792,28,admin.,single,university.degree,0.6766939717949394
37765,70,retired,married,university.degree,0.6763293079272947
40806,35,technician,married,professional.course,0.676001485865802
36587,53,housemaid,married,high.school,0.6752450339488116
39038,74,retired,divorced,high.school,0.6750309144935999
37587,28,unemployed,married,professional.course,0.6748527862809302
27992,29,admin.,single,university.degree,0.6746816867840805
31922,40,admin.,married,basic.9y,0.6740740399580928
39735,64,housemaid,married,unknown,0.6740133264966595
41046,60,admin.,married,high.school,0.6733108720396486
37960,50,admin.,married,high.school,0.6730690924735377
37775,88,retired,married,university.degree,0.671683991355364
37796,63,technician,married,unknown,0.6715065574026241
36524,61,admin.,married,university.degree,0.6713588930400125
37930,43,technician,married,high.school,0.6710684884641779
28649,33,admin.,married,university.degree,0.6707169005745786
38664,29,admin.,married,high.school,0.6694280578812437
37821,56,housemaid,married,basic.4y,0.6690336374984832
38241,75,retired,married,basic.9y,0.6685239161990338
37072,36,technician,married,professional.course,0.6684486771124233
38721,30,admin.,single,university.degree,0.6682274075945575
30003,47,housemaid,single,professional.course,0.6680371927306018
37664,56,management,married,university.degree,0.6675096448153433
38263,58,unemployed,married,basic.9y,0.6665021387160034
36486,40,management,divorced,university.degree,0.6664344019128646
37706,66,retired,married,basic.6y,0.6661829500154366
37380,66,retired,married,unknown,0.6659179640812708
38925,21,student,single,professional.course,0.6654701180179657
28471,24,services,single,high.school,0.6652025431888602
38520,61,blue-collar,married,high.school,0.664709807246902
38719,25,student,single,high.school,0.6643917613004712
36281,34,admin.,single,university.degree,0.6643458058336295
38978,48,management,married,university.degree,0.6632577202407829
40637,66,retired,married,unknown,0.6630073487703452
37607,23,student,single,high.school,0.6627731854628546
28046,28,blue-collar,single,high.school,0.6626313357360661
38645,27,unemployed,married,high.school,0.6624393990524123
38066,39,admin.,married,high.school,0.6622686297109581
36841,42,management,single,university.degree,0.6617615466237303
36283,31,blue-collar,married,basic.9y,0.6614603591106301
37365,69,blue-collar,married,unknown,0.6614490858787425
38732,45,admin.,single,university.degree,0.6613719806968809
37153,59,retired,married,unknown,0.6613428956740752
34730,54,blue-collar,married,basic.9y,0.6612255338434199
38422,54,unemployed,married,basic.9y,0.6601868237650287
37874,40,technician,married,high.school,0.6597301797519097
36975,32,self-employed,single,university.degree,0.6589501359489764
37694,32,admin.,married,university.degree,0.6587785751179066
38745,45,technician,married,university.degree,0.6577756585616626
30452,60,admin.,married,university.degree,0.6577513710626565
38251,48,admin.,married,basic.6y,0.6576151946963408
37135,42,technician,single,unknown,0.6575650566013177
36685,46,technician,married,professional.course,0.6572729736125185
28308,25,admin.,single,professional.course,0.6571609884228551
38793,56,management,divorced,unknown,0.6570289108668864
30287,42,technician,married,professional.course,0.6569057460355188
28398,36,admin.,married,university.degree,0.6568451678174835
37959,63,management,married,unknown,0.6564728706447177
36701,25,self-employed,married,university.degree,0.6563444105197298
37795,63,technician,married,unknown,0.6563371123400049
38069,62,entrepreneur,married,university.degree,0.6559530832894778
38049,36,admin.,single,university.degree,0.6555727621868178
37741,36,admin.,married,university.degree,0.6549459272188137
37458,27,admin.,single,high.school,0.6548865692904271
37436,41,services,married,high.school,0.6544832591455624
40343,28,admin.,married,university.degree,0.6544213076343762
38248,38,technician,divorced,professional.course,0.6542503104978294
38734,37,services,married,high.school,0.6542425797463147
28378,32,self-employed,single,university.degree,0.65395079912216
37672,35,admin.,single,university.degree,0.653775693964535
27900,36,management,married,university.degree,0.6536552742667042
28771,34,technician,married,university.degree,0.653332423219978
34648,31,technician,single,basic.9y,0.6532530572357489
38519,60,management,married,professional.course,0.6531013639280058
37955,18,student,single,unknown,0.6516238628539164
38609,21,student,single,basic.9y,0.6515438536856388
37150,43,services,divorced,basic.6y,0.65140271439483
36848,49,unemployed,married,professional.course,0.6513388785541341
36198,35,admin.,married,high.school,0.6511017417247293
38535,40,management,married,university.degree,0.6508913259331359
36139,37,blue-collar,married,basic.9y,0.6508764700019423
28066,26,admin.,single,university.degree,0.6505149041961863
37512,76,retired,married,university.degree,0.6504987397527574
37159,45,unemployed,divorced,basic.4y,0.6496292228145377
36421,46,unemployed,married,basic.9y,0.6495062003055775
36031,45,admin.,divorced,university.degree,0.6494076570247551
37087,37,services,married,high.school,0.6491806003001587
37177,59,housemaid,married,basic.4y,0.6491496739616628
37059,69,services,married,unknown,0.6484873697149287
38471,73,retired,divorced,basic.4y,0.6483486563863644
28451,34,admin.,married,university.degree,0.6475203420200161
36870,57,retired,married,basic.4y,0.6475034852050479
39333,27,admin.,single,unknown,0.6468019928846854
37149,46,unknown,married,unknown,0.6467334636154505
39438,59,blue-collar,married,basic.4y,0.6466679985212289
37009,37,admin.,married,university.degree,0.6465827538193727
37723,25,student,single,university.degree,0.6462613779775696
40561,60,admin.,divorced,professional.course,0.6459784645419434
29971,31,technician,single,university.degree,0.6457432414473244
37194,58,unemployed,divorced,professional.course,0.6457065006452087
37112,44,admin.,divorced,high.school,0.6456991897780527
38610,34,technician,married,professional.course,0.6453303547031601
34088,31,admin.,married,university.degree,0.6450234542201069
36402,33,management,single,university.degree,0.6449100331967574
39469,25,self-employed,single,unknown,0.6442413415738187
30121,30,technician,single,university.degree,0.6440658727455658
36263,27,admin.,married,university.degree,0.6440386668870829
36867,55,management,married,university.degree,0.6433494947404859
28803,24,management,single,university.degree,0.6417325985749962
37852,26,student,single,high.school,0.6416464469264256
37165,42,unemployed,married,unknown,0.6412980802940654
38164,49,technician,divorced,unknown,0.6412756976142149
37064,42,admin.,single,university.degree,0.6410501272952628
36360,41,entrepreneur,married,high.school,0.6409857784341806
37787,38,student,single,unknown,0.6409652039808775
37688,55,unknown,married,university.degree,0.6407875060496819
38603,34,admin.,single,high.school,0.6407764130741889
38221,63,retired,married,high.school,0.638779437256758
37044,47,management,married,university.degree,0.6386764249233075
39524,24,blue-collar,single,high.school,0.6386274635772009
30783,43,blue-collar,married,basic.9y,0.6385826680851828
28214,19,student,single,basic.9y,0.6383907652485082
28635,26,blue-collar,married,basic.9y,0.6380218911827533
39214,27,services,single,university.degree,0.637468258354926
36559,57,housemaid,divorced,high.school,0.6372140987337033
37785,44,technician,divorced,high.school,0.6371030821770917
38065,83,retired,married,unknown,0.6369513177582408
39467,25,self-employed,single,unknown,0.6366326660599233
39425,37,management,single,university.degree,0.636554309086245
29983,41,technician,married,university.degree,0.6362020229999301
40590,57,admin.,married,basic.9y,0.6361314840885091
33988,29,technician,single,high.school,0.6360822871563263
38264,55,technician,married,professional.course,0.6357332085751388
38286,71,retired,married,basic.9y,0.6355461469622778
30112,38,admin.,divorced,university.degree,0.6354463802823335
37205,44,admin.,married,university.degree,0.6352050305740977
37876,29,admin.,single,university.degree,0.6348866492618894
30379,66,unemployed,single,basic.4y,0.6343130468867931
40518,26,student,single,high.school,0.6337142614269876
28572,49,management,married,university.degree,0.6334550343783202
37520,44,unemployed,married,high.school,0.6325980194570139
36929,45,technician,divorced,university.degree,0.6323907710493706
28190,22,student,single,high.school,0.6322953235023958
37413,59,technician,married,university.degree,0.6321905170159214
38747,20,student,single,high.school,0.6321096150226794
37377,21,unemployed,single,high.school,0.6316353892880628
38032,91,retired,married,university.degree,0.6314839636235162
37040,40,admin.,married,university.degree,0.6313347823694848
37464,30,admin.,married,university.degree,0.6313172561539667
36614,35,self-employed,married,university.degree,0.6308398460985828
29210,27,admin.,single,high.school,0.6306514745669293
38048,53,housemaid,married,basic.4y,0.6302488656470467
37644,63,retired,married,university.degree,0.6300265556155601
39715,29,services,single,high.school,0.6298914661813871
36934,36,entrepreneur,single,basic.4y,0.6291528965947394
28142,24,admin.,single,university.degree,0.6290697038202667
28574,32,unemployed,single,university.degree,0.6287680287265556
37924,60,retired,married,professional.course,0.6286948723618605
24063,33,admin.,married,university.degree,0.6286753709042403
38526,35,management,married,university.degree,0.6286024030370112
40853,42,admin.,divorced,university.degree,0.628000567404413
37274,38,technician,married,professional.course,0.6274816764275405
37768,34,admin.,married,university.degree,0.6270111343929193
28835,36,admin.,single,university.degree,0.6264350494489639
35813,37,management,divorced,university.degree,0.6261412870948955
37853,55,entrepreneur,divorced,basic.9y,0.6260558343712959
38953,81,housemaid,divorced,basic.4y,0.6259680692072557
35862,27,admin.,single,university.degree,0.6259574945466644
40237,45,management,married,university.degree,0.6241774861746626
34529,33,admin.,single,high.school,0.6238399189776119
36334,40,admin.,single,high.school,0.6237673542879052
40971,68,retired,divorced,high.school,0.6235807599473974
38971,64,management,divorced,university.degree,0.6233521669498996
38869,30,blue-collar,single,high.school,0.6226904400607169
37303,44,unknown,married,university.degree,0.6205280134795669
32317,35,admin.,single,university.degree,0.6203640484987782
38152,37,unknown,single,university.degree,0.619927847843233
36805,46,admin.,divorced,high.school,0.6196474885172059
39439,33,admin.,single,university.degree,0.6196334535279245
37889,52,admin.,married,unknown,0.6187895206249869
37859,44,management,married,unknown,0.6187797623438065
28156,55,housemaid,married,basic.4y,0.6185581199644785
28701,32,admin.,single,university.degree,0.6180854499972714
33250,28,technician,married,basic.9y,0.6180617802024113
38524,35,admin.,married,university.degree,0.6176205789626958
30482,59,retired,married,basic.6y,0.6176110022374588
27980,30,services,single,high.school,0.617193243971522
38612,30,admin.,single,university.degree,0.6168378606296527
37514,25,admin.,single,university.degree,0.6164073549204044
36467,28,admin.,married,high.school,0.6162003829065572
30090,27,management,married,university.degree,0.6158932736263742
30097,27,management,married,university.degree,0.6158932736263742
28531,67,retired,married,professional.course,0.615794986773766
38107,52,admin.,married,university.degree,0.6157720827521935
37945,53,technician,married,professional.course,0.6154447285492832
31079,33,blue-collar,married,basic.9y,0.6144461974775411
30375,34,technician,married,university.degree,0.6122621153980958
28219,32,admin.,single,university.degree,0.612178342798929
30335,71,retired,divorced,basic.4y,0.6118173987130828
36067,27,services,married,university.degree,0.611667629537634
36637,24,student,single,high.school,0.6115549469681867
38042,69,retired,married,high.school,0.6115408571632384
31240,34,admin.,single,high.school,0.6113473690306969
39861,33,services,married,high.school,0.6111885455318017
36777,50,admin.,married,university.degree,0.6105134161612532
33757,34,management,married,university.degree,0.6104580655700749
28158,58,retired,divorced,high.school,0.6102093370841047
29691,29,management,single,university.degree,0.6102053851943974
41161,33,admin.,married,university.degree,0.6079334562102134
37869,36,admin.,married,high.school,0.6079034016286875
38185,45,blue-collar,married,professional.course,0.6078569600468676
29424,30,student,single,university.degree,0.6077953072160657
38736,37,services,married,high.school,0.6077251338578569
38940,65,admin.,divorced,university.degree,0.6076104695835057
30573,22,student,single,high.school,0.6074989176299198
37975,48,technician,married,professional.course,0.6066424038605659
28234,40,retired,single,basic.4y,0.6057814169031626
30051,62,self-employed,married,university.degree,0.6053174510731592
30062,38,technician,married,professional.course,0.6046434443455923
38685,54,admin.,married,university.degree,0.6043720637770228
37577,38,self-employed,divorced,high.school,0.6021631998663398
39780,47,admin.,single,university.degree,0.601217030649905
30360,58,retired,married,basic.4y,0.6007458423127141
41112,58,admin.,married,high.school,0.5999783140520876
33789,24,admin.,married,basic.9y,0.5998989046030566
40587,32,services,single,university.degree,0.5998193357799132
36437,37,admin.,married,high.school,0.5981365179024687
30459,31,admin.,divorced,university.degree,0.598013029823862
36594,54,admin.,married,university.degree,0.5979802688255993
27958,62,admin.,married,high.school,0.5979799719208113
35967,35,admin.,married,university.degree,0.5979759471249109
39632,24,student,single,high.school,0.5978612308913432
28316,47,admin.,single,university.degree,0.5964734185735128
27746,33,management,married,university.degree,0.5963526233446124
30068,28,blue-collar,single,basic.9y,0.595721123240766
28333,52,blue-collar,married,basic.4y,0.5941998098337701
37319,59,technician,single,basic.6y,0.5939159025216152
38296,34,management,married,university.degree,0.5935553185679301
37488,24,student,single,high.school,0.5929811382412273
30073,31,admin.,single,university.degree,0.5929126349291154
38633,52,management,married,basic.6y,0.5924774279504461
38875,32,technician,married,university.degree,0.5916130534121088
37632,28,admin.,single,university.degree,0.591195003209989
37592,22,student,single,basic.9y,0.5911248930856953
33431,25,technician,married,university.degree,0.5903125425057546
30066,34,unknown,married,basic.4y,0.5901407474101413
36318,43,admin.,married,high.school,0.5898782056099763
38918,58,self-employed,married,university.degree,0.5897334768346406
28495,57,technician,married,professional.course,0.5894702435955412
28494,57,technician,married,professional.course,0.5894702435955412
28607,55,blue-collar,single,basic.4y,0.5892637777705041
25700,36,entrepreneur,single,university.degree,0.5886769480902282
25702,36,entrepreneur,single,university.degree,0.5886769480902282
35903,34,admin.,married,university.degree,0.5880469486078405
28557,53,retired,married,high.school,0.5876661908829941
32640,35,blue-collar,married,unknown,0.5872350602082751
33548,38,services,divorced,basic.6y,0.586993551399637
37214,33,blue-collar,married,basic.9y,0.5867082912003856
36439,40,admin.,married,university.degree,0.5853931569876055
40428,64,unknown,married,unknown,0.5848119698170975
36860,50,self-employed,married,professional.course,0.5842553641123612
38135,62,self-employed,married,university.degree,0.5841161429377795
38412,62,retired,divorced,university.degree,0.5836585823298261
38600,78,retired,divorced,basic.6y,0.582860133705436
28658,27,services,single,university.degree,0.5823210596777711
37844,25,student,single,unknown,0.5822730966930674
32754,51,admin.,married,basic.9y,0.5818404404031218
37494,43,technician,married,university.degree,0.5814979114614267
37296,69,retired,married,professional.course,0.5809022955186339
30449,28,self-employed,single,university.degree,0.5805948312569926
34417,52,technician,married,basic.6y,0.5795614279577752
36874,24,admin.,single,university.degree,0.5783635307546032
40075,25,services,single,high.school,0.5765646568686648
28806,40,admin.,divorced,university.degree,0.5762749138880238
36640,28,admin.,married,university.degree,0.5752815484430343
28675,27,blue-collar,single,basic.4y,0.5749588211166606
30359,36,admin.,married,university.degree,0.5744912359437423
25509,35,admin.,married,university.degree,0.5744272586838958
25648,35,admin.,married,university.degree,0.5744272586838958
34067,32,services,single,high.school,0.5741943483218623
28192,41,admin.,married,university.degree,0.574171653577269
30480,51,blue-collar,married,basic.4y,0.5738437083912353
36707,35,technician,married,professional.course,0.573489712519228
39778,49,technician,single,university.degree,0.5733319905342984
28522,23,technician,single,professional.course,0.5728913211479436
28452,42,admin.,single,professional.course,0.572784882314271
35965,29,admin.,married,university.degree,0.5706816623841019
36882,34,admin.,married,university.degree,0.5705977497371308
28631,47,entrepreneur,married,university.degree,0.5704490722579155
36522,20,student,single,high.school,0.5677509400273171
28842,44,management,married,university.degree,0.5675559605127303
37294,36,blue-collar,married,basic.9y,0.5673827221261167
35601,29,admin.,married,university.degree,0.5669393394138151
37084,51,management,divorced,university.degree,0.5669223934168937
36607,36,management,married,university.degree,0.5664609818638678
28822,47,entrepreneur,married,university.degree,0.565183233336451
29209,33,admin.,single,university.degree,0.5647866478674175
38292,56,admin.,married,basic.9y,0.5641601240092894
36482,26,student,single,professional.course,0.5632806722508636
30560,48,admin.,married,university.degree,0.5632081635504269
29772,38,admin.,unknown,university.degree,0.5630346206038149
30915,39,blue-collar,married,basic.9y,0.5628825309912122
40622,58,entrepreneur,married,high.school,0.5617576781376479
40356,75,retired,married,unknown,0.5608285772549799
35976,32,admin.,married,university.degree,0.5606725879558503
24077,57,admin.,divorced,university.degree,0.5601924825782608
37244,33,blue-collar,married,basic.9y,0.5597862680528314
34053,51,self-employed,married,basic.9y,0.5595079279735934
32669,36,blue-collar,divorced,basic.9y,0.5586214555942639
37107,26,technician,single,university.degree,0.5576389216294949
41111,46,admin.,single,university.degree,0.557127692129168
30067,28,blue-collar,single,basic.9y,0.5566422732843296
28294,36,management,married,university.degree,0.5561951863015385
36692,21,blue-collar,single,basic.4y,0.5556617878289761
37278,64,retired,married,university.degree,0.5556561164898356
40600,49,admin.,married,university.degree,0.5553332454579624
36668,24,student,single,high.school,0.554933723268518
30589,81,retired,married,basic.4y,0.5545343460153365
40334,31,self-employed,single,university.degree,0.553758680547611
30528,31,admin.,divorced,university.degree,0.5530033188131466
29742,29,technician,single,basic.9y,0.552950260169275
38873,42,management,married,university.degree,0.5511975703847072
30410,56,entrepreneur,married,university.degree,0.550163939876916
37722,26,admin.,single,university.degree,0.5498938659686096
36547,50,admin.,single,basic.9y,0.5496167688384637
35931,56,admin.,divorced,university.degree,0.5495590043002431
12934,27,admin.,single,professional.course,0.5492240800335897
37613,34,technician,married,university.degree,0.549198601035085
35624,30,services,single,high.school,0.5490045822110103
29982,44,unknown,divorced,unknown,0.5489311351208118
37226,32,unemployed,single,university.degree,0.5488063166230893
35734,34,blue-collar,married,basic.9y,0.5482071387841352
36293,33,unemployed,single,university.degree,0.5478474027241045
36097,25,admin.,single,university.degree,0.5462085044545532
30006,85,retired,married,basic.4y,0.5457758381532251
40996,81,retired,married,basic.4y,0.5456549979156168
30485,32,student,single,unknown,0.5455936902912768
28722,31,blue-collar,married,basic.9y,0.5447395497509783
35662,37,admin.,divorced,university.degree,0.5442875453158084
38492,45,blue-collar,married,university.degree,0.5438221467270804
38628,45,blue-collar,married,high.school,0.5425036117987435
37269,35,services,single,university.degree,0.5409890280521179
37778,47,self-employed,married,university.degree,0.5399155965160373
38378,41,blue-collar,married,basic.9y,0.5398927966502237
27966,39,admin.,married,high.school,0.5389875128216367
30556,39,admin.,single,university.degree,0.5386636587957738
37952,76,management,married,unknown,0.5382765397266764
28185,34,admin.,single,high.school,0.5382094814332423
36757,35,services,single,university.degree,0.5375611962589424
30586,40,admin.,married,university.degree,0.537017121926429
28850,36,blue-collar,married,unknown,0.5361435272090261
35822,25,unemployed,married,university.degree,0.5359379618456777
28350,38,services,single,high.school,0.5359234937697667
38124,61,management,married,university.degree,0.5356406601578881
37108,27,admin.,married,university.degree,0.5355956703856348
29701,38,admin.,single,university.degree,0.5351454044283328
38375,38,blue-collar,married,basic.9y,0.5345070525691168
29403,60,retired,married,basic.6y,0.5342373923150899
19141,42,admin.,married,university.degree,0.5339673776324186
28802,37,technician,single,high.school,0.533694180361262
27981,33,blue-collar,married,professional.course,0.533031136527327
30596,51,technician,married,professional.course,0.5326267684578193
41000,54,services,divorced,high.school,0.5325214693498151
35901,50,admin.,divorced,university.degree,0.5323064881429111
27964,33,blue-collar,married,high.school,0.5313204853154057
30572,30,admin.,married,university.degree,0.5281841140383849
30088,71,retired,married,university.degree,0.5277351430194823
36875,32,admin.,single,university.degree,0.5260019764068624
40584,55,management,divorced,university.degree,0.5253411927797729
37617,31,technician,married,university.degree,0.524087460567753
28599,31,admin.,married,university.degree,0.5217568748381273
34832,30,admin.,single,high.school,0.5215472217162377
24084,30,admin.,married,high.school,0.5211519275432268
28263,27,technician,single,basic.9y,0.5197284461705065
30623,46,admin.,single,high.school,0.5184361707572553
20559,31,technician,single,university.degree,0.5183812767200748
30551,30,self-employed,married,university.degree,0.5178902313360823
14851,50,retired,married,basic.4y,0.5177630611228985
30627,24,technician,single,high.school,0.5174603335231276
37628,27,self-employed,single,university.degree,0.5171285057830541
35850,23,student,single,basic.9y,0.5168927258483446
39968,37,self-employed,married,university.degree,0.5164424029617822
29280,26,technician,single,professional.course,0.5159908638706381
38956,31,blue-collar,married,basic.6y,0.5158025535748161
39631,56,technician,married,professional.course,0.5151087102422239
35062,26,technician,single,university.degree,0.5150846481469302
39817,48,admin.,married,high.school,0.5145850798808849
28624,41,services,single,high.school,0.5144993945919577
29495,38,admin.,single,university.degree,0.5129434504324913
28439,37,blue-collar,married,professional.course,0.5127638256492443
38851,37,entrepreneur,married,university.degree,0.5122730973201571
30634,56,housemaid,married,high.school,0.5112914201481873
30780,36,blue-collar,married,basic.9y,0.5106415442278025
37881,33,self-employed,married,university.degree,0.5099777185285244
35520,30,admin.,married,high.school,0.5099547856380959
30722,44,blue-collar,married,basic.9y,0.5092216634853682
34196,31,blue-collar,married,basic.6y,0.5086637852749004
28009,54,blue-collar,married,professional.course,0.5058388377008146
29266,30,services,single,professional.course,0.5050184468042037
39878,33,blue-collar,married,basic.9y,0.5049640495184452
35546,29,admin.,single,high.school,0.5040211504499346
28754,29,admin.,divorced,basic.9y,0.5039676704461864
35703,29,admin.,married,university.degree,0.5031412193090906
14800,49,retired,married,high.school,0.5021867908018691
37490,34,self-employed,married,university.degree,0.500937087235134
13741,38,blue-collar,married,basic.6y,0.49946498887147095
37629,27,self-employed,single,university.degree,0.4982862941898125
28860,45,blue-collar,married,unknown,0.49770475268460257
28420,45,entrepreneur,divorced,university.degree,0.49705737167943426
40862,27,student,single,university.degree,0.49668018582747886
36551,29,services,single,high.school,0.4954550822289805
35593,44,unemployed,divorced,basic.6y,0.4952772377963776
28051,31,blue-collar,single,basic.9y,0.4948376454278904
29951,34,self-employed,single,university.degree,0.4946769298037647
35242,29,admin.,single,basic.6y,0.49383750729146264
14611,34,management,divorced,university.degree,0.49373468887082483
29173,38,technician,single,university.degree,0.49363313719640495
36096,37,technician,single,professional.course,0.4934722633957918
29428,49,management,married,university.degree,0.491596323431958
38618,37,admin.,married,high.school,0.4913023880367556
29181,30,technician,single,professional.course,0.4910433731460833
36404,28,admin.,single,high.school,0.4908221227019032
25691,36,admin.,single,university.degree,0.4907934824977109
36375,41,technician,single,university.degree,0.4904193469154793
30064,33,self-employed,married,university.degree,0.4903729589713749
28139,55,management,divorced,university.degree,0.48941157451556366
35268,46,admin.,married,high.school,0.4886296772283628
39962,37,self-employed,married,university.degree,0.4865820604973791
28511,57,admin.,married,high.school,0.4862605104957808
29727,31,admin.,single,university.degree,0.4855054739785059
35882,26,student,single,professional.course,0.48537131172702525
13156,36,admin.,married,university.degree,0.4853032921222939
34549,27,admin.,single,university.degree,0.48507853173911064
16390,45,retired,married,basic.4y,0.48383991918421726
30993,48,blue-collar,married,basic.6y,0.483338165291024
25516,30,management,single,university.degree,0.4831791267562185
37266,54,unemployed,married,university.degree,0.48304413874913726
31117,34,blue-collar,married,basic.9y,0.48192853535625574
36339,35,services,married,high.school,0.4819168166985711
24082,47,admin.,married,university.degree,0.48142405018891316
36528,38,admin.,divorced,high.school,0.48132437542898876
35625,44,management,single,high.school,0.481317166468084
29568,35,technician,single,university.degree,0.4797301367785891
30554,34,admin.,single,university.degree,0.4789434732063764
36543,34,management,married,university.degree,0.4787321638020242
35061,58,management,married,university.degree,0.47814611579199623
14811,23,blue-collar,single,high.school,0.4780895552179763
28553,44,management,married,basic.6y,0.47769640662168916
35181,29,unemployed,married,university.degree,0.4773585346372652
28039,28,technician,single,professional.course,0.477211914233884
14932,23,blue-collar,married,basic.9y,0.476889114411901
38622,32,admin.,married,university.degree,0.4768732810262286
36099,49,admin.,single,university.degree,0.4768132948705568
33514,51,blue-collar,divorced,basic.4y,0.47628632103035
28285,27,technician,single,basic.9y,0.47604135140713977
29739,59,technician,divorced,professional.course,0.47562432086103507
35032,29,unemployed,married,university.degree,0.4754807003070543
29193,31,services,single,high.school,0.4742460664521012
36117,25,admin.,single,university.degree,0.47263283187367683
17196,58,retired,married,professional.course,0.47130331220651506
13905,35,admin.,single,university.degree,0.47125694695843073
35935,46,admin.,single,university.degree,0.4711043385583895
40187,44,admin.,single,high.school,0.4703699115044554
29195,35,admin.,married,university.degree,0.4696377957439782
35095,34,services,divorced,high.school,0.46959310836880874
11461,49,blue-collar,married,basic.4y,0.4690269154266825
36698,27,admin.,single,university.degree,0.4687926020559936
34676,26,admin.,single,university.degree,0.4684810019253536
28713,38,technician,married,professional.course,0.4683793247394986
34027,31,admin.,single,university.degree,0.4683022847561278
28630,42,blue-collar,married,basic.9y,0.4668921022885617
24070,57,retired,divorced,university.degree,0.4661810681544892
30922,32,technician,married,basic.9y,0.4661369505960499
35947,32,admin.,divorced,high.school,0.4660650586715078
27342,30,admin.,single,university.degree,0.4658073942697151
35972,31,services,single,university.degree,0.4643701394968802
16439,21,blue-collar,married,basic.9y,0.46332392261733346
30772,50,technician,married,unknown,0.4632306186518538
36006,31,admin.,married,university.degree,0.4627203085837906
36003,31,admin.,married,university.degree,0.4627203085837906
14854,50,retired,married,basic.4y,0.4624514784482075
34961,39,technician,divorced,university.degree,0.4623230984747223
30640,56,services,married,high.school,0.46231534380488704
29696,30,blue-collar,married,basic.4y,0.46227565492526723
18047,36,services,married,high.school,0.46204828827378713
28432,36,admin.,single,university.degree,0.461995611745376
28739,38,services,married,high.school,0.4618900247133876
41062,51,services,married,high.school,0.46181628197689434
10916,29,management,married,university.degree,0.46180262088779245
35028,32,admin.,divorced,high.school,0.46127547179800205
28752,33,technician,married,professional.course,0.4609120632917513
35874,57,admin.,married,university.degree,0.45994038183601843
28763,59,blue-collar,married,basic.9y,0.45968712285111685
35871,18,student,single,high.school,0.459031791970461
32286,32,blue-collar,single,basic.9y,0.4588707868929805
29506,37,management,married,university.degree,0.45886020171451103
40923,20,student,single,unknown,0.4587332054877005
30023,23,admin.,single,university.degree,0.4586266593418292
28372,43,technician,married,professional.course,0.45816592093952485
29343,33,services,single,high.school,0.4579760844423514
40900,66,retired,married,basic.4y,0.4579318993501802
30447,60,management,married,university.degree,0.45788429956831833
29238,33,technician,single,high.school,0.45733383403073463
28743,33,technician,married,professional.course,0.45593704905155646
35904,34,admin.,married,university.degree,0.45392468276606424
14762,31,blue-collar,married,basic.9y,0.4534785761127255
28411,52,admin.,married,university.degree,0.45334606560181434
17507,50,management,divorced,university.degree,0.45280471589388926
33054,45,admin.,single,high.school,0.4526372827864723
29438,33,blue-collar,single,basic.4y,0.4525358255888342
34070,38,self-employed,married,basic.9y,0.45196772121418866
35774,37,admin.,married,high.school,0.45168555811138783
35270,30,services,single,high.school,0.45144563881279937
29003,32,retired,married,basic.4y,0.45116672383753725
40222,21,student,single,basic.9y,0.45074839784528536
27427,31,admin.,single,university.degree,0.44978718810428586
28157,26,admin.,married,high.school,0.44933182710371766
27685,51,blue-collar,married,basic.4y,0.44917826652870363
34604,31,blue-collar,single,basic.9y,0.44901963456548094
37883,59,self-employed,married,university.degree,0.4485888996119074
13419,32,admin.,married,university.degree,0.44763436709163357
40133,32,technician,divorced,professional.course,0.4469378326519277
28025,39,blue-collar,married,basic.9y,0.44648140992399266
35696,50,admin.,married,high.school,0.4456499232879083
34917,45,admin.,married,university.degree,0.44548565358194303
32280,58,management,single,university.degree,0.44542086211825926
35216,37,admin.,divorced,high.school,0.44520937303386554
35456,57,admin.,single,high.school,0.4448284875317411
30507,35,blue-collar,married,basic.4y,0.44447240033613716
33922,34,management,single,university.degree,0.4440991033607781
33437,29,services,married,high.school,0.4426343264539598
32947,30,technician,single,basic.9y,0.44237972258148517
35839,35,admin.,married,high.school,0.4421897102229762
28832,47,blue-collar,married,basic.9y,0.4420026980732703
24100,32,unemployed,married,professional.course,0.4416139849121439
37176,60,self-employed,divorced,university.degree,0.4414009046436603
30455,30,unknown,married,professional.course,0.4409931932542798
35488,36,admin.,married,high.school,0.4409886076540135
29582,58,services,married,basic.6y,0.4407079631475721
12830,48,management,married,high.school,0.44008336234021406
12814,48,management,married,high.school,0.44008336234021406
20526,31,technician,single,high.school,0.43988113922170685
29245,30,technician,single,professional.course,0.4398326175852766
36001,65,retired,married,unknown,0.43955732116009444
35982,29,technician,single,university.degree,0.43944129179098096
41102,45,admin.,married,university.degree,0.43942546448762415
29416,49,entrepreneur,married,basic.4y,0.4390392318010884
24068,32,technician,married,professional.course,0.43872840441252237
28554,44,management,married,basic.6y,0.43744536296767544
15349,35,admin.,single,university.degree,0.43736967545535466
15347,35,admin.,single,university.degree,0.43736967545535466
28321,35,admin.,married,high.school,0.43735610313825546
15875,39,technician,single,professional.course,0.4372287569533171
36135,35,admin.,single,university.degree,0.4370383851041418
33134,54,blue-collar,divorced,basic.4y,0.436314975403036
35211,25,blue-collar,married,basic.4y,0.43629135887455733
36392,29,admin.,single,university.degree,0.43583616220942856
35274,56,entrepreneur,married,university.degree,0.4349538536550264
8551,24,student,single,high.school,0.434838748577314
20399,30,admin.,single,university.degree,0.43400904766051857
34987,44,management,married,university.degree,0.434006070265465
20323,48,admin.,married,high.school,0.43396664678422586
34910,29,blue-collar,divorced,high.school,0.4335550400545165
28342,39,blue-collar,married,basic.9y,0.43310984001037356
34922,27,admin.,married,high.school,0.43283396677041613
35300,20,technician,single,professional.course,0.4323694294142637
22777,35,management,divorced,university.degree,0.4322337884743379
22736,35,management,divorced,university.degree,0.4322337884743379
28370,46,technician,single,basic.9y,0.4317763537915917
32789,45,admin.,single,high.school,0.43168942391636017
29309,33,admin.,single,university.degree,0.43151307539692857
33458,31,services,single,high.school,0.4301863065964533
30791,46,blue-collar,married,high.school,0.4300041850367837
40254,52,technician,single,professional.course,0.429579277965519
35009,45,blue-collar,single,high.school,0.42953497653567196
24381,40,admin.,married,university.degree,0.4291793511833366
36058,33,admin.,single,high.school,0.428907462950409
35203,29,admin.,married,basic.6y,0.42884869760541283
35142,45,self-employed,divorced,university.degree,0.42882876971665007
30532,42,admin.,married,university.degree,0.42876680809289935
40034,25,admin.,married,high.school,0.4283540896937933
35854,58,retired,married,basic.9y,0.428089868782613
34854,29,admin.,single,high.school,0.4280048868865402
35504,39,admin.,single,professional.course,0.4277354239684289
12791,33,services,single,high.school,0.4276579156285149
33884,31,admin.,married,high.school,0.4273334846769684
34831,30,management,single,basic.9y,0.42727552440371797
20535,35,technician,single,university.degree,0.4270943513743154
20071,35,admin.,married,university.degree,0.42666304708654385
19725,30,admin.,single,university.degree,0.42636785636539737
40967,34,student,single,professional.course,0.4262848072616079
30795,30,technician,single,university.degree,0.42627779404603183
28242,41,blue-collar,married,basic.9y,0.4256472310164467
26759,51,admin.,divorced,university.degree,0.4253161085183075
30842,42,blue-collar,married,basic.4y,0.4251948144836485
29840,50,blue-collar,married,basic.4y,0.4250862159885932
36851,29,services,single,professional.course,0.42481305972050726
26011,35,admin.,single,university.degree,0.42456838371792976
13804,27,services,married,high.school,0.4240661491897961
15768,39,technician,single,professional.course,0.42389293365047787
25896,29,technician,single,professional.course,0.4228094773027671
31744,33,blue-collar,married,basic.6y,0.42241608273569925
35919,44,blue-collar,single,professional.course,0.42224084705617093
12852,42,blue-collar,married,basic.6y,0.4221706466536708
29284,55,management,married,university.degree,0.4221241859814448
28877,47,services,married,basic.9y,0.42209034520012223
27210,33,technician,single,university.degree,0.4220354450448799
13614,25,admin.,single,high.school,0.42102675929171357
30682,34,blue-collar,married,basic.9y,0.4203915470401683
17209,28,blue-collar,single,basic.9y,0.42027756907678765
30076,50,admin.,married,university.degree,0.42017274237374913
16610,23,admin.,single,professional.course,0.42007333290115517
34950,41,blue-collar,single,basic.9y,0.4200182274294306
19247,31,technician,single,high.school,0.41969493223693155
35444,43,admin.,single,high.school,0.4196422368543459
20199,36,admin.,married,university.degree,0.4195283247809284
30600,29,management,married,university.degree,0.41837981072567276
36015,40,student,single,high.school,0.41792774515000836
31390,54,technician,divorced,university.degree,0.41753511321531916
35635,35,admin.,divorced,high.school,0.41736447145694816
20584,31,admin.,single,university.degree,0.41723715505718667
41104,46,admin.,single,high.school,0.41719904670221125
23447,47,technician,married,university.degree,0.4171406503364027
33825,37,technician,divorced,professional.course,0.41692013090660746
32687,33,technician,single,university.degree,0.4165142262176987
17137,38,admin.,married,university.degree,0.41537729593411804
35374,27,technician,married,university.degree,0.41399281613339084
30492,25,technician,married,university.degree,0.41383777342479866
39832,38,technician,single,high.school,0.41367557181088893
16331,22,services,married,basic.9y,0.41335361580789476
29746,44,management,married,university.degree,0.4129188925194326
27290,37,admin.,single,university.degree,0.41289012836388733
20575,38,technician,married,professional.course,0.41277432940561865
28371,43,admin.,divorced,high.school,0.41269051085064956
33765,32,blue-collar,single,basic.4y,0.4126260893228859
35391,40,technician,married,university.degree,0.4123980469538251
14344,50,blue-collar,married,basic.4y,0.41211517161687183
29228,34,technician,married,university.degree,0.41164755843286377
36183,88,retired,divorced,basic.4y,0.41155697252841444
27500,29,technician,single,professional.course,0.41088685013453374
30648,37,blue-collar,married,basic.6y,0.4108846848487168
15460,36,housemaid,divorced,basic.4y,0.41084884298354574
35672,38,technician,married,university.degree,0.41065354518889197
33027,33,services,single,high.school,0.41054568535686087
14393,35,admin.,married,high.school,0.4100653960970947
34843,34,technician,divorced,professional.course,0.40992499095921325
40290,23,admin.,single,high.school,0.40988880491412594
14153,31,management,married,university.degree,0.4083965870357964
28233,35,unemployed,divorced,university.degree,0.40824099499382177
30830,32,technician,married,high.school,0.40773755681032364
19674,30,admin.,single,university.degree,0.4075163515518749
28862,47,entrepreneur,divorced,high.school,0.4074772735143266
33233,44,management,married,basic.9y,0.40742932404117477
35151,32,admin.,single,professional.course,0.4073240070640482
27093,45,management,married,university.degree,0.4073229782388396
34706,31,blue-collar,single,basic.9y,0.40722414443222554
29648,32,technician,single,professional.course,0.40700642567453216
8616,26,student,single,high.school,0.40663710435505307
32624,37,management,single,basic.9y,0.406581047310705
29475,31,blue-collar,single,basic.9y,0.4061097163786874
18294,38,admin.,married,unknown,0.40581614421158707
35747,29,admin.,married,high.school,0.4058023121138901
26262,34,management,single,university.degree,0.40571023977887627
30921,54,management,married,university.degree,0.4056730313098093
13107,33,admin.,married,high.school,0.4055784960510266
35088,33,services,married,high.school,0.40541374324475854
34464,38,blue-collar,married,basic.6y,0.40537639633291805
15548,31,services,single,university.degree,0.4052158859207473
36165,32,admin.,single,university.degree,0.4048896261283283
35736,37,self-employed,single,basic.4y,0.40480226619766163
22757,30,technician,divorced,university.degree,0.40471299707974806
34486,25,management,married,university.degree,0.4046994101439523
12901,29,technician,single,university.degree,0.40397703787984723
28027,39,blue-collar,single,basic.9y,0.4039305762269623
23398,43,technician,married,professional.course,0.40378578905304074
15505,29,management,single,basic.9y,0.40376398733939595
29308,55,admin.,divorced,high.school,0.4034648913273666
15547,26,blue-collar,married,basic.9y,0.403462116992859
39815,28,admin.,married,high.school,0.40343377533720415
20135,47,admin.,married,university.degree,0.40338142251327413
27310,58,admin.,divorced,university.degree,0.4033785246686468
31272,28,self-employed,single,university.degree,0.4031750997005475
29069,47,technician,divorced,university.degree,0.4030869195783812
35707,27,admin.,divorced,high.school,0.40291484904545555
28006,31,technician,married,professional.course,0.4028851894185052
29929,39,admin.,married,university.degree,0.40221591233981
14658,25,entrepreneur,single,university.degree,0.40163281405971046
34652,25,admin.,single,high.school,0.40162563654150574
34887,34,admin.,single,high.school,0.40140104312217184
34214,34,blue-collar,married,high.school,0.40123050503139696
33700,29,blue-collar,married,high.school,0.4010094346801939
25637,30,entrepreneur,single,university.degree,0.40087494174362903
35441,36,admin.,married,high.school,0.4007374580680513
31249,27,admin.,married,high.school,0.4004357592283161
28620,39,technician,single,professional.course,0.4003287648131312
13900,27,technician,married,basic.9y,0.40028555236699426
33955,40,admin.,single,high.school,0.39989409920566144
35664,43,technician,married,professional.course,0.39974090011123226
27647,31,admin.,single,university.degree,0.399641477052041
39799,40,blue-collar,married,basic.6y,0.3995499264263847
34687,30,admin.,single,high.school,0.3995396274341894
32830,23,blue-collar,single,basic.9y,0.3994344367587527
16760,26,admin.,married,high.school,0.39935851099249975
14306,48,management,married,university.degree,0.3992776829766826
35861,66,housemaid,married,high.school,0.3991220347877704
34909,24,blue-collar,single,basic.9y,0.39902864472195726
34995,30,services,single,high.school,0.39902757292772356
34998,30,services,single,high.school,0.39902757292772356
26517,53,management,married,high.school,0.3987647401986482
14106,43,admin.,married,high.school,0.39848316223528146
35108,32,admin.,single,university.degree,0.3984094999648009
28514,36,services,married,high.school,0.39833671777362006
33307,28,blue-collar,married,basic.4y,0.3982282826127593
30582,42,admin.,married,university.degree,0.3977760729783568
24813,30,admin.,single,university.degree,0.3977100615237741
32603,26,admin.,single,university.degree,0.39759997873062614
14735,31,admin.,married,university.degree,0.3975598830411829
36010,33,blue-collar,married,basic.9y,0.3974364019768406
34152,36,services,married,basic.9y,0.39709220665255246
35252,29,blue-collar,divorced,high.school,0.3965708294311843
29151,31,admin.,single,high.school,0.3959345355681993
15745,46,management,married,university.degree,0.39561036964432506
30699,36,blue-collar,married,basic.9y,0.39536925715144067
35987,33,admin.,married,university.degree,0.39490824110910494
35815,26,entrepreneur,single,high.school,0.39477496716324645
34968,34,technician,divorced,professional.course,0.39470359582960785
34913,45,admin.,married,university.degree,0.3944347573084581
20794,51,blue-collar,married,basic.9y,0.3943542300787668
33952,37,admin.,single,basic.9y,0.39435101857574684
34193,28,blue-collar,married,basic.4y,0.39419497726078107
41060,46,admin.,married,basic.9y,0.394180805310678
13128,25,blue-collar,married,basic.9y,0.39385379183252
34541,29,services,single,high.school,0.39364219239256437
33289,34,admin.,divorced,university.degree,0.39343198617139846
31521,38,technician,single,university.degree,0.3933377499973452
35849,36,admin.,married,professional.course,0.3929856288601543
34321,30,blue-collar,single,basic.9y,0.3929544274037783
40087,33,unemployed,married,university.degree,0.39283701039947017
34153,34,blue-collar,married,basic.6y,0.39280671782928095
33608,25,student,single,university.degree,0.3926900377753394
29720,43,blue-collar,married,basic.4y,0.3924465965923642
33912,58,housemaid,married,basic.4y,0.39203761190006203
32698,28,blue-collar,married,basic.6y,0.39158857114275425
36113,47,retired,divorced,university.degree,0.3912799656890376
34412,26,services,single,high.school,0.3912714449981289
35799,28,admin.,single,university.degree,0.3909666037313283
15458,26,blue-collar,married,basic.9y,0.3909508903457675
35212,39,blue-collar,married,basic.6y,0.3907581934361075
28829,38,technician,divorced,high.school,0.3901656423750706
31124,48,entrepreneur,married,basic.6y,0.3901075588570184
16022,22,blue-collar,single,basic.6y,0.38987068194237245
34098,36,services,single,high.school,0.38980961885833515
16060,27,admin.,single,basic.9y,0.38980566932392363
35357,33,entrepreneur,married,university.degree,0.38966810572078814
16557,30,management,married,university.degree,0.3895237510085772
32612,27,admin.,single,high.school,0.38919136050568814
15461,26,blue-collar,married,basic.9y,0.3887199740122131
29738,33,blue-collar,married,high.school,0.3886471731772363
34938,34,blue-collar,married,basic.9y,0.3885166394383264
20528,44,management,married,basic.9y,0.3883592325058565
28262,34,services,married,high.school,0.3883240446670454
34111,41,housemaid,married,high.school,0.38831297341172144
28911,42,admin.,single,high.school,0.38779513845836194
35783,24,management,single,university.degree,0.38724962936577073
34915,43,entrepreneur,married,professional.course,0.38713673402515064
29202,38,admin.,married,university.degree,0.38712374425062074
33350,27,technician,single,professional.course,0.38699134079428027
28231,57,blue-collar,married,basic.9y,0.3866612988626481
30033,55,admin.,married,high.school,0.3866503202135528
14583,35,housemaid,married,basic.9y,0.3865238634050535
31094,33,blue-collar,married,basic.6y,0.3863471756169235
35502,34,admin.,single,university.degree,0.38625754706102405
33746,31,unemployed,married,basic.9y,0.38621895054870736
13489,27,admin.,married,high.school,0.3861262497846425
6195,31,blue-collar,married,basic.9y,0.38607430314043634
27996,32,blue-collar,married,basic.9y,0.3854294076383427
33152,34,technician,single,university.degree,0.38537597404716484
34298,38,blue-collar,married,basic.4y,0.38526910207775245
14481,30,blue-collar,divorced,basic.6y,0.38500795325104115
26435,53,technician,divorced,high.school,0.3846837212514542
14749,49,blue-collar,married,basic.6y,0.38445034310175463
14744,49,blue-collar,married,basic.6y,0.38445034310175463
33747,28,blue-collar,single,high.school,0.38429633631137533
16802,27,management,single,university.degree,0.3841712684132229
29448,56,blue-collar,married,basic.6y,0.3841455501278699
13848,35,services,single,high.school,0.3839083577589295
22819,38,admin.,married,university.degree,0.38354651154525427
15549,29,admin.,married,basic.9y,0.3829099938897361
10165,41,blue-collar,married,basic.4y,0.3826329119491247
18122,36,admin.,married,high.school,0.382450874578168
20593,41,technician,married,professional.course,0.38235321169919056
19181,51,admin.,married,university.degree,0.3823264379668532
26590,30,blue-collar,married,basic.9y,0.38231838536600127
25540,32,management,divorced,university.degree,0.3822684097614447
31308,31,services,single,high.school,0.38222799457191575
35528,33,unemployed,married,basic.4y,0.38217346371240457
15780,56,technician,married,professional.course,0.38211123085936083
26874,31,management,single,university.degree,0.38210926161775327
29730,37,blue-collar,single,basic.4y,0.38198151083429643
29844,39,management,married,university.degree,0.38174005898147234
11578,49,blue-collar,married,basic.4y,0.38171968068368595
3654,28,admin.,single,high.school,0.38100344440525097
28001,56,entrepreneur,divorced,university.degree,0.38073585761822687
33247,28,technician,married,basic.9y,0.38065838178190164
14475,33,services,married,high.school,0.3805963016341364
18079,34,admin.,married,university.degree,0.38044712794814506
31084,29,admin.,single,university.degree,0.3803928699702551
26549,58,blue-collar,married,basic.9y,0.38018221927413476
34735,31,admin.,single,high.school,0.3797232139632502
34596,23,technician,single,high.school,0.3796499119922137
29252,48,unemployed,married,high.school,0.3796377025489185
25989,32,management,single,university.degree,0.3792337724955297
31453,33,entrepreneur,single,high.school,0.3791784190060229
32911,38,admin.,divorced,university.degree,0.3790093757997323
41082,48,admin.,married,high.school,0.37892254420532817
13490,27,admin.,married,high.school,0.3787907381591939
34188,53,retired,married,basic.9y,0.37867855693171343
27680,31,admin.,single,high.school,0.37864056162664284
31160,41,blue-collar,single,basic.9y,0.37847561652688283
22884,30,technician,divorced,high.school,0.3783054155757143
34309,28,blue-collar,single,basic.4y,0.37819260258921356
25487,32,technician,single,university.degree,0.3781023694585393
35206,33,retired,married,high.school,0.37783920755899125
32835,28,blue-collar,single,professional.course,0.3776650409461645
28936,34,management,married,university.degree,0.3775976678896468
35996,59,self-employed,married,university.degree,0.3774117283177811
30460,81,retired,married,basic.9y,0.3773615086123978
12851,38,blue-collar,married,high.school,0.3773197773577626
31485,48,entrepreneur,single,professional.course,0.3772143315930459
35788,27,unemployed,married,high.school,0.37690936407152975
16591,42,admin.,married,university.degree,0.3767028307406386
10435,36,management,single,university.degree,0.376621912340076
32194,37,self-employed,single,university.degree,0.37661792509855047
17483,45,admin.,divorced,high.school,0.3765224036424636
25053,31,blue-collar,single,basic.9y,0.37622033220491147
29187,36,admin.,single,high.school,0.3759458532253048
33457,49,entrepreneur,married,university.degree,0.3759067491412278
36039,29,self-employed,married,university.degree,0.37581114221173495
41073,39,admin.,married,high.school,0.37560627794887486
13827,41,blue-collar,divorced,basic.6y,0.3755612646957111
13964,29,admin.,single,high.school,0.37545284315475697
22993,50,admin.,married,university.degree,0.3750785584702877
34539,27,self-employed,single,university.degree,0.37497408623086875
20555,53,management,married,university.degree,0.3748401234172504
40535,35,entrepreneur,married,basic.9y,0.37458704500807405
28845,45,services,divorced,basic.4y,0.3744258363566035
20032,38,technician,divorced,high.school,0.3742386537469607
8975,45,unknown,married,unknown,0.37422541176971175
28224,36,blue-collar,married,basic.9y,0.3741813630278362
31317,58,retired,married,professional.course,0.3741465533607636
17100,28,blue-collar,single,basic.9y,0.3741391608817049
24924,38,blue-collar,divorced,unknown,0.3741378525011681
18096,37,blue-collar,married,basic.6y,0.37403670968036434
20290,46,admin.,married,university.degree,0.3740274748817457
40088,26,unemployed,single,high.school,0.373297968833037
28210,40,technician,married,professional.course,0.3732872412729575
34195,27,admin.,married,high.school,0.37283508828284695
15509,43,blue-collar,married,high.school,0.37277042300912505
34075,49,admin.,married,university.degree,0.3725789733170312
13482,57,retired,married,basic.4y,0.37242734555730905
8532,32,blue-collar,single,university.degree,0.372365519092313
33817,39,technician,divorced,professional.course,0.3720045078903146
26979,36,admin.,divorced,university.degree,0.3716479828793046
16490,42,admin.,married,university.degree,0.37153076818138714
25690,36,admin.,single,university.degree,0.3712356445543098
34041,31,blue-collar,single,basic.9y,0.37117127478093537
34898,39,technician,single,high.school,0.37092472606702964
15108,35,admin.,married,high.school,0.3703625283373566
32327,24,services,single,high.school,0.3703561311982984
18515,28,admin.,single,university.degree,0.37026680721978716
35120,54,retired,divorced,university.degree,0.3701881265491014
28134,26,admin.,married,high.school,0.3700864203561658
18572,28,services,married,high.school,0.3700316983708053
20026,33,technician,married,professional.course,0.36993988171655134
19939,33,technician,married,professional.course,0.36993988171655134
32107,32,technician,divorced,professional.course,0.3698126352770316
34923,30,blue-collar,single,basic.9y,0.3697764800979234
16258,54,retired,divorced,basic.4y,0.36970062700697504
29636,31,technician,single,professional.course,0.3695027166988162
14541,26,admin.,married,university.degree,0.36947305025806365
31092,29,admin.,single,university.degree,0.36941851862370934
21150,50,admin.,married,university.degree,0.36933503834371756
36115,32,admin.,single,university.degree,0.36892483046148167
34241,31,management,single,university.degree,0.3686787415144343
19120,46,admin.,married,university.degree,0.36819591774667226
35989,29,self-employed,married,university.degree,0.36802572047467763
29433,45,blue-collar,married,basic.4y,0.3679411647844264
14002,29,services,married,basic.9y,0.3674556971792366
20418,42,admin.,married,university.degree,0.36725018911636553
31300,43,blue-collar,married,basic.9y,0.36679230139229235
35446,42,management,divorced,university.degree,0.3665161932356532
35951,58,housemaid,married,basic.4y,0.3662587811258228
34106,24,housemaid,married,basic.9y,0.3660484787042332
12771,57,admin.,married,professional.course,0.36593446005413816
20359,52,housemaid,married,basic.6y,0.36585261349300446
33229,48,admin.,divorced,university.degree,0.36580947891003296
7613,49,blue-collar,married,basic.6y,0.36560564823774294
17283,53,retired,married,high.school,0.3654427416270516
14636,28,admin.,single,university.degree,0.3653809787086025
32523,29,admin.,single,high.school,0.36530230408866315
25750,32,student,single,university.degree,0.3651817339555245
33517,28,services,single,high.school,0.36508760998968504
40719,32,unemployed,married,high.school,0.36502439811818915
35990,52,services,married,high.school,0.3647450350175702
16929,55,unknown,married,basic.4y,0.3643179146442793
15963,32,admin.,married,high.school,0.3642603424823858
22705,32,admin.,married,university.degree,0.363828010985087
16167,22,services,single,high.school,0.36382250340356476
19114,49,services,married,high.school,0.36361127714544417
20521,53,admin.,married,basic.9y,0.3633098980367887
32769,34,technician,married,basic.9y,0.36322766791388517
22944,59,management,married,university.degree,0.3628834460636499
22798,35,management,divorced,university.degree,0.3628589140403289
13055,35,admin.,married,university.degree,0.36258281297048467
34759,60,retired,married,high.school,0.36235284020291386
5699,58,admin.,single,university.degree,0.3623487977674014
19092,32,admin.,single,high.school,0.36230489093596946
34852,28,admin.,single,university.degree,0.36194481727798505
27514,57,management,married,university.degree,0.3618291204957532
17225,60,management,married,university.degree,0.3617868388301979
31468,28,admin.,single,university.degree,0.36169623455368993
20733,50,services,married,high.school,0.3611582237245664
16086,35,services,single,high.school,0.3610668246555002
35392,35,blue-collar,divorced,basic.9y,0.3609004470918851
3869,28,admin.,single,high.school,0.3608886061233912
40013,29,admin.,single,high.school,0.36077632049300584
4907,60,retired,married,professional.course,0.35960448381248417
20148,30,admin.,single,university.degree,0.35956153856266626
20145,30,admin.,single,university.degree,0.35956153856266626
11200,41,blue-collar,married,basic.9y,0.35949439203113465
31085,35,blue-collar,married,high.school,0.3590961282257685
36078,34,services,married,high.school,0.3590032343401959
35340,33,blue-collar,divorced,basic.9y,0.3588951409888532
11762,31,entrepreneur,married,professional.course,0.3585093917372355
35680,56,technician,single,professional.course,0.3581442829236149
35794,56,technician,single,professional.course,0.3581442829236149
32461,30,admin.,single,high.school,0.3578951069927714
30782,37,blue-collar,married,basic.6y,0.3578021870249702
35512,30,blue-collar,single,basic.9y,0.3577481049526727
40527,45,self-employed,divorced,professional.course,0.3575414343077435
34385,39,admin.,married,high.school,0.3574972868349103
35137,36,technician,divorced,professional.course,0.3574267534963129
16648,31,technician,married,basic.9y,0.35724909099557467
22457,35,self-employed,married,basic.9y,0.3570478551302344
17524,51,admin.,divorced,university.degree,0.35677757310183217
35933,46,admin.,single,university.degree,0.3567600184438652
25437,29,management,single,university.degree,0.35662847181049123
30731,49,blue-collar,married,professional.course,0.3565139363699455
25713,34,management,single,high.school,0.35637442310033296
28175,51,admin.,divorced,professional.course,0.3563573050005255
33873,22,student,single,high.school,0.35621028976233715
26201,37,management,married,unknown,0.35602513322482876
27395,32,admin.,single,university.degree,0.3560237954638455
20710,39,management,married,high.school,0.3558892868423811
39814,29,services,single,high.school,0.35583122683327495
14798,58,retired,divorced,basic.4y,0.3555049535759954
23284,46,admin.,married,university.degree,0.35538445748249187
20001,35,technician,divorced,professional.course,0.3552859167479315
27683,37,admin.,married,high.school,0.35519212605690226
36017,55,retired,married,high.school,0.35517466542156284
34827,28,student,single,university.degree,0.35515318608728674
21173,36,admin.,married,high.school,0.3546000678241105
13506,28,admin.,single,university.degree,0.35453414702191816
35102,38,services,divorced,high.school,0.3543887387839325
26753,36,blue-collar,married,high.school,0.35384866461799314
28067,32,blue-collar,married,basic.9y,0.35378366978265285
40712,25,management,single,university.degree,0.3536236826791848
41166,32,admin.,married,university.degree,0.35315082231691775
32508,32,services,single,high.school,0.3530806755107638
24211,55,blue-collar,married,basic.9y,0.35302681648456263
24193,55,blue-collar,married,basic.9y,0.35302681648456263
26416,31,blue-collar,married,professional.course,0.35292160789704546
35267,49,entrepreneur,divorced,basic.9y,0.3528737120279869
28111,36,services,single,high.school,0.35271924640170027
34437,22,student,single,high.school,0.35263147514657706
29340,42,blue-collar,single,unknown,0.35258593237111446
34943,50,blue-collar,married,basic.4y,0.35251840760501224
19102,49,admin.,married,university.degree,0.3524207978678918
40269,28,technician,single,professional.course,0.3523090542566411
21221,48,blue-collar,married,unknown,0.3516311066651594
14990,30,admin.,single,university.degree,0.35147033170843583
14991,30,admin.,single,university.degree,0.35147033170843583
34779,29,technician,single,high.school,0.3514529356776482
32578,54,management,married,basic.6y,0.35142999915025824
26913,29,admin.,single,university.degree,0.3513853241880864
29915,42,blue-collar,married,basic.4y,0.3513693240967126
19093,56,admin.,married,high.school,0.3512128080165134
24115,42,admin.,married,professional.course,0.3508535500639915
14052,35,admin.,single,high.school,0.35062416271905117
32916,30,technician,single,basic.9y,0.35061649023742036
35583,57,technician,divorced,basic.6y,0.35057867080498967
13063,34,technician,single,university.degree,0.35050838405926227
36220,45,services,married,high.school,0.35030862058513923
32745,26,services,single,high.school,0.3501278139106587
32742,26,services,single,high.school,0.3501278139106587
20010,32,technician,single,university.degree,0.35001698648035173
30696,36,blue-collar,married,basic.9y,0.3500130653745353
30697,36,blue-collar,married,basic.9y,0.3500130653745353
30778,36,blue-collar,married,basic.9y,0.3500130653745353
34248,37,services,married,high.school,0.34983187786199516
34920,39,technician,divorced,professional.course,0.3497675838895523
26456,38,management,single,university.degree,0.3496029817981033
26259,34,technician,married,high.school,0.34951227207413477
30718,38,entrepreneur,married,professional.course,0.3493921383371515
14951,26,technician,single,professional.course,0.3492627419809178
27240,40,technician,single,university.degree,0.3492530544495959
30569,39,admin.,married,high.school,0.3492386250184317
15898,55,admin.,married,high.school,0.34873942618729004
28972,44,blue-collar,married,basic.6y,0.34867762654470147
34890,31,admin.,single,university.degree,0.3484719008884916
15353,31,admin.,single,basic.9y,0.3482794729723253
32221,45,technician,single,university.degree,0.34777223235269006
18130,37,blue-collar,married,basic.6y,0.3476885558482956
26512,36,admin.,married,high.school,0.34764735282607867
27254,29,technician,single,professional.course,0.3474458725869698
8373,31,blue-collar,single,high.school,0.3473640224439795
29531,37,management,married,university.degree,0.3470593711810803
28031,28,technician,single,professional.course,0.34703901854263436
40708,50,housemaid,divorced,basic.4y,0.34698779660675183
13584,32,services,married,high.school,0.3466945081034062
16354,34,blue-collar,married,basic.9y,0.34668165831494663
40532,22,student,single,basic.9y,0.3466051077505302
17186,27,admin.,married,university.degree,0.346390533681905
26679,56,retired,married,basic.4y,0.34637883877404546
22431,46,services,married,unknown,0.34608442616723084
28927,55,admin.,married,basic.4y,0.3459366830660837
35364,53,admin.,married,high.school,0.34574960807569377
29680,47,blue-collar,married,basic.9y,0.3457462656403814
35111,36,management,married,university.degree,0.3456370116165129
30210,33,services,married,high.school,0.3454739184922573
28124,41,unemployed,married,basic.9y,0.3453155702815161
28146,41,unemployed,married,basic.9y,0.3453155702815161
35161,36,services,divorced,university.degree,0.34494251259499875
19165,35,admin.,married,university.degree,0.3448223333412066
34109,31,entrepreneur,single,university.degree,0.34471465799667983
29041,38,technician,single,high.school,0.344609593746612
19566,29,admin.,single,high.school,0.34437328332344636
17339,50,management,divorced,university.degree,0.3442734954502397
26327,36,admin.,single,university.degree,0.3441816379711027
28526,41,blue-collar,married,basic.6y,0.34411572796395284
30884,43,blue-collar,married,basic.4y,0.34403633741077533
13807,23,services,single,high.school,0.3440279279354768
18449,38,services,married,high.school,0.3439861230994775
33425,36,admin.,single,basic.9y,0.34397325146063884
34306,29,blue-collar,married,basic.9y,0.34387538848671917
16641,23,admin.,single,professional.course,0.3438289464945943
25677,42,admin.,single,university.degree,0.3438247246550852
17252,33,services,married,high.school,0.34372905786056085
35784,25,student,single,high.school,0.34370422255399313
12555,33,management,married,university.degree,0.34356933705403925
15087,50,blue-collar,married,unknown,0.3434110163217863
28920,28,student,married,university.degree,0.3432521955266218
33536,43,blue-collar,married,basic.9y,0.34322769873946973
35036,32,entrepreneur,married,university.degree,0.34310496195691653
14884,33,blue-collar,married,basic.9y,0.34291797553519143
33319,41,blue-collar,married,basic.9y,0.34289961977848094
28393,32,blue-collar,married,high.school,0.3427072839728321
22796,30,admin.,single,university.degree,0.3426918010069759
35324,35,blue-collar,married,basic.6y,0.3425674343161544
19192,44,self-employed,married,professional.course,0.3424838707585844
33887,28,technician,single,professional.course,0.3424748572306558
35819,58,admin.,married,university.degree,0.3424623639647059
28150,45,blue-collar,single,basic.9y,0.3424385350682064
34491,46,blue-collar,married,basic.4y,0.3423731242236776
23458,54,housemaid,married,basic.4y,0.3423133119239044
28195,46,admin.,divorced,high.school,0.3421693449156437
31256,34,admin.,single,university.degree,0.3420025635017152
15816,26,blue-collar,single,basic.9y,0.34175161851156316
33253,54,management,divorced,professional.course,0.3416985816568296
34467,31,blue-collar,married,basic.9y,0.341604827918417
35232,46,blue-collar,married,basic.4y,0.3414452805242385
33433,28,technician,single,basic.9y,0.3411556006944204
22445,29,admin.,single,university.degree,0.34101177383007014
31968,33,services,married,high.school,0.34097387751140057
16054,28,blue-collar,single,high.school,0.34094714818517924
29244,47,management,married,professional.course,0.34085604145345344
21832,29,admin.,single,university.degree,0.34063314170505465
16957,43,admin.,married,high.school,0.3405209104034963
29381,34,technician,divorced,professional.course,0.34005415446033616
31538,27,admin.,single,high.school,0.3398553717762619
14455,32,management,divorced,university.degree,0.33942076002305377
29153,39,technician,married,university.degree,0.33941627050989015
17439,43,services,married,basic.6y,0.3393897310097919
24090,32,admin.,single,university.degree,0.33932202704466347
36018,51,retired,married,high.school,0.33923268139191143
34873,41,management,married,university.degree,0.3390826479144779
27352,32,technician,single,professional.course,0.3389299505919849
33359,48,management,married,basic.9y,0.33891735666593337
18994,32,technician,married,professional.course,0.3385354949218331
31322,28,technician,single,professional.course,0.33838157536676405
28445,36,blue-collar,married,basic.9y,0.33829540933553104
30614,57,entrepreneur,married,basic.9y,0.3379447226458073
15201,28,services,single,basic.9y,0.3379003362736157
20446,31,admin.,single,university.degree,0.337846264772044
32156,37,self-employed,married,university.degree,0.3376656233138553
12455,32,services,single,high.school,0.33762874610711097
33338,33,blue-collar,single,basic.4y,0.33749339056956046
26254,32,admin.,single,high.school,0.3372508043548011
28510,34,blue-collar,single,high.school,0.33723277317164
19624,46,blue-collar,married,basic.9y,0.3368494022083722
33368,28,management,single,university.degree,0.3365821946262827
34279,31,services,married,high.school,0.33634233300003685
34082,36,admin.,single,university.degree,0.33625776295950804
29584,35,admin.,single,university.degree,0.3361949201291619
14721,35,admin.,married,high.school,0.3361903942054707
28966,38,technician,single,university.degree,0.33616004248682285
33899,35,admin.,married,university.degree,0.33584387152399225
19051,34,admin.,married,university.degree,0.3357201981488505
889,30,admin.,single,university.degree,0.33570174551392157
26223,53,management,married,university.degree,0.3356730894451659
32005,43,admin.,single,high.school,0.3356217229145189
35616,29,services,single,high.school,0.3355623311803874
19430,29,management,married,university.degree,0.33553349183181097
27681,39,housemaid,married,basic.4y,0.33548288201331306
33255,38,blue-collar,married,basic.9y,0.3353734026431558
32872,31,blue-collar,married,basic.9y,0.3353172726866182
34667,32,technician,single,professional.course,0.3349422777377889
33145,42,blue-collar,married,basic.6y,0.33493897028760017
32021,43,blue-collar,married,basic.6y,0.3348362704310325
31768,34,admin.,married,high.school,0.3346080791732367
35553,33,technician,married,university.degree,0.3344477899616194
35674,41,technician,single,high.school,0.3342817231611134
35202,27,blue-collar,single,basic.9y,0.33397949359063395
15573,31,blue-collar,single,university.degree,0.33386278440745853
26379,40,management,single,university.degree,0.33380427544754104
25923,37,admin.,single,university.degree,0.3336570265131117
15443,47,blue-collar,married,basic.9y,0.33354664978219456
26807,45,management,married,professional.course,0.33331189897961117
20074,56,admin.,married,university.degree,0.33305418944593834
36073,39,blue-collar,married,basic.9y,0.3327420215242674
31616,33,blue-collar,married,basic.6y,0.33264150343169485
35320,32,admin.,single,university.degree,0.3326161038514399
20179,45,blue-collar,married,basic.4y,0.3325744734212325
15219,31,technician,married,basic.9y,0.3325379620226625
26488,34,management,married,university.degree,0.33246820599779475
26103,31,technician,single,university.degree,0.3324186451918887
22758,37,admin.,married,university.degree,0.3323782338622622
30837,40,technician,married,high.school,0.3322863060560166
26656,33,blue-collar,married,basic.4y,0.33219804814941284
25519,58,management,divorced,university.degree,0.3321895723809276
27364,44,admin.,married,university.degree,0.3319570330739187
9834,42,management,married,university.degree,0.33193884106490534
35692,37,services,married,professional.course,0.33176848206627335
15540,60,admin.,divorced,high.school,0.3316189897655423
26845,36,admin.,single,university.degree,0.3313536671470077
17402,43,technician,divorced,high.school,0.33127236452709946
33526,32,entrepreneur,married,high.school,0.3312383374140599
28291,46,blue-collar,divorced,basic.6y,0.33110807419582555
19469,30,technician,married,high.school,0.3310865368849216
29007,53,admin.,single,basic.6y,0.3309295381052072
35050,44,admin.,married,basic.9y,0.33081120520413543
14976,33,management,married,university.degree,0.33055109789076104
33527,38,admin.,divorced,university.degree,0.3305178191349978
28399,45,admin.,married,high.school,0.33044883058920077
14406,39,admin.,married,university.degree,0.3301443511207298
7465,26,admin.,single,high.school,0.33001196230875524
40006,31,technician,single,university.degree,0.32986654900657114
30817,39,services,divorced,professional.course,0.32981971041103675
20083,44,admin.,married,high.school,0.32973309368625964
14880,25,management,married,basic.6y,0.3296369454996276
32799,50,blue-collar,divorced,basic.6y,0.32960475722775867
28198,36,blue-collar,married,basic.9y,0.32952667840658856
33211,24,student,single,basic.4y,0.3294977548112106
27363,37,technician,divorced,high.school,0.329360444404841
21104,35,admin.,divorced,university.degree,0.32935312868737626
35003,45,blue-collar,single,high.school,0.32931570647921715
3587,45,admin.,divorced,university.degree,0.32927804988835374
16061,33,blue-collar,married,basic.6y,0.32918217807655636
31233,37,blue-collar,married,basic.6y,0.3290355274156515
18266,39,admin.,married,high.school,0.329026226561929
41155,31,housemaid,single,university.degree,0.32901509891877434
34640,31,admin.,single,high.school,0.3287752273494209
26265,29,student,single,high.school,0.3286503810971175
28481,24,services,single,high.school,0.32842189872979577
34081,33,admin.,divorced,university.degree,0.32823359247140277
20267,36,technician,married,high.school,0.3281616850361393
31168,31,blue-collar,married,basic.6y,0.3281318233970563
31324,32,admin.,married,high.school,0.3280216068441109
18566,28,admin.,single,university.degree,0.3279451691008975
16325,23,management,single,university.degree,0.3277220517536257
28915,34,entrepreneur,married,university.degree,0.3275392948707716
25131,43,entrepreneur,married,professional.course,0.32744782964425506
15263,25,services,single,basic.6y,0.32744212887739155
20570,57,admin.,married,university.degree,0.3272861150362194
19246,34,admin.,married,university.degree,0.32709129475103815
24948,33,technician,single,university.degree,0.3270694341233768
15421,57,retired,single,university.degree,0.3270016810492999
15341,27,admin.,married,university.degree,0.32647038370239523
16411,30,technician,married,basic.9y,0.32612464176022643
14473,25,technician,single,professional.course,0.32584567919222446
13628,39,blue-collar,married,basic.6y,0.32568444485685843
34468,24,self-employed,single,university.degree,0.3255874356362133
20178,50,management,married,university.degree,0.3255298509875854
30781,33,services,married,professional.course,0.3255254464417455
24939,39,entrepreneur,married,university.degree,0.3254608353090411
25434,29,admin.,single,university.degree,0.32542916279452755
25504,35,self-employed,single,university.degree,0.3251929147477322
40863,30,self-employed,single,basic.9y,0.325179082414836
28468,35,blue-collar,married,basic.9y,0.3251447354843394
5986,34,blue-collar,married,basic.9y,0.32497253441634305
35779,25,blue-collar,single,basic.9y,0.32493005728657587
12873,34,technician,single,university.degree,0.32485838041708354
13309,29,admin.,married,university.degree,0.3247606714912725
31427,33,services,married,high.school,0.3245977903067873
26168,35,housemaid,single,basic.4y,0.32449052045335924
29910,41,blue-collar,married,professional.course,0.3244642586854052
27986,40,blue-collar,single,basic.9y,0.32435377805288995
14897,43,blue-collar,single,basic.6y,0.3243084131222516
34354,27,blue-collar,married,basic.9y,0.3239355133166245
29157,34,entrepreneur,married,university.degree,0.3238690204353326
35652,39,technician,married,professional.course,0.3238065015900101
26283,36,admin.,single,university.degree,0.32365362619999405
14042,28,admin.,single,university.degree,0.32364474712376023
33496,40,services,single,high.school,0.3236094648886441
20485,42,self-employed,married,university.degree,0.3234082545802343
17994,25,services,single,high.school,0.3234066706031016
35247,30,blue-collar,married,professional.course,0.3233827277624814
30741,31,services,single,basic.9y,0.32316402460491744
34850,32,blue-collar,married,basic.4y,0.3231397997087923
18165,34,self-employed,single,university.degree,0.32312324862449127
18174,34,self-employed,single,university.degree,0.32312324862449127
35738,44,unemployed,married,basic.9y,0.3228738328632281
35319,47,technician,divorced,university.degree,0.32286957368072977
35273,27,admin.,married,basic.6y,0.32277565614304266
19150,50,self-employed,married,basic.4y,0.32264304400191185
26886,37,management,married,unknown,0.32255470324617114
14866,21,admin.,single,high.school,0.3224921166863222
28465,46,blue-collar,divorced,basic.9y,0.32235909953095576
17822,35,admin.,married,professional.course,0.32232666023498224
17159,51,blue-collar,married,basic.4y,0.3221540109716313
14644,33,services,married,high.school,0.322080612028304
33544,32,technician,single,high.school,0.3218826111150659
28095,36,blue-collar,married,basic.9y,0.3218559721246546
32617,32,self-employed,single,university.degree,0.32163017378067305
22409,37,self-employed,married,basic.9y,0.32153717675894883
12818,33,services,married,high.school,0.3214695569664997
32826,39,blue-collar,single,basic.9y,0.32146853033429656
32682,39,blue-collar,single,basic.9y,0.32146853033429656
21202,29,admin.,married,high.school,0.32144027986476564
34510,33,services,single,high.school,0.32140925059669945
26747,49,unemployed,unknown,high.school,0.3213209304589107
12849,30,admin.,single,high.school,0.32126132736324065
28049,50,self-employed,single,basic.9y,0.3212093628194805
29946,39,blue-collar,married,basic.4y,0.3210987513223528
32550,28,unemployed,married,basic.9y,0.32101030190504715
19638,41,self-employed,married,university.degree,0.32096650322229714
35673,32,management,single,university.degree,0.3208717125740295
28501,46,blue-collar,divorced,basic.9y,0.32078613291950325
33217,59,blue-collar,married,basic.9y,0.3206885697488081
34650,33,admin.,single,university.degree,0.3206353736930811
27197,41,admin.,divorced,high.school,0.32056222391437905
20191,29,admin.,married,university.degree,0.3204435279201671
29817,42,services,married,university.degree,0.3204147192597893
29143,33,blue-collar,single,basic.9y,0.3203602774210463
14537,34,management,divorced,university.degree,0.3203299826339889
27040,32,self-employed,married,university.degree,0.3202928725414197
28515,45,admin.,single,basic.9y,0.3202513382031578
33513,33,blue-collar,single,basic.4y,0.3202213027967401
15391,26,blue-collar,single,high.school,0.32011895337307805
17424,59,retired,married,basic.9y,0.32008179899327865
11983,34,technician,married,professional.course,0.32007297900195625
10961,29,entrepreneur,single,professional.course,0.3200227561525505
20206,39,management,married,university.degree,0.3200116449573825
18041,23,services,married,high.school,0.3200002971645249
24066,30,admin.,married,university.degree,0.319962184858935
32388,51,management,married,university.degree,0.3198788176907158
13493,26,admin.,single,high.school,0.31970549006192095
14183,35,technician,single,professional.course,0.31966705311339194
16420,30,admin.,single,high.school,0.31966368673298445
34148,27,technician,single,professional.course,0.3196462552877178
15144,32,admin.,single,university.degree,0.31952907314840456
8151,30,technician,single,university.degree,0.31951759681646086
33486,34,technician,married,professional.course,0.3194796764000351
33521,35,blue-collar,married,high.school,0.3193760318966003
13909,33,admin.,married,high.school,0.3192355609934665
22570,37,self-employed,married,basic.9y,0.3192134215293382
29046,29,admin.,married,university.degree,0.3192073732049566
16213,39,blue-collar,married,basic.9y,0.31919581939612385
20808,46,retired,married,basic.9y,0.31904395800929286
18627,36,admin.,married,university.degree,0.3190279437498853
7598,49,entrepreneur,married,university.degree,0.3189969209670457
20215,30,admin.,married,high.school,0.31897623273865156
14269,51,admin.,married,university.degree,0.3189224968075326
40572,37,admin.,married,university.degree,0.3188079948208127
34370,27,admin.,married,professional.course,0.3187808992482678
34545,27,admin.,married,professional.course,0.3187808992482678
20222,53,blue-collar,married,basic.4y,0.3186305084491928
8450,31,blue-collar,single,high.school,0.31847230874863935
34489,24,admin.,single,high.school,0.31846846863886236
26594,33,admin.,single,high.school,0.31845735900671085
16163,25,blue-collar,single,high.school,0.31835803737121593
14396,51,admin.,married,university.degree,0.3183131291560683
30386,32,blue-collar,married,professional.course,0.31824714721945674
22404,35,self-employed,married,basic.9y,0.3181845825791146
26272,31,management,single,university.degree,0.3181565761094182
36203,22,student,single,basic.9y,0.3181206519044793
30880,39,blue-collar,married,basic.6y,0.31809529587347407
30969,43,blue-collar,married,basic.9y,0.3180907342216666
16234,33,technician,single,professional.course,0.3179870295458243
27062,29,technician,single,university.degree,0.3179727640348542
17891,55,retired,married,professional.course,0.31794024908548096
26520,46,management,single,university.degree,0.3179001934229328
34399,37,blue-collar,married,basic.4y,0.3176696899585754
13044,31,admin.,single,high.school,0.31763221267631186
12098,28,technician,single,university.degree,0.3176240679862961
29034,55,blue-collar,married,basic.4y,0.3176213889822317
32466,34,admin.,single,university.degree,0.31757509994559324
19577,59,retired,married,high.school,0.3174672530673585
33754,34,blue-collar,married,high.school,0.31740449491450545
12669,38,admin.,married,professional.course,0.3173948986889326
20554,34,technician,single,university.degree,0.31736433781720363
31038,40,admin.,married,professional.course,0.3173401839096003
33953,39,technician,single,professional.course,0.317327642456714
25854,31,blue-collar,single,high.school,0.31714572138589925
5871,39,blue-collar,married,basic.9y,0.3171417803838624
32372,35,entrepreneur,married,university.degree,0.31710754918538653
11349,39,technician,married,professional.course,0.3169812627678258
31940,30,services,single,high.school,0.3168948222935259
31337,33,blue-collar,married,basic.9y,0.3168284422120152
26386,57,technician,married,professional.course,0.31679018223051686
13970,40,blue-collar,married,basic.9y,0.31656492769618255
13921,39,services,married,high.school,0.31656299689351486
29025,55,management,married,university.degree,0.3165418869902508
14639,34,technician,single,professional.course,0.3165321609253687
18023,25,services,single,high.school,0.31634789549093084
13155,33,self-employed,married,university.degree,0.31628690947382343
33261,31,blue-collar,married,basic.9y,0.31612675709716725
22066,56,self-employed,married,basic.9y,0.31598470422416386
23351,48,admin.,married,university.degree,0.3159675567453113
22608,35,management,married,university.degree,0.31595570366904896
20569,33,technician,married,university.degree,0.31594777887314374
31346,27,admin.,married,high.school,0.31592564316043903
29843,31,services,married,basic.9y,0.3159217167722064
35219,25,blue-collar,single,basic.4y,0.3158147759319458
19433,39,technician,married,high.school,0.3156786837015047
30630,44,self-employed,married,high.school,0.3156198048442922
35906,26,admin.,single,university.degree,0.31560215369930783
34506,57,admin.,married,basic.9y,0.3152537663414163
26893,57,admin.,divorced,university.degree,0.3151912186115932
36109,41,blue-collar,married,basic.9y,0.31515204280509523
22890,35,management,married,university.degree,0.3151160307813945
33438,32,technician,single,high.school,0.315032474056055
31781,56,blue-collar,married,basic.9y,0.3149079110671819
29146,49,management,married,university.degree,0.31456357030478244
19912,30,technician,single,professional.course,0.3143799106333571
15464,51,services,married,basic.4y,0.3142285695091092
26167,37,admin.,single,university.degree,0.3142136218086416
35735,36,admin.,married,high.school,0.31410658689062465
34190,36,technician,single,professional.course,0.31407110585126197
26786,29,services,married,basic.9y,0.3140427588232751
13561,23,blue-collar,single,high.school,0.31401899278013984
22907,45,management,married,university.degree,0.3138465009125186
29363,39,management,single,university.degree,0.31380188339658427
16625,32,services,single,basic.9y,0.31376448697480624
33196,38,entrepreneur,married,unknown,0.31375865737298275
32217,37,blue-collar,married,basic.9y,0.31373316184180866
13393,34,blue-collar,single,basic.9y,0.3136416501552592
22866,37,technician,married,university.degree,0.31362206616836585
29634,37,technician,single,professional.course,0.31361436023069034
20516,42,admin.,single,university.degree,0.313602962855308
32389,31,management,married,university.degree,0.31333043339291267
15049,29,admin.,single,university.degree,0.31328145413286324
32615,26,student,single,high.school,0.3129377778769235
8516,38,unknown,married,basic.6y,0.31288097750030147
30864,36,retired,single,university.degree,0.312783563348582
15368,29,admin.,single,high.school,0.31273108959313944
34295,26,blue-collar,single,basic.9y,0.31266107084307887
32172,38,blue-collar,married,basic.9y,0.31256714800523416
12956,33,blue-collar,single,basic.9y,0.31253794944227964
35501,23,blue-collar,single,high.school,0.31253398933194115
15871,58,management,married,university.degree,0.31249284088674983
17679,49,blue-collar,divorced,basic.6y,0.3124918161749743
18897,33,technician,divorced,professional.course,0.312472874363928
12874,34,technician,single,university.degree,0.3124436533154965
29148,53,admin.,married,basic.6y,0.31226148472211607
29521,34,admin.,married,basic.9y,0.3121256058922264
35292,60,retired,divorced,high.school,0.3119636879211425
35750,47,services,married,high.school,0.3117233008200173
32064,31,management,divorced,university.degree,0.3116537560688765
12382,38,admin.,divorced,high.school,0.3116388128147732
18860,55,blue-collar,married,basic.4y,0.3116341865795076
12676,36,admin.,married,high.school,0.3115831316202114
35684,46,admin.,single,university.degree,0.3115773340816111
22634,41,self-employed,married,basic.9y,0.3115166425185842
18580,36,admin.,married,high.school,0.3115030192724318
10899,35,entrepreneur,single,professional.course,0.31149145560484426
34307,26,management,married,university.degree,0.31148493370982444
32773,50,blue-collar,married,basic.4y,0.31132203898833827
19199,34,technician,single,university.degree,0.31129596734787435
16926,21,unemployed,married,high.school,0.3111857454929925
28551,36,self-employed,divorced,basic.9y,0.3110859730620155
20502,39,self-employed,married,basic.9y,0.31108025617405777
39933,25,services,single,basic.9y,0.3110478425335305
24566,30,admin.,single,university.degree,0.31098566165556457
12893,37,blue-collar,single,basic.6y,0.3109149697294666
15130,58,retired,married,high.school,0.3109100010491506
12866,29,admin.,married,high.school,0.3108837964226265
15493,33,admin.,married,high.school,0.3108203658843463
25025,30,management,single,high.school,0.3107512362124133
20452,36,technician,single,professional.course,0.31059973582891626
26408,31,entrepreneur,single,university.degree,0.3105982453838089
12398,30,technician,single,professional.course,0.3105648164111851
14191,33,blue-collar,married,high.school,0.3104581526670499
32673,27,self-employed,married,university.degree,0.31033668070448217
21222,38,admin.,married,university.degree,0.31019190877597774
33727,43,self-employed,single,high.school,0.3100864674037532
29639,46,services,married,high.school,0.3100204591769245
20153,39,management,married,university.degree,0.3100055894417799
21464,49,admin.,married,high.school,0.30981129455330825
36223,27,technician,single,university.degree,0.3098020050677455
15305,22,admin.,single,high.school,0.30976146044061836
26341,32,technician,single,university.degree,0.3095076608844588
21373,49,technician,married,high.school,0.30946318361601954
28430,46,technician,single,basic.9y,0.3093797130150235
13685,28,admin.,single,high.school,0.30937644949979615
15653,28,technician,married,basic.9y,0.3093500422767118
30621,44,self-employed,single,professional.course,0.30926647775461147
31166,45,unemployed,divorced,high.school,0.30916774687277104
10264,32,admin.,divorced,university.degree,0.30912352977155394
17871,38,unemployed,married,basic.4y,0.3091104853035542
19017,52,admin.,married,unknown,0.30908355513557045
30792,44,blue-collar,married,basic.4y,0.3090821506502582
33058,32,admin.,married,professional.course,0.3087949441684852
9661,34,technician,married,university.degree,0.3087343802740808
13242,23,blue-collar,married,basic.9y,0.3087028714265564
13787,41,admin.,married,high.school,0.30866823749076083
25571,30,blue-collar,single,university.degree,0.30845928532917827
8294,30,technician,single,university.degree,0.30823597382006596
35515,37,blue-collar,married,basic.4y,0.30822691938728025
25767,51,entrepreneur,divorced,university.degree,0.3081929609823578
14007,45,blue-collar,married,basic.6y,0.3081703656970934
29544,40,blue-collar,married,basic.6y,0.3081555916973037
22082,43,admin.,married,university.degree,0.30805769659434334
14051,35,blue-collar,married,basic.6y,0.30785524070080755
9231,40,blue-collar,married,basic.4y,0.3078489730888072
14282,49,blue-collar,divorced,basic.6y,0.3078372535743602
34099,26,blue-collar,single,professional.course,0.3077882583467349
32671,26,blue-collar,married,basic.6y,0.30771316162650914
30882,37,services,single,basic.9y,0.3076987323321553
28118,49,services,married,basic.6y,0.307581598911533
18110,28,self-employed,married,university.degree,0.3075751718360692
14843,31,admin.,single,high.school,0.3075574284858623
29449,39,blue-collar,married,basic.4y,0.30749768829637636
18104,47,unknown,married,unknown,0.3074961416723123
23283,45,technician,married,professional.course,0.3074788998515738
20887,34,admin.,single,university.degree,0.30744187648557425
35481,57,services,married,high.school,0.30739855649731906
29898,38,technician,single,professional.course,0.30737909334697233
23769,35,technician,married,high.school,0.30734271601983515
11946,36,technician,married,basic.9y,0.30717589295044606
16209,27,admin.,single,university.degree,0.3067054830426546
19740,33,self-employed,married,university.degree,0.3066809323936943
15917,57,admin.,married,university.degree,0.30662482372445565
28345,43,services,married,high.school,0.3066087281511237
26356,31,admin.,single,university.degree,0.30651378770469545
22810,48,services,married,basic.9y,0.3063525052252217
14799,56,admin.,married,high.school,0.30634070030954963
12360,33,technician,married,basic.9y,0.30624103989129187
26451,46,entrepreneur,divorced,high.school,0.30613547595966356
16973,57,blue-collar,married,basic.4y,0.3060756476003503
24910,52,admin.,single,basic.9y,0.3060159953928464
27259,52,technician,divorced,university.degree,0.305871858521736
19079,53,technician,married,high.school,0.3058671380533972
19080,53,technician,married,high.school,0.3058671380533972
32076,38,services,married,high.school,0.3058516435124001
8655,38,admin.,married,high.school,0.3056245691537416
32060,41,technician,married,university.degree,0.30554432124890557
22994,34,technician,married,high.school,0.3054717210682283
24461,50,entrepreneur,married,university.degree,0.30539008894865016
17433,55,admin.,married,university.degree,0.30527149182617924
12920,34,blue-collar,married,basic.9y,0.30516170904771367
13980,32,technician,married,unknown,0.30509052399537046
33626,27,admin.,single,high.school,0.304963341626419
34023,24,blue-collar,divorced,basic.9y,0.3049588540314142
11247,28,blue-collar,married,high.school,0.3048568162682088
23292,44,technician,married,professional.course,0.3047829053808114
33418,33,blue-collar,married,basic.9y,0.30478048533559327
28355,46,services,married,high.school,0.3047365669113524
16914,27,services,single,high.school,0.3046056733053947
14887,52,admin.,married,high.school,0.30449227708494775
14855,52,admin.,married,high.school,0.3044912437460304
19778,46,entrepreneur,married,basic.9y,0.30433059037199567
33586,33,blue-collar,single,basic.4y,0.3042580914099922
4716,55,admin.,divorced,university.degree,0.3042283540049947
10925,28,management,single,basic.9y,0.30416479998674345
19685,45,admin.,married,basic.9y,0.3041096311613876
14867,34,admin.,married,high.school,0.3039986955760198
17268,45,blue-collar,married,basic.4y,0.3039905791240172
12647,37,blue-collar,single,basic.6y,0.3038606094700087
19440,46,management,married,high.school,0.3037583780368289
19180,51,admin.,married,high.school,0.30364072829641875
35660,38,admin.,single,university.degree,0.30361635293924705
23409,44,admin.,married,basic.9y,0.3035805913929413
17714,50,management,divorced,high.school,0.3035286120464933
26661,41,admin.,single,university.degree,0.30350607271491786
35106,32,technician,single,university.degree,0.3033415337252313
11559,41,blue-collar,married,professional.course,0.3032498415096595
21137,29,technician,single,high.school,0.30314712915031916
8622,56,admin.,married,university.degree,0.3031210437264292
25851,39,admin.,married,university.degree,0.30305142011485076
12512,52,management,married,university.degree,0.30302210815005737
10942,29,self-employed,married,professional.course,0.30299642174952035
16493,24,blue-collar,single,basic.9y,0.3027707110533145
34951,56,services,married,high.school,0.3026801514566467
32959,55,management,married,university.degree,0.30253078635792036
32430,48,admin.,married,basic.9y,0.3023248141446788
33075,36,admin.,single,university.degree,0.3022653821973036
13906,55,entrepreneur,married,professional.course,0.3022103621021508
13570,54,retired,married,high.school,0.3021919084738071
25550,32,technician,single,professional.course,0.3021359045711346
23136,50,technician,married,university.degree,0.30203240154138983
32053,36,blue-collar,married,basic.9y,0.3019704008433901
10816,30,management,single,university.degree,0.3018713316509831
19032,48,blue-collar,married,basic.9y,0.3017420583245701
40787,33,admin.,married,university.degree,0.301687005029974
31978,35,technician,single,professional.course,0.3015648946563596
26607,30,services,married,high.school,0.3013588025797243
26858,30,services,married,high.school,0.3013588025797243
15245,33,admin.,married,university.degree,0.3012939163657166
14824,24,blue-collar,divorced,high.school,0.30127610095564955
31505,34,services,married,high.school,0.3012243455599404
16961,43,entrepreneur,married,high.school,0.30115632517429175
25310,30,management,single,high.school,0.3010233737919693
16814,36,admin.,married,university.degree,0.30101679645790663
35543,33,technician,married,professional.course,0.3008840605639871
31165,41,blue-collar,single,basic.9y,0.300846069723961
23058,46,admin.,married,basic.9y,0.3008326159592604
20621,32,admin.,married,university.degree,0.3008007143808238
34021,53,blue-collar,divorced,unknown,0.3007083525118854
20293,39,technician,married,university.degree,0.30064053126501356
18221,31,blue-collar,single,basic.9y,0.3006099799257268
32078,31,blue-collar,married,basic.6y,0.30048590112919393
33444,45,admin.,married,high.school,0.3001527741893395
15567,53,blue-collar,married,basic.4y,0.29991198178686984
27055,43,admin.,single,university.degree,0.2998662935713926
35134,35,admin.,married,high.school,0.29984499374205525
15986,31,blue-collar,single,high.school,0.29980449400316084
31136,31,blue-collar,single,high.school,0.29975265368035175
27144,32,technician,single,university.degree,0.2997514817132195
7940,39,admin.,single,university.degree,0.2995983293572684
13945,29,services,single,high.school,0.299576067343223
17177,41,self-employed,married,basic.9y,0.29953817819070744
28110,47,technician,married,high.school,0.29950079772396765
16883,29,entrepreneur,married,high.school,0.29947177281173676
19432,30,self-employed,single,university.degree,0.29934384204114517
26839,35,blue-collar,married,basic.9y,0.2992766409132154
31234,31,admin.,married,unknown,0.2991381392920835
29070,46,blue-collar,married,unknown,0.29901645564078744
26635,34,technician,married,professional.course,0.2990061066185389
12606,47,technician,married,professional.course,0.2989592439005822
31773,28,admin.,single,high.school,0.2989471911663835
30906,36,blue-collar,married,basic.4y,0.29891550956834423
13802,24,services,single,university.degree,0.2987920724659476
35103,37,unemployed,married,university.degree,0.2987228372686671
35918,44,blue-collar,single,professional.course,0.29871295452176105
19710,44,self-employed,married,university.degree,0.29870671151812467
35238,23,blue-collar,married,high.school,0.2986557934860994
14576,35,blue-collar,divorced,basic.9y,0.2986440692499855
18116,30,blue-collar,married,basic.9y,0.2984361353814419
28728,27,admin.,single,high.school,0.2982938856904162
23235,58,retired,married,basic.4y,0.2981525469118561
14264,28,admin.,single,high.school,0.2979990544573998
13792,42,blue-collar,married,basic.9y,0.2979859734790443
35811,58,management,divorced,university.degree,0.29791090372941337
26468,30,self-employed,single,university.degree,0.2979076132447884
26385,32,unemployed,single,high.school,0.2977541594080788
16672,57,blue-collar,married,basic.6y,0.2975661153945769
25536,30,admin.,single,high.school,0.29751665921556136
35527,24,blue-collar,single,basic.9y,0.29741937451827566
14448,23,blue-collar,single,basic.9y,0.2973336707258925
28064,49,self-employed,divorced,unknown,0.29707308061598586
23295,51,admin.,married,university.degree,0.29703846073226353
33057,46,services,divorced,high.school,0.29703700425140966
18069,58,entrepreneur,married,university.degree,0.2969866414034584
8517,41,admin.,married,university.degree,0.2968682774803135
29781,31,services,married,basic.9y,0.2968250348333784
30997,37,blue-collar,married,basic.6y,0.2967337241206279
10252,35,entrepreneur,married,basic.6y,0.29660657515097893
9781,32,admin.,married,high.school,0.2964859766622477
26195,53,blue-collar,married,basic.9y,0.2964770743067183
31194,48,blue-collar,married,basic.4y,0.29645291405462
31298,44,admin.,single,high.school,0.29643288936148193
22825,59,retired,married,unknown,0.2964255788799844
16375,35,admin.,married,professional.course,0.2963897651734964
21370,35,admin.,single,university.degree,0.29633081145964685
6872,24,blue-collar,single,basic.9y,0.2963214675156869
34728,31,admin.,single,university.degree,0.29618889878471366
14386,31,admin.,single,high.school,0.29608774212727157
35605,42,technician,single,university.degree,0.2960567571017877
29178,42,admin.,divorced,university.degree,0.29604289127358774
15698,34,admin.,married,high.school,0.2959032913776855
13843,42,blue-collar,married,basic.4y,0.29579783130959053
29160,43,blue-collar,married,basic.6y,0.295741645781892
2700,29,admin.,single,university.degree,0.2956991735313171
39934,33,management,single,high.school,0.2955755343645199
12748,29,admin.,single,high.school,0.2955675892172634
17567,53,admin.,married,university.degree,0.29543895881835047
10168,45,blue-collar,single,basic.6y,0.2953823990134746
35333,37,technician,single,professional.course,0.2953789114995361
27070,38,admin.,divorced,high.school,0.2953005584729976
14972,32,admin.,single,high.school,0.29529962005672006
27167,55,admin.,single,university.degree,0.2952481397121792
26452,38,self-employed,married,professional.course,0.2952458634722852
20263,40,technician,married,professional.course,0.29520214667870376
35555,25,blue-collar,single,basic.9y,0.2950229816009028
12627,41,services,married,basic.9y,0.2950038193404875
13460,27,admin.,single,university.degree,0.2949416111019016
12385,59,retired,married,professional.course,0.2948897142153928
33947,33,blue-collar,single,basic.4y,0.2947522979895404
29614,31,services,divorced,high.school,0.2947379531953454
33900,33,technician,single,professional.course,0.29461273338369953
15796,43,services,married,high.school,0.29456376967646103
22701,32,technician,married,professional.course,0.29451076945994836
20449,32,admin.,single,university.degree,0.2942395078483957
26907,55,admin.,married,unknown,0.2941698529705718
31829,34,services,single,high.school,0.2941195082221608
26936,29,admin.,single,high.school,0.29404810386719876
22555,29,admin.,married,university.degree,0.29390115340420647
26425,50,admin.,single,university.degree,0.2938356595952171
26429,44,admin.,single,university.degree,0.2937067032299183
14246,26,technician,single,high.school,0.2935431208415454
33363,35,blue-collar,married,basic.9y,0.2933674769609185
29933,38,services,married,high.school,0.29335108767955614
13090,29,technician,single,university.degree,0.2932804783509679
31730,35,blue-collar,married,basic.4y,0.29319835583799486
15133,33,technician,divorced,university.degree,0.29311113574883535
14993,30,admin.,married,basic.6y,0.2930837604682069
18410,22,unemployed,single,high.school,0.2929563247491267
2365,25,technician,single,university.degree,0.29285489203151727
29536,36,admin.,married,high.school,0.2927635817223356
29822,52,entrepreneur,married,basic.9y,0.2927456429632306
12911,20,blue-collar,married,basic.4y,0.2927125948632763
33630,33,blue-collar,single,university.degree,0.29253143555155786
32423,41,services,single,high.school,0.29251003879887955
20762,31,technician,single,high.school,0.2925003960664849
29878,50,admin.,married,high.school,0.2924059799529993
13654,40,retired,divorced,basic.4y,0.29223384213287157
33928,28,admin.,married,high.school,0.2921476774137702
29450,40,blue-collar,married,basic.6y,0.29213673714074123
13747,29,entrepreneur,married,professional.course,0.29212081351664476
23644,42,housemaid,married,university.degree,0.291958988013349
18511,34,unemployed,married,high.school,0.2919012688333656
28140,55,technician,married,professional.course,0.2918556325696942
16612,29,blue-collar,married,basic.9y,0.2917779071956745
25976,35,technician,single,basic.9y,0.2916695408966795
28108,44,management,divorced,university.degree,0.29163131069756487
13056,43,blue-collar,divorced,basic.9y,0.29139137843743024
8609,25,student,single,high.school,0.29129230361233155
33821,31,blue-collar,married,basic.4y,0.2912516316610605
13919,38,entrepreneur,married,basic.9y,0.2912431174519464
13367,40,services,married,high.school,0.2911657431124853
20586,47,admin.,divorced,high.school,0.29115981376696515
8598,38,blue-collar,married,basic.6y,0.2910846218191399
12386,33,self-employed,married,basic.9y,0.29108300160279904
15879,30,management,single,university.degree,0.29100134405705497
14359,32,management,married,professional.course,0.2907518101134967
23314,55,services,married,high.school,0.2907307076276534
32828,54,blue-collar,married,basic.4y,0.2906341712336678
13295,28,entrepreneur,married,university.degree,0.29054380942401736
34513,28,blue-collar,married,basic.9y,0.29053723723988756
28870,45,blue-collar,married,unknown,0.29031748815836805
27414,56,blue-collar,divorced,high.school,0.29026837099788133
27041,50,blue-collar,married,university.degree,0.2902006962828506
32337,44,services,single,high.school,0.2901592056835131
10143,56,blue-collar,married,basic.4y,0.290137591966668
13918,33,services,married,high.school,0.29005314038425145
31513,34,services,married,high.school,0.2899905480541529
29431,46,entrepreneur,single,university.degree,0.2899364638381677
20119,39,technician,married,university.degree,0.2898979325235912
29852,35,services,married,high.school,0.28986150476522166
14846,31,unemployed,single,high.school,0.2897826943289123
2842,41,admin.,single,high.school,0.2894272230749367
27288,42,admin.,married,university.degree,0.28939981942639104
14784,32,admin.,single,high.school,0.2893224428518479
26333,31,services,single,high.school,0.28929331405966496
8008,58,retired,married,basic.9y,0.28928493968073143
12947,27,admin.,single,high.school,0.28916841809884614
27117,31,unemployed,single,university.degree,0.2891220893063146
26762,48,admin.,divorced,high.school,0.2890788589044151
22104,46,self-employed,married,university.degree,0.2890041435663325
19639,34,technician,single,professional.course,0.28895811830785495
40826,51,admin.,divorced,high.school,0.28880735598875873
25454,49,management,divorced,university.degree,0.28879865410961736
16809,33,technician,single,high.school,0.2886984839999353
34496,36,management,married,university.degree,0.2885546079277507
22199,48,blue-collar,married,basic.9y,0.28850719204482816
32027,25,services,single,high.school,0.28847530195609866
1665,60,retired,married,high.school,0.28825045311371567
31442,29,blue-collar,single,professional.course,0.2882217695449206
15823,33,admin.,married,basic.9y,0.2881853772367845
34084,39,blue-collar,single,university.degree,0.28813873288968733
34371,32,blue-collar,married,professional.course,0.28794772561588045
31312,31,blue-collar,single,basic.9y,0.28784096105227674
10890,43,blue-collar,married,basic.6y,0.2878197427448515
31179,47,blue-collar,married,basic.4y,0.28779007003543944
19107,50,blue-collar,married,basic.4y,0.28770562091262314
29871,24,technician,single,professional.course,0.28767887519989793
33927,48,blue-collar,married,basic.9y,0.28766047967611885
20185,44,management,married,university.degree,0.2876267521243869
20538,56,admin.,married,university.degree,0.2876125149413694
16155,31,technician,single,professional.course,0.287610475764522
29387,39,admin.,married,university.degree,0.287573674719795
5762,27,blue-collar,married,basic.9y,0.28735066995711606
29777,36,admin.,married,high.school,0.28719742905955914
34600,28,technician,married,university.degree,0.2871587357761523
29694,30,admin.,single,high.school,0.2871575808251807
18147,52,admin.,married,basic.9y,0.28707771003010885
16806,57,self-employed,married,university.degree,0.28706033291767613
14083,56,management,married,basic.6y,0.2870343562517237
15564,26,services,single,high.school,0.2868828047014224
8991,45,blue-collar,married,basic.6y,0.28681090446357016
14504,31,technician,single,professional.course,0.2868034930785827
16424,39,admin.,married,basic.6y,0.2867853899584182
18299,51,management,married,basic.9y,0.2866070167319517
30632,39,unemployed,single,basic.9y,0.28657855483071276
12500,28,admin.,single,university.degree,0.28656153614590546
23199,46,entrepreneur,married,high.school,0.2863989024299839
30756,35,blue-collar,divorced,high.school,0.2862784965381053
14654,55,blue-collar,married,basic.6y,0.28622552373660526
35618,32,admin.,divorced,university.degree,0.2860780889301839
27503,53,self-employed,married,university.degree,0.28605841028993856
34159,42,services,married,high.school,0.28603564779952156
34544,27,admin.,married,professional.course,0.28597750424195106
35372,54,management,married,university.degree,0.28595768937610344
11183,46,blue-collar,married,basic.4y,0.2859428998458857
11215,30,admin.,married,high.school,0.2859412592324721
35008,58,admin.,married,basic.4y,0.28566486154587006
29473,31,blue-collar,married,basic.9y,0.2856559381611749
32801,31,technician,single,professional.course,0.2856363541637206
16886,53,unknown,single,unknown,0.28556800253621256
8865,39,blue-collar,married,basic.6y,0.28553428611259585
33705,29,admin.,single,basic.9y,0.28546700436277395
17690,55,blue-collar,divorced,basic.4y,0.28543635452249877
27535,37,self-employed,married,university.degree,0.28537981296577586
19043,42,technician,married,high.school,0.2853508878033695
28634,39,management,single,university.degree,0.2853494893895462
12797,34,management,single,unknown,0.2853153264502703
13687,30,entrepreneur,single,university.degree,0.28526570523217076
4889,58,admin.,divorced,university.degree,0.2852511631574155
26252,30,entrepreneur,single,university.degree,0.28513157441917936
14044,32,blue-collar,married,basic.9y,0.2850250901837845
9598,26,student,single,high.school,0.28487661337854714
9572,26,student,single,high.school,0.28487661337854714
18059,28,self-employed,married,university.degree,0.2848472874060733
18065,28,self-employed,married,university.degree,0.2848472874060733
29005,45,blue-collar,married,unknown,0.2848078319763555
29139,45,blue-collar,married,unknown,0.2848078319763555
10536,35,entrepreneur,married,basic.6y,0.28474320875651843
17641,45,self-employed,divorced,university.degree,0.2846673440469108
25422,56,management,divorced,university.degree,0.2846292438175151
29423,32,technician,divorced,basic.9y,0.28460887102420884
20604,29,technician,unknown,high.school,0.2845736413416631
35013,39,self-employed,married,basic.9y,0.28456737877555777
26248,56,housemaid,married,basic.9y,0.28448824570099224
20237,34,technician,single,university.degree,0.28424217483741715
13916,30,admin.,single,university.degree,0.2842030142160656
17500,37,admin.,married,university.degree,0.2841551799300268
34142,38,blue-collar,single,basic.9y,0.2841151947332201
16409,26,admin.,single,university.degree,0.2839452588827731
3012,29,admin.,single,high.school,0.2839397142215902
35650,28,technician,single,professional.course,0.28388817005416006
28797,38,admin.,married,high.school,0.2838841492651616
9812,57,blue-collar,married,basic.4y,0.28387455918416626
35433,44,blue-collar,single,basic.9y,0.28386223692032
16399,23,admin.,single,professional.course,0.28374299399894237
8630,34,technician,divorced,basic.9y,0.28373361348991943
17203,48,blue-collar,married,basic.4y,0.28366858476937357
19635,32,admin.,single,university.degree,0.2836385978702788
14063,36,blue-collar,single,high.school,0.2836233883725986
34145,49,blue-collar,married,high.school,0.28358445891367173
25971,56,entrepreneur,married,university.degree,0.28351912067990925
22015,37,admin.,married,university.degree,0.28351752283681236
33877,34,services,divorced,basic.6y,0.2833992525605593
16909,50,management,married,university.degree,0.283320508908294
28512,33,management,married,university.degree,0.2833149252618933
20624,34,admin.,single,university.degree,0.28331330676412203
22268,30,admin.,married,university.degree,0.2833006039214066
27091,34,management,married,university.degree,0.2832423111745761
8343,31,unemployed,married,basic.6y,0.2831432939103225
16943,50,management,married,professional.course,0.2831166292353474
28205,41,admin.,married,basic.6y,0.28310792106895577
16487,36,entrepreneur,married,university.degree,0.28301348856281566
19156,40,admin.,married,university.degree,0.2830010324832345
33402,59,housemaid,divorced,basic.6y,0.28294817747678264
10266,28,admin.,single,university.degree,0.28290733828030856
34576,23,technician,single,high.school,0.28271707489519604
13950,33,blue-collar,single,basic.6y,0.28264023664954435
19295,53,technician,married,high.school,0.28249367961880945
15826,39,blue-collar,married,basic.6y,0.28242678364983825
15489,33,management,single,university.degree,0.28242671924914736
34811,30,services,married,high.school,0.28232081221496996
22158,48,admin.,married,high.school,0.28228781591801444
9080,32,housemaid,single,high.school,0.28213880893403986
35222,29,blue-collar,single,basic.4y,0.2821218838555229
32202,53,admin.,married,high.school,0.28201368091363277
13622,29,blue-collar,married,basic.9y,0.28200581016027604
19893,37,technician,married,professional.course,0.2818665478654319
27555,34,admin.,married,university.degree,0.28183072327115044
33144,33,blue-collar,married,basic.4y,0.281823907456979
29059,43,blue-collar,married,high.school,0.28159087607643785
17798,53,blue-collar,divorced,basic.4y,0.2815247602314453
28688,29,blue-collar,single,basic.9y,0.28148838292979533
16205,40,blue-collar,married,high.school,0.2814711563983977
26851,30,self-employed,married,professional.course,0.2814487036691126
29321,40,services,divorced,high.school,0.2814328204747375
13894,24,blue-collar,married,basic.9y,0.28131924719941703
25560,36,admin.,divorced,high.school,0.28131922451010083
16530,37,entrepreneur,married,university.degree,0.2813139285958333
34452,45,blue-collar,married,basic.9y,0.28127765191231835
17992,48,entrepreneur,married,basic.9y,0.2811988698205651
13358,39,admin.,married,basic.9y,0.28117880390920974
34638,54,self-employed,divorced,professional.course,0.2810734089610913
31800,35,services,single,high.school,0.28099712856149334
31285,36,blue-collar,married,basic.9y,0.28099544731590653
34605,31,blue-collar,single,basic.9y,0.2809844174575043
30540,27,technician,single,university.degree,0.2809364933988381
20251,30,technician,single,university.degree,0.280904316716886
26004,35,admin.,married,professional.course,0.2808170527314222
26609,53,management,married,high.school,0.28081690658370667
27482,43,technician,married,university.degree,0.28063856809126925
23353,56,admin.,married,university.degree,0.2805871199022297
30671,44,services,married,high.school,0.2805714278770598
16376,41,blue-collar,single,basic.6y,0.28057073325315846
15736,37,technician,divorced,professional.course,0.2805490292559869
31832,32,blue-collar,married,basic.9y,0.2805286603193525
18222,31,admin.,married,high.school,0.2803872808536698
15689,37,blue-collar,single,basic.6y,0.28036074687941387
14828,29,admin.,single,university.degree,0.2803383211725124
22091,29,admin.,single,university.degree,0.2803177059142713
4018,25,services,married,high.school,0.28030505480713414
31793,45,technician,married,professional.course,0.28026188863016616
31785,45,technician,married,professional.course,0.28026188863016616
23463,43,admin.,married,university.degree,0.28009431221700964
16988,58,blue-collar,married,basic.4y,0.280043810417137
15789,55,admin.,married,university.degree,0.2799471004650476
22039,36,admin.,married,university.degree,0.2797942251400494
12749,34,admin.,married,university.degree,0.2797780422229351
21239,34,admin.,married,university.degree,0.27976668288828876
22738,42,admin.,divorced,university.degree,0.2797632302829231
34225,29,admin.,married,university.degree,0.2797555458908121
32645,32,admin.,married,high.school,0.27967102426397905
13167,24,services,single,professional.course,0.2796621917896394
13172,24,services,single,professional.course,0.2796621917896394
1011,28,admin.,single,university.degree,0.27963629647313243
13834,30,services,married,high.school,0.2796114929730526
26151,36,admin.,single,university.degree,0.2795696355251193
28808,28,technician,single,professional.course,0.27951253044665975
27493,42,technician,single,professional.course,0.2792666041537404
26949,55,admin.,married,basic.9y,0.27925274296526026
20286,34,admin.,single,university.degree,0.27924930757979394
35395,45,entrepreneur,divorced,university.degree,0.27872863421959465
19076,30,technician,married,professional.course,0.27870440479318054
11509,45,entrepreneur,married,basic.9y,0.27866560781613686
19394,32,admin.,single,university.degree,0.2786117333285036
24667,53,management,married,university.degree,0.27860245851050175
29554,33,services,married,high.school,0.2785387327734463
20029,34,entrepreneur,married,university.degree,0.2784917284800939
23162,54,admin.,married,university.degree,0.2784370549651223
23113,54,admin.,married,university.degree,0.2784370549651223
26306,36,admin.,married,high.school,0.27836641071602597
12390,34,technician,single,university.degree,0.27830507006666005
9827,39,unemployed,married,professional.course,0.2782246918191104
28133,31,technician,married,professional.course,0.2781827759928704
31042,34,housemaid,married,high.school,0.2781420103663934
31313,35,admin.,single,university.degree,0.2781378932343441
34101,32,technician,married,high.school,0.2780891070370604
6951,28,entrepreneur,married,basic.9y,0.2780716553395706
17532,37,admin.,married,university.degree,0.27798940379140274
31910,32,technician,single,professional.course,0.27790402311183426
13004,28,services,married,high.school,0.27790341427083676
31283,28,admin.,married,high.school,0.2778988605576851
12453,30,services,married,high.school,0.2778649255179327
4295,34,blue-collar,single,basic.9y,0.27774647583539486
21131,49,admin.,married,basic.9y,0.2776882625258782
7496,41,admin.,divorced,high.school,0.2776229398434124
19420,43,admin.,single,university.degree,0.2774963657056182
11530,50,blue-collar,married,basic.9y,0.2772944463027276
27035,32,admin.,single,university.degree,0.277231876311869
26232,44,technician,single,university.degree,0.27697773520933067
19461,32,technician,married,university.degree,0.276882899481326
33481,32,management,single,university.degree,0.27682122757575384
30951,44,management,married,university.degree,0.2764992555770108
12132,44,technician,married,university.degree,0.2764334693460808
14609,31,admin.,single,university.degree,0.2764151856294178
34438,26,self-employed,married,high.school,0.27636111226455007
31652,28,admin.,divorced,university.degree,0.276357651481239
12687,46,blue-collar,married,basic.6y,0.27630447901392147
3131,45,housemaid,married,basic.6y,0.27616531095953323
30865,37,management,single,university.degree,0.2761561811021359
18666,54,admin.,married,university.degree,0.27612126972485074
35047,39,admin.,married,university.degree,0.27597954418154624
17394,57,technician,married,professional.course,0.27597305123999577
14786,45,management,married,university.degree,0.27593771239879666
20378,31,unemployed,single,university.degree,0.2758787256401192
28674,54,blue-collar,married,basic.4y,0.2758062845655902
22455,48,blue-collar,married,basic.9y,0.2758004469865686
27201,52,retired,married,university.degree,0.2757941772727358
31742,41,blue-collar,married,basic.6y,0.2757836622252977
26440,38,admin.,single,university.degree,0.2757068652073478
19602,38,admin.,married,university.degree,0.27549901667110144
19599,38,admin.,married,university.degree,0.27549901667110144
27435,43,technician,single,high.school,0.2754563382946786
32667,52,blue-collar,married,basic.9y,0.275427852307174
26993,42,management,married,high.school,0.27533787678607013
23383,52,admin.,married,university.degree,0.2753276374598237
27311,51,self-employed,married,university.degree,0.2753244512755744
34064,41,blue-collar,married,basic.4y,0.2753010799901385
31571,36,admin.,single,high.school,0.27509871965264326
13320,37,blue-collar,married,basic.6y,0.27509726997061323
14545,25,admin.,single,high.school,0.27498911497492246
14266,35,self-employed,married,university.degree,0.2749358937425184
35552,29,technician,single,professional.course,0.27487544851923007
27297,31,admin.,single,university.degree,0.2748414318376649
16826,58,blue-collar,married,basic.9y,0.27480366397992984
20879,45,admin.,married,high.school,0.2746908610239622
25725,32,technician,married,university.degree,0.2746513370802227
16564,25,blue-collar,single,basic.9y,0.27450241135752745
16616,39,blue-collar,single,university.degree,0.2744869989907951
25492,38,admin.,married,high.school,0.27443234374716313
13969,50,blue-collar,divorced,basic.9y,0.2743681370053336
4584,31,blue-collar,married,basic.9y,0.2743609262898412
11170,42,blue-collar,single,basic.6y,0.27434270041108966
15792,43,blue-collar,married,high.school,0.2742634712834838
13568,25,admin.,single,high.school,0.2742601251357816
29163,35,services,divorced,high.school,0.274228637993302
2397,38,technician,single,university.degree,0.274199228114192
26207,37,management,married,unknown,0.2741891870343528
19416,42,technician,married,professional.course,0.27413797096280557
15778,27,blue-collar,single,basic.9y,0.27412982737575975
26638,29,technician,single,professional.course,0.2741063435555321
13663,30,blue-collar,single,basic.9y,0.2740824405076807
34044,49,blue-collar,divorced,high.school,0.2740599125183824
19862,52,blue-collar,married,basic.9y,0.2740303470986528
12623,28,technician,divorced,university.degree,0.27400145941329657
33260,34,self-employed,single,university.degree,0.27399637207977456
29295,47,admin.,married,basic.9y,0.27398052852456134
16881,37,blue-collar,single,basic.9y,0.2739510734971195
18446,39,entrepreneur,married,high.school,0.27394631805971026
11744,55,unknown,married,basic.4y,0.2737564709465892
17070,27,admin.,married,university.degree,0.2737480772290794
13548,25,services,single,professional.course,0.27373536793408726
21730,30,admin.,single,university.degree,0.27362421322893005
25160,30,admin.,divorced,university.degree,0.27356187996687015
31082,37,blue-collar,married,basic.9y,0.27355475034210175
55,55,technician,married,professional.course,0.2735475620658791
21292,35,admin.,single,university.degree,0.2735273677830602
13560,30,admin.,married,high.school,0.27347928975492625
34972,39,blue-collar,married,basic.9y,0.2734407465367534
26619,51,admin.,divorced,high.school,0.27320765383526635
36145,34,admin.,married,university.degree,0.27313654913220925
14037,33,blue-collar,single,basic.6y,0.2731337107447828
16996,50,management,married,university.degree,0.2729778150623407
27510,51,admin.,divorced,basic.9y,0.27293094209216906
15478,24,blue-collar,single,basic.9y,0.2729005275493361
18483,34,technician,married,university.degree,0.27276694986307914
33485,27,technician,single,professional.course,0.2727648985388173
21090,54,self-employed,married,high.school,0.2726975673077893
17860,35,admin.,married,professional.course,0.27259174092338645
13653,39,blue-collar,married,university.degree,0.2725473385354162
31054,38,technician,married,university.degree,0.2725112599488016
8476,28,blue-collar,single,basic.9y,0.2724765403823599
14848,37,services,divorced,basic.9y,0.27241660557199443
32790,27,blue-collar,married,basic.9y,0.2723508689169844
15899,46,services,married,high.school,0.27233485116749145
29862,57,self-employed,married,basic.4y,0.27219329975024015
18248,23,services,single,high.school,0.27218190639027623
17025,25,technician,divorced,high.school,0.27210620077159375
33477,43,blue-collar,married,basic.4y,0.27208058490923054
33199,29,student,single,high.school,0.2720359527038442
22849,51,services,married,high.school,0.27197790679901623
34536,35,blue-collar,married,basic.9y,0.27193477109103253
28776,29,services,single,basic.9y,0.2717944427253621
22737,39,technician,married,professional.course,0.2717663824006238
9427,25,blue-collar,single,high.school,0.27169690220042225
17706,45,management,divorced,university.degree,0.27151968656148323
31816,39,blue-collar,married,basic.6y,0.2714393915041408
32292,43,services,divorced,professional.course,0.27138633256428485
31387,36,blue-collar,married,basic.9y,0.2712791526391
28854,43,management,married,university.degree,0.27126207844754313
17089,39,admin.,single,high.school,0.27113927715508745
14087,58,management,married,university.degree,0.2711364052210875
9932,36,technician,married,professional.course,0.2710414913784167
22965,54,blue-collar,married,basic.4y,0.27102447788895884
35079,53,services,married,university.degree,0.27087038848188577
14909,31,admin.,single,basic.9y,0.27083052162569876
33616,47,admin.,divorced,university.degree,0.27078490461499954
20996,47,admin.,married,high.school,0.27063845963513544
19145,36,self-employed,married,basic.9y,0.2705586886217403
26658,33,blue-collar,married,basic.4y,0.2705318071610236
31191,35,blue-collar,single,basic.9y,0.2703967676155301
21954,36,admin.,married,university.degree,0.2701235908342828
15679,46,management,single,university.degree,0.27004630968044696
14935,29,admin.,single,university.degree,0.2699588652013435
33669,36,blue-collar,divorced,basic.9y,0.2699542376399021
13878,41,services,married,professional.course,0.2699030953602311
2940,36,admin.,single,university.degree,0.26974664896377215
14226,43,services,divorced,high.school,0.26958133601183737
34034,31,blue-collar,divorced,high.school,0.26954419181097083
27432,38,technician,single,professional.course,0.26949923894246564
8436,29,admin.,single,university.degree,0.2694624541193696
35420,50,housemaid,married,basic.9y,0.2694536983962787
6205,31,management,single,university.degree,0.26937467205914917
18263,40,self-employed,single,university.degree,0.26932971395138533
20421,37,technician,married,professional.course,0.26931445174648816
15374,37,entrepreneur,single,professional.course,0.26926030445972565
7026,30,services,divorced,basic.9y,0.26915731409955557
23002,51,admin.,married,university.degree,0.26912851323347425
8964,48,blue-collar,married,basic.6y,0.2690876940966797
13104,33,admin.,married,high.school,0.2689762705250736
21348,38,technician,married,professional.course,0.2688973548874007
19251,33,admin.,single,university.degree,0.26873492212451494
21913,60,retired,married,university.degree,0.26870822210657275
35183,48,admin.,married,high.school,0.2685985268162486
22761,31,technician,married,university.degree,0.2684411781985416
6278,39,services,married,high.school,0.26828482087331496
34282,31,blue-collar,married,basic.9y,0.2682774072401887
35461,45,blue-collar,single,high.school,0.2680996740136673
13936,56,management,married,high.school,0.26796456585283457
28669,32,blue-collar,married,basic.9y,0.26782468729410774
19976,30,admin.,single,high.school,0.26776342392740415
20440,31,unemployed,single,university.degree,0.26773626324302713
15071,37,blue-collar,married,basic.4y,0.26761331672612054
33106,51,blue-collar,divorced,high.school,0.26755864903936294
25938,43,blue-collar,single,basic.6y,0.26742506269987953
6955,37,blue-collar,married,basic.9y,0.26738810113535766
17288,42,self-employed,married,basic.4y,0.2672217416663631
16510,47,self-employed,single,unknown,0.2671985512630327
15182,24,technician,single,basic.6y,0.2671129389805394
22949,43,technician,married,professional.course,0.26701374221105917
30815,33,admin.,single,high.school,0.2669283780752039
8374,40,blue-collar,married,basic.9y,0.26684174171667435
31821,42,services,single,high.school,0.2667746448409459
9750,54,management,married,university.degree,0.2666208300175339
30913,31,admin.,married,high.school,0.266573672779927
12015,51,management,married,university.degree,0.2665689296284427
33084,33,services,divorced,high.school,0.2665612031646965
40579,35,services,married,university.degree,0.26654461732427775
17155,60,retired,married,basic.6y,0.2665269048414503
17154,60,retired,married,basic.6y,0.2665269048414503
34187,32,blue-collar,single,high.school,0.26648392075539784
19484,46,blue-collar,married,basic.9y,0.26636637086128484
35894,59,self-employed,single,university.degree,0.2663543115605188
25201,55,entrepreneur,married,university.degree,0.2663362632282984
15693,46,blue-collar,single,basic.6y,0.26623217186038
20182,30,management,married,high.school,0.266228771982118
13629,51,admin.,married,professional.course,0.2661429109689857
24784,40,entrepreneur,married,basic.9y,0.26608161987764406
15041,29,admin.,single,university.degree,0.26589389158471294
26042,35,management,married,university.degree,0.2658569994539684
25346,37,management,married,university.degree,0.2658326795832266
24817,32,blue-collar,married,basic.9y,0.2658102956273697
16945,56,blue-collar,married,basic.4y,0.2658082614933402
20582,54,services,married,high.school,0.26567589914756273
30810,33,admin.,single,high.school,0.2655724683757496
30811,33,admin.,single,high.school,0.2655724683757496
33643,24,housemaid,married,basic.9y,0.2653413604590918
25052,29,technician,single,high.school,0.2652330970649426
16597,48,services,married,basic.9y,0.2652187965382719
17437,42,admin.,married,university.degree,0.26519797446206556
25943,42,admin.,married,university.degree,0.2651309864541905
31854,39,entrepreneur,married,basic.6y,0.265106650052249
34304,28,services,married,high.school,0.26508848687104886
16501,36,services,married,high.school,0.2650796325195622
24200,55,admin.,single,university.degree,0.26507551608224966
19509,29,technician,single,professional.course,0.2649762694390059
19934,38,technician,single,professional.course,0.2649618515317204
25650,31,admin.,single,high.school,0.2649365262665255
22981,45,admin.,divorced,university.degree,0.26493348671774714
16608,33,blue-collar,married,basic.9y,0.26487930214354277
13623,32,admin.,single,university.degree,0.2648778725273775
29731,60,blue-collar,married,basic.4y,0.2648688226211138
31361,37,services,married,high.school,0.26477384074594706
8714,38,technician,married,university.degree,0.2647274375417274
32381,37,services,single,professional.course,0.2646649981240977
8820,58,admin.,married,unknown,0.26465205157826616
19384,46,admin.,single,university.degree,0.264645532085976
18626,34,services,married,high.school,0.26459309386164287
33949,36,blue-collar,divorced,basic.9y,0.264549601957806
31244,29,blue-collar,married,basic.9y,0.26453623029533335
34364,32,self-employed,single,professional.course,0.26449214276645794
16712,48,services,married,basic.9y,0.26448808325414896
12558,41,entrepreneur,married,basic.4y,0.26435262839745977
31220,39,blue-collar,single,basic.4y,0.2643178302488909
35701,39,admin.,single,university.degree,0.2642890506870283
30659,38,admin.,married,university.degree,0.2641267361092328
14478,55,blue-collar,married,basic.4y,0.2640625258818185
11071,54,management,married,basic.6y,0.2639970497200256
12946,33,blue-collar,married,basic.9y,0.26392433963006096
11013,24,technician,single,professional.course,0.26388710714126856
14806,32,technician,married,university.degree,0.26387870920434664
8119,28,services,single,high.school,0.26386392247736923
16096,48,blue-collar,single,basic.4y,0.26381089824342063
33061,35,admin.,single,university.degree,0.2637213058194552
25881,31,blue-collar,single,high.school,0.2636894429971969
20951,47,admin.,married,university.degree,0.2636503470169263
9440,42,blue-collar,married,basic.9y,0.2636433186391546
16754,29,blue-collar,single,basic.6y,0.26362869849756604
10382,52,entrepreneur,married,university.degree,0.26360920692342116
32016,51,self-employed,married,high.school,0.26357008367277657
7696,39,entrepreneur,married,high.school,0.2635185135966048
26256,31,services,married,high.school,0.26336760124326225
13875,22,services,single,high.school,0.263287935420638
17656,46,self-employed,married,university.degree,0.2632499933402148
34405,38,services,single,high.school,0.2631029473272942
18244,37,entrepreneur,divorced,high.school,0.2630456365035387
35296,27,technician,single,professional.course,0.26302774480574453
29039,45,management,married,university.degree,0.2629987048393267
22848,31,admin.,single,university.degree,0.2629905292697023
26817,41,management,married,basic.9y,0.262920971933143
31845,48,admin.,divorced,university.degree,0.26288514478074965
30440,33,technician,married,professional.course,0.2628490038871541
9582,34,self-employed,married,university.degree,0.2628120270429073
19786,47,services,married,high.school,0.26274865998358304
26184,34,management,married,university.degree,0.2627183272923798
26427,31,entrepreneur,single,high.school,0.26264878769118777
31131,39,blue-collar,married,professional.course,0.26262794151159197
14108,43,admin.,divorced,high.school,0.2625262411779153
19167,35,technician,single,professional.course,0.2625117713210374
13216,36,admin.,married,university.degree,0.26245295046566647
16663,55,management,married,basic.9y,0.2624202059354529
14736,29,student,married,university.degree,0.26223137185615775
35431,25,admin.,single,university.degree,0.26221871312243183
25495,48,admin.,single,university.degree,0.26218291509818675
18898,57,retired,married,basic.4y,0.26211924398397163
18230,35,self-employed,single,university.degree,0.2620903029141737
26202,30,admin.,divorced,high.school,0.2620404132884324
32192,33,technician,married,professional.course,0.261944524973569
31146,39,blue-collar,divorced,basic.9y,0.26191799606964616
24862,29,admin.,single,university.degree,0.26189554565449447
26108,36,services,married,university.degree,0.2618194819194737
34848,24,blue-collar,married,basic.9y,0.26178290834585943
25710,51,admin.,married,university.degree,0.26172640127740565
23033,38,admin.,married,university.degree,0.26167622675397306
20644,36,admin.,single,university.degree,0.26166676929704197
14818,52,blue-collar,married,basic.4y,0.2616628931338615
17136,56,blue-collar,married,basic.9y,0.2615322995869012
32869,30,blue-collar,married,basic.4y,0.26141431148907013
35430,41,admin.,married,university.degree,0.26139929291680863
16402,59,retired,married,unknown,0.2613403433652743
31819,36,blue-collar,married,basic.9y,0.26129279347900364
30967,19,student,single,high.school,0.2612743186416084
14722,34,blue-collar,married,basic.9y,0.26116622258359623
17489,51,admin.,divorced,university.degree,0.261140259842004
27165,31,admin.,single,high.school,0.26103467604601194
19047,47,management,married,university.degree,0.2609886931065188
32015,30,blue-collar,married,basic.4y,0.26096556157446427
7959,28,blue-collar,single,high.school,0.26096507840556116
23454,40,admin.,married,university.degree,0.26083965690245015
33440,27,admin.,single,high.school,0.26073302707468327
16177,49,admin.,married,high.school,0.26070069072253405
14587,30,services,single,high.school,0.26066056043126723
14985,28,self-employed,single,high.school,0.2606248272049066
33999,48,blue-collar,married,basic.6y,0.26052333401055544
14328,28,admin.,single,basic.9y,0.26036554659019717
32816,24,services,married,high.school,0.26032414493483136
19117,49,admin.,married,university.degree,0.26026491458792733
36060,33,admin.,single,university.degree,0.26026037371940197
14506,29,entrepreneur,married,basic.4y,0.26025899319769336
21233,35,admin.,single,university.degree,0.26025249350115365
14562,34,admin.,single,university.degree,0.2602371132836193
20560,33,self-employed,married,university.degree,0.260225268771235
25582,54,housemaid,married,basic.9y,0.2601752357199757
11507,26,management,single,university.degree,0.2600787891107169
13686,31,technician,single,university.degree,0.2599922795353074
19623,30,admin.,married,university.degree,0.2599445622012099
16310,46,blue-collar,married,basic.4y,0.25988018663564
32189,36,entrepreneur,married,university.degree,0.2598488296761169
17935,37,admin.,single,high.school,0.25983073149245106
20278,55,retired,married,basic.9y,0.25970873115302434
13526,23,blue-collar,single,basic.9y,0.25942790825146994
15515,24,technician,single,professional.course,0.25940658256490523
29850,37,blue-collar,married,professional.course,0.25939981588820826
18883,32,admin.,single,university.degree,0.2593664093943384
24766,54,admin.,single,university.degree,0.25931922002846775
26583,39,admin.,married,high.school,0.2592226703832149
20938,52,services,married,basic.9y,0.2592010992041749
29804,33,admin.,single,university.degree,0.25919018889872414
18304,24,blue-collar,single,basic.9y,0.2589761888864413
35530,41,admin.,divorced,high.school,0.25892542497426557
27109,50,management,divorced,university.degree,0.2588480088216788
31028,36,admin.,single,high.school,0.2588407759599066
23346,57,retired,married,basic.4y,0.25878395247664066
14213,27,management,married,basic.9y,0.2587677808908602
34430,31,entrepreneur,single,university.degree,0.2587368329807764
34958,34,technician,divorced,professional.course,0.2586802581302858
14196,43,admin.,married,high.school,0.25866479422427574
13612,32,technician,single,university.degree,0.2584964225064135
13165,34,blue-collar,married,basic.9y,0.2584899842205545
25327,32,blue-collar,married,basic.9y,0.25846923486865275
34982,53,services,married,basic.6y,0.25846747567486494
19213,38,technician,married,professional.course,0.2584288504195306
20137,33,technician,married,high.school,0.2584236326070288
36192,48,technician,married,basic.6y,0.2583797806343206
7843,30,services,married,high.school,0.2583501163228433
31307,33,technician,single,professional.course,0.2581439432341305
12784,34,admin.,married,university.degree,0.2580790242243067
29904,34,blue-collar,married,basic.6y,0.2579116447945184
22742,42,technician,divorced,university.degree,0.25783599300975146
31137,31,services,married,high.school,0.25782965460973417
14025,30,admin.,married,university.degree,0.25781704069343037
8629,56,housemaid,married,basic.4y,0.25779625694362857
10026,37,admin.,single,university.degree,0.25778566522947804
20705,50,admin.,married,university.degree,0.2577424007766542
13923,54,blue-collar,divorced,high.school,0.2577324788107625
16588,36,admin.,divorced,high.school,0.25769939670939396
26282,32,technician,married,university.degree,0.2576489402689641
863,48,admin.,single,university.degree,0.25758519869947044
34476,40,blue-collar,married,basic.4y,0.2575825748286366
32941,25,student,single,high.school,0.2575763602020589
12515,39,admin.,married,high.school,0.25756421135884217
1924,34,blue-collar,married,basic.6y,0.2574522992570037
25244,56,admin.,married,university.degree,0.2573711190063651
35489,30,admin.,married,basic.9y,0.2572077214798828
19324,33,technician,single,professional.course,0.25720502916496885
32884,57,technician,married,high.school,0.2571970931351363
18176,57,management,married,unknown,0.25715363284121623
11029,50,management,married,university.degree,0.2570900638903259
13665,33,self-employed,married,basic.9y,0.2569311203667576
16980,22,blue-collar,married,basic.9y,0.2569030920689988
30098,55,services,divorced,professional.course,0.25688606164461897
29558,45,services,divorced,basic.9y,0.2568477763990874
14024,28,housemaid,married,high.school,0.2567401374216346
5712,31,blue-collar,married,basic.9y,0.2566028717415656
26754,52,technician,divorced,university.degree,0.25659460952694907
29552,36,technician,married,high.school,0.2565511798120533
20405,35,services,married,high.school,0.2564811326693638
17664,53,blue-collar,married,high.school,0.2564259398743699
12757,48,services,divorced,high.school,0.2562029414994703
20038,52,blue-collar,married,basic.4y,0.2561554409068294
26814,50,unemployed,married,high.school,0.25614329175737116
25585,33,technician,single,professional.course,0.2561400522820468
13553,34,blue-collar,divorced,basic.9y,0.25613705067098247
17278,59,admin.,married,unknown,0.2560667183972683
18581,38,self-employed,divorced,basic.9y,0.25600595004748916
33585,34,services,married,high.school,0.25594413545540173
23145,32,technician,single,professional.course,0.25589605221317824
16777,41,entrepreneur,single,high.school,0.25558347598240083
16778,41,entrepreneur,single,high.school,0.25558347598240083
9035,38,management,married,high.school,0.255553149165392
18707,52,admin.,married,university.degree,0.2555509493560936
31128,39,blue-collar,married,basic.6y,0.2554798563557698
18152,28,self-employed,married,university.degree,0.2554365654985648
25000,30,admin.,single,university.degree,0.2552766296248164
20116,31,admin.,married,university.degree,0.25513481179129555
34031,39,blue-collar,married,high.school,0.25511777154477433
31899,41,blue-collar,married,basic.4y,0.2551074973511342
13999,31,blue-collar,married,basic.6y,0.2550919241203566
14057,31,blue-collar,married,basic.6y,0.2550919241203566
17308,28,admin.,single,high.school,0.25508996366405134
31852,43,blue-collar,married,basic.9y,0.25508132235393827
12915,37,blue-collar,single,professional.course,0.2550812168205889
25810,32,admin.,single,high.school,0.25502678901322023
33996,34,management,married,university.degree,0.2548414875552497
12602,23,services,single,high.school,0.25482067565302124
7132,31,admin.,married,basic.9y,0.2546842221562205
19788,54,blue-collar,married,basic.9y,0.2546826313371025
15552,32,entrepreneur,single,university.degree,0.2546457212629759
31243,38,self-employed,married,basic.9y,0.2546315261914005
29274,51,blue-collar,married,basic.9y,0.2546043633794217
3360,27,unemployed,married,basic.9y,0.25458971834776906
21040,35,technician,married,professional.course,0.2545683826946678
34074,37,blue-collar,married,basic.6y,0.2545322950479678
24403,50,blue-collar,married,basic.9y,0.25452418018040296
15911,42,blue-collar,married,basic.4y,0.25447916087803474
20296,36,technician,married,professional.course,0.25443668777367173
13666,27,technician,married,professional.course,0.2544269428224817
27669,55,management,married,university.degree,0.2544237484185642
21908,44,blue-collar,married,basic.4y,0.25433195156658256
20060,50,admin.,married,high.school,0.254244966610848
27182,36,entrepreneur,divorced,high.school,0.2541306009069986
24264,48,management,married,university.degree,0.25394021098097747
17560,45,self-employed,divorced,university.degree,0.2538669093155485
30725,38,blue-collar,divorced,basic.9y,0.25375777077633
12655,42,blue-collar,married,basic.4y,0.2536955001365628
22854,44,self-employed,married,basic.9y,0.25353094392274156
16627,31,admin.,single,university.degree,0.2535248518715445
17586,27,admin.,married,high.school,0.2534849490576629
23971,53,management,married,university.degree,0.253284596453527
16560,30,blue-collar,married,basic.6y,0.2532292286524555
32274,40,blue-collar,married,basic.4y,0.25322335508713356
31152,43,blue-collar,married,basic.4y,0.2532177530305523
34331,40,admin.,divorced,high.school,0.2532052290823455
25022,34,technician,married,university.degree,0.25305010137374956
11079,33,admin.,married,high.school,0.2529572706427974
32581,31,admin.,married,university.degree,0.252926147833954
31847,32,admin.,divorced,high.school,0.25289909455245935
20672,42,admin.,married,university.degree,0.25286097496077464
29204,40,admin.,married,high.school,0.25283990238647525
11073,60,admin.,married,university.degree,0.25280586049429055
10948,38,blue-collar,single,university.degree,0.25279713013185373
31048,35,admin.,single,university.degree,0.2527701503385478
16228,28,technician,single,high.school,0.2527570922925785
25066,35,unemployed,single,university.degree,0.2526910777731672
28677,44,technician,divorced,professional.course,0.2524553092030843
20475,41,admin.,single,university.degree,0.2523780125883156
29830,37,blue-collar,married,basic.6y,0.2523747544819687
12722,44,admin.,married,high.school,0.25233595780159995
31575,30,services,single,high.school,0.2521215166548145
20824,48,technician,married,high.school,0.2520820537225299
23395,56,admin.,married,university.degree,0.25206578175249184
19979,58,self-employed,married,university.degree,0.2519656928140099
23280,41,technician,married,professional.course,0.25195587634357225
11849,45,blue-collar,married,basic.4y,0.25193167769039754
32694,30,blue-collar,married,basic.6y,0.25190352829586166
4791,59,retired,married,high.school,0.2518602776412993
19301,33,technician,married,high.school,0.25185783379248894
32415,31,admin.,married,high.school,0.2517673951546695
26066,56,management,divorced,university.degree,0.2516268271808068
11953,26,admin.,single,high.school,0.2516134479209381
21317,41,self-employed,married,university.degree,0.25160118098491435
35706,46,admin.,single,university.degree,0.2515387695070468
23269,36,technician,married,professional.course,0.2515007999895556
9643,33,technician,married,basic.9y,0.2514727656696805
20077,32,technician,married,high.school,0.2513950452511067
29872,38,services,married,high.school,0.2513767533146543
29920,34,blue-collar,married,basic.9y,0.2513753881390743
7040,29,entrepreneur,divorced,basic.9y,0.25128049755518594
26708,30,admin.,married,unknown,0.25122148365518737
8542,35,admin.,single,high.school,0.25116892461701645
22577,36,management,married,university.degree,0.25116403485275646
25549,48,admin.,married,university.degree,0.25099118749670174
29437,40,blue-collar,married,basic.6y,0.25098061869465554
17540,43,management,married,university.degree,0.2509593668984183
20605,36,admin.,married,university.degree,0.2509224371314074
31078,36,technician,married,professional.course,0.2508609256307863
26014,32,admin.,married,university.degree,0.25081520894192405
26809,30,technician,single,professional.course,0.25071136458215165
20819,34,admin.,single,university.degree,0.2506543830289065
34525,30,services,divorced,high.school,0.25058701001105893
35407,43,blue-collar,divorced,basic.9y,0.2504985661427519
32288,40,blue-collar,married,basic.6y,0.25040250070351544
17348,44,services,divorced,high.school,0.2503597847930494
33017,33,services,married,basic.9y,0.2503418730715586
19400,37,admin.,married,university.degree,0.2503241157841772
8038,38,blue-collar,married,basic.6y,0.2503139532811185
29851,52,entrepreneur,divorced,university.degree,0.2501799872457482
30675,37,admin.,married,basic.9y,0.2501536050578021
35070,41,blue-collar,married,high.school,0.2500290182869447
28993,41,blue-collar,married,basic.9y,0.24999386637549909
16021,59,retired,married,basic.4y,0.24997728270213007
5508,52,blue-collar,married,basic.9y,0.24989574604485434
20396,52,management,married,university.degree,0.24977233500131268
16903,55,blue-collar,married,basic.6y,0.24973928455721378
25828,40,technician,married,basic.9y,0.24958861190658804
26730,47,management,married,university.degree,0.24951491061366618
14477,45,blue-collar,married,basic.4y,0.24931327249796292
12692,37,technician,single,university.degree,0.24926751866481905
13261,47,blue-collar,married,basic.4y,0.24915011958097216
21890,30,admin.,single,university.degree,0.24914370603698366
17284,59,retired,married,high.school,0.249048185760121
31330,49,technician,married,university.degree,0.24885346508144848
25735,31,management,married,university.degree,0.24877669074040118
12406,48,admin.,married,university.degree,0.24867184746547477
25139,37,admin.,married,university.degree,0.2486209262702357
22951,32,technician,divorced,high.school,0.24860982870588216
16036,58,retired,married,basic.4y,0.24850192806872126
32213,33,admin.,single,university.degree,0.24849233773706328
19308,31,technician,single,high.school,0.24838427520530537
2042,59,retired,single,university.degree,0.24836977121918555
14423,28,blue-collar,single,basic.4y,0.24831068111227345
14046,35,blue-collar,married,basic.6y,0.24828849797763752
13602,33,technician,single,professional.course,0.24827906030794689
35053,48,blue-collar,married,basic.9y,0.2482124057511978
35793,33,technician,married,professional.course,0.2482003261896566
35761,33,technician,married,professional.course,0.2482003261896566
31946,45,technician,divorced,university.degree,0.24818058754539302
26328,31,services,single,high.school,0.24817874311457108
8121,41,management,divorced,university.degree,0.24812429363554897
21970,41,admin.,divorced,university.degree,0.248008825443429
21861,59,retired,married,basic.9y,0.2479078115790142
17858,36,technician,married,professional.course,0.24789048457326415
21669,43,unemployed,married,professional.course,0.24782534115255903
12833,26,management,single,university.degree,0.24767210401705303
16508,29,admin.,divorced,unknown,0.24765624916620477
18226,58,management,married,basic.9y,0.24751167276596983
29512,35,technician,single,university.degree,0.24745992069734218
9085,31,services,married,high.school,0.24744376805506785
10076,28,management,single,university.degree,0.24742931213451919
4661,50,self-employed,married,basic.4y,0.24737933064186204
26647,39,blue-collar,married,high.school,0.247353796616204
15224,31,self-employed,divorced,university.degree,0.2473024029053917
20486,35,technician,divorced,professional.course,0.24719249853767022
19408,42,admin.,single,university.degree,0.24718407589284386
29667,29,blue-collar,married,basic.9y,0.2471689719676476
16676,38,blue-collar,married,basic.9y,0.2470845418577991
2951,33,blue-collar,single,basic.9y,0.24708103287376473
12839,28,services,married,high.school,0.2470493079602475
13201,27,admin.,single,university.degree,0.24702536039501205
8256,29,admin.,single,basic.9y,0.24696639436384984
14098,40,entrepreneur,married,university.degree,0.24687021237710494
35072,33,blue-collar,married,basic.9y,0.24681977051765638
11398,38,blue-collar,married,basic.6y,0.24675825897347703
24857,41,admin.,married,university.degree,0.24665659057536676
8961,31,technician,married,university.degree,0.24655371686426508
19151,35,technician,divorced,professional.course,0.2465523928922834
26625,31,unemployed,single,professional.course,0.2465376228972177
29655,34,technician,married,basic.9y,0.2464969618273705
8267,29,services,single,university.degree,0.24638492775822463
19472,38,admin.,married,university.degree,0.24630602911450897
35227,59,technician,married,unknown,0.24622959698822414
9420,43,admin.,divorced,university.degree,0.24621257737415675
22752,33,technician,married,high.school,0.2461942258239781
20177,37,technician,single,professional.course,0.2461246798833986
35261,24,technician,single,professional.course,0.24610295939185275
9884,57,technician,single,professional.course,0.24607962983963452
20830,32,technician,single,university.degree,0.24604358067282514
33002,47,blue-collar,married,basic.6y,0.24598464162596734
13353,52,housemaid,married,basic.4y,0.24598376810943098
17636,41,admin.,married,high.school,0.2459317907801722
24319,35,management,single,university.degree,0.24587579544082094
8422,27,blue-collar,single,high.school,0.2458739558417444
33407,37,technician,single,university.degree,0.24584402449552709
16065,30,admin.,single,high.school,0.24581898106181427
27132,52,admin.,married,university.degree,0.24580462266649927
18547,48,management,married,university.degree,0.2457188035231722
29031,37,admin.,divorced,high.school,0.24570150288309167
14840,37,services,divorced,basic.9y,0.24569862514293497
20827,42,technician,single,university.degree,0.24568798480559464
14595,29,management,single,high.school,0.24554174962899464
22850,51,blue-collar,married,basic.4y,0.24552511791185616
34301,44,services,divorced,high.school,0.2453992881088765
13361,41,admin.,divorced,high.school,0.2453809058136762
33515,30,student,single,university.degree,0.24519245895507225
29881,43,technician,divorced,professional.course,0.24513971673255583
27085,30,services,single,high.school,0.24512977477214773
33776,37,services,single,basic.6y,0.24507550926358898
33890,44,admin.,married,high.school,0.2450500600040448
23200,42,admin.,married,university.degree,0.24501155078582873
32332,38,technician,married,university.degree,0.24497346578839313
27425,45,self-employed,single,professional.course,0.24486383941041917
23721,44,technician,married,university.degree,0.24485709778665923
31973,43,services,single,high.school,0.24482471824676427
27586,41,technician,single,university.degree,0.24480761861069664
14759,43,housemaid,married,basic.9y,0.24480511711950156
31354,52,admin.,single,unknown,0.24468190792692257
31444,43,blue-collar,married,basic.4y,0.24466276676301643
5264,45,technician,married,university.degree,0.24462543450532667
15315,32,self-employed,married,university.degree,0.24461087761067601
18424,29,admin.,single,high.school,0.24457386112583998
20158,58,technician,married,professional.course,0.24454339724512208
14968,30,admin.,single,university.degree,0.24438386512980093
21156,34,admin.,single,university.degree,0.2443367225591907
19961,48,entrepreneur,married,university.degree,0.24431892267057986
9485,25,services,single,high.school,0.2441560934420942
10911,36,admin.,married,high.school,0.244094112120753
17040,35,admin.,single,high.school,0.24398329315849998
16558,27,services,single,high.school,0.24385118669349354
25223,36,management,divorced,professional.course,0.2438389524294282
2685,31,admin.,single,university.degree,0.2437046017911117
22913,37,technician,married,professional.course,0.24367957097315363
22877,33,technician,married,professional.course,0.24350698158158451
27069,29,services,single,high.school,0.24349546278979697
17112,44,blue-collar,married,basic.4y,0.243485277981465
13312,51,housemaid,married,basic.4y,0.24346190550179195
10823,31,unemployed,divorced,basic.4y,0.2434119013573318
20735,34,admin.,divorced,university.degree,0.24333033963225362
27275,52,technician,married,basic.9y,0.24331880731179353
21132,36,self-employed,married,basic.6y,0.24310525219976667
29604,32,technician,single,professional.course,0.24306546134402324
23492,56,self-employed,married,high.school,0.24301377541482
31274,36,management,married,basic.9y,0.24301326888685895
21334,45,admin.,married,high.school,0.24297978564887054
29635,31,technician,single,professional.course,0.2429544915725071
17092,43,admin.,single,high.school,0.24295198498662704
35587,50,admin.,divorced,basic.4y,0.2427572648529648
17205,54,retired,married,professional.course,0.2426726654492709
9325,41,blue-collar,married,basic.9y,0.24266240300805422
9410,41,blue-collar,married,basic.9y,0.24266240300805422
25626,30,blue-collar,single,basic.9y,0.24265624924062137
23752,45,services,married,professional.course,0.2426438688571487
26375,33,management,single,professional.course,0.24254112927636812
13990,42,technician,divorced,university.degree,0.242515303267668
19124,33,unknown,married,unknown,0.2424499273358531
26957,51,admin.,divorced,university.degree,0.2423763690110664
31795,27,blue-collar,single,basic.9y,0.24234745716848846
25482,48,admin.,single,professional.course,0.24229313702387492
11761,30,admin.,divorced,high.school,0.2422463251399268
17117,42,blue-collar,single,basic.4y,0.24224411931792125
14309,50,blue-collar,married,professional.course,0.24222544153305617
12561,46,admin.,married,university.degree,0.24213007117687926
34200,49,entrepreneur,married,basic.4y,0.24202207670459244
15129,41,entrepreneur,divorced,basic.9y,0.24200240288030903
17814,30,admin.,married,unknown,0.24194870467995638
21714,31,admin.,single,high.school,0.24194235097490693
33875,32,blue-collar,married,basic.9y,0.2419416290662168
22094,58,retired,married,professional.course,0.24193865804472367
20680,41,admin.,married,university.degree,0.24193231315728814
8209,50,unknown,single,unknown,0.24190921719402778
34611,33,blue-collar,married,basic.9y,0.24188407973374293
18731,34,technician,divorced,unknown,0.24184707688245602
18159,25,admin.,single,high.school,0.2417807318929513
12130,37,self-employed,single,university.degree,0.24174534534598874
13443,35,technician,single,university.degree,0.24170107447796274
22754,31,technician,married,professional.course,0.24169301718685104
13779,25,blue-collar,married,basic.9y,0.24169177635602274
14198,40,blue-collar,married,basic.6y,0.2416914702400438
25058,36,technician,single,university.degree,0.24165595991793792
20338,43,admin.,married,university.degree,0.2416238257238287
2879,25,blue-collar,single,basic.9y,0.24160696468806842
7541,31,services,single,high.school,0.24148859759532504
11236,29,admin.,single,high.school,0.2414847301350523
16197,31,self-employed,single,high.school,0.24109044977023075
10853,25,blue-collar,single,basic.9y,0.24104618757440502
4619,40,services,single,high.school,0.24102860315558616
15822,32,services,married,university.degree,0.2409746553954845
15790,43,blue-collar,married,high.school,0.2409548342140571
23518,41,admin.,married,university.degree,0.24093374842563303
33427,49,retired,married,basic.4y,0.24076743006289728
1941,24,blue-collar,married,basic.9y,0.24073742880261992
19530,48,blue-collar,married,basic.9y,0.24073506186709398
6215,31,blue-collar,married,basic.9y,0.24073377608479038
23549,37,admin.,single,university.degree,0.2407149411339856
34726,34,blue-collar,single,basic.4y,0.24066339424310634
32179,47,services,single,basic.6y,0.24061735296376996
23073,35,admin.,single,university.degree,0.24048301116295007
25798,38,entrepreneur,divorced,basic.9y,0.24045181468485954
9875,43,admin.,married,high.school,0.24042387528374387
21342,44,blue-collar,married,basic.9y,0.24039524802432394
19533,41,technician,divorced,university.degree,0.240338440400117
21733,30,admin.,single,university.degree,0.24029723251072654
18209,24,technician,single,university.degree,0.24021195168160173
3406,28,admin.,divorced,high.school,0.24015590086833147
16518,30,blue-collar,married,basic.6y,0.240137460968128
15821,35,blue-collar,married,basic.4y,0.24013170905890152
30711,36,blue-collar,married,basic.4y,0.24002966537229095
26139,53,admin.,married,high.school,0.23991854494995987
12428,52,blue-collar,married,basic.9y,0.23989417469225913
11060,23,blue-collar,single,basic.9y,0.23985311076217555
9907,31,blue-collar,married,basic.9y,0.23975591981400704
32504,35,blue-collar,married,basic.6y,0.23974257005990002
15340,40,services,divorced,basic.9y,0.23973647189010272
20043,36,management,married,university.degree,0.23972312871070345
26098,32,services,single,university.degree,0.23971823356334757
31805,38,unemployed,divorced,high.school,0.23969701484090453
20504,45,self-employed,married,basic.4y,0.23960826836742946
13311,26,services,married,high.school,0.23957503641654687
33033,31,technician,single,university.degree,0.2395576147785323
27067,58,retired,married,professional.course,0.2395531947446586
12635,59,blue-collar,married,basic.9y,0.23954553006708112
30579,35,admin.,married,high.school,0.23952258207750546
17383,53,admin.,married,university.degree,0.23951574417868052
20649,39,technician,married,professional.course,0.23943510898278383
32576,45,blue-collar,married,basic.6y,0.2394277785486044
15526,25,technician,single,high.school,0.23939544735857587
19138,32,unemployed,married,university.degree,0.23937616233519182
34136,38,blue-collar,single,basic.9y,0.2392237680949167
3875,31,admin.,single,university.degree,0.23914608030497012
13978,38,blue-collar,divorced,basic.9y,0.2390695347774627
15556,28,technician,single,university.degree,0.23902418820217838
32020,26,blue-collar,married,basic.9y,0.23891789752072545
12625,52,blue-collar,married,basic.9y,0.23891101865190248
12964,43,admin.,single,high.school,0.23884417159759533
17267,59,retired,married,basic.9y,0.23882394218265898
10229,38,admin.,married,university.degree,0.23878756393624412
11231,23,services,single,high.school,0.23874115250635544
12483,33,services,divorced,unknown,0.23869431905821664
34671,28,blue-collar,married,basic.6y,0.23867767050542235
32416,41,blue-collar,single,basic.6y,0.23858845342838983
17138,34,technician,married,university.degree,0.2385842174776029
27102,39,admin.,single,unknown,0.23857471185152979
25837,32,services,married,professional.course,0.23850070447362076
12372,48,blue-collar,married,basic.4y,0.23849559234312842
9397,34,blue-collar,married,basic.6y,0.2384183368962295
29702,45,blue-collar,married,basic.6y,0.2383211276291799
15249,27,blue-collar,divorced,unknown,0.2382766679381843
28700,43,management,married,unknown,0.2382368626451375
14593,28,blue-collar,single,high.school,0.23808610650735468
7413,35,services,single,high.school,0.23793283702442905
24346,58,retired,married,high.school,0.2378813931029164
19105,52,services,divorced,basic.6y,0.23782035354342837
20037,44,blue-collar,married,basic.6y,0.23773319563282416
27285,57,housemaid,married,basic.4y,0.2376928556093466
19885,34,technician,married,professional.course,0.23768164781092824
19884,34,technician,married,professional.course,0.23768164781092824
8912,34,blue-collar,married,basic.9y,0.2376769463838909
15880,32,technician,single,high.school,0.23766111781544116
20608,34,admin.,married,university.degree,0.2376380755605385
22336,55,blue-collar,married,basic.9y,0.23763265517794652
23018,47,self-employed,married,university.degree,0.2376246500944508
29458,46,entrepreneur,single,university.degree,0.23761151361418556
29108,41,blue-collar,married,basic.4y,0.23761093415278256
30826,32,services,married,high.school,0.23756143082756334
34179,39,blue-collar,married,basic.9y,0.23752408393478924
15889,26,services,single,high.school,0.23751741012415095
36218,40,blue-collar,married,basic.4y,0.23739485931385806
11078,56,retired,married,basic.4y,0.23738814981641415
26368,35,admin.,married,university.degree,0.23732449661807542
10895,25,admin.,single,high.school,0.2372626477800934
4310,33,blue-collar,married,basic.9y,0.2372533745526607
32211,36,blue-collar,married,basic.4y,0.2372338491898593
34556,40,services,divorced,high.school,0.23717739815343516
21777,33,admin.,single,university.degree,0.23714838010893188
15574,53,technician,married,professional.course,0.237135302322993
19346,51,entrepreneur,married,basic.9y,0.2371255473417097
21319,30,admin.,single,university.degree,0.23711769544700792
24926,29,technician,single,high.school,0.23707325898750525
14505,38,services,single,university.degree,0.23706173572840947
9052,48,admin.,divorced,high.school,0.2370370947471447
29409,31,management,married,university.degree,0.2370253087734148
15995,38,blue-collar,divorced,basic.4y,0.23697412577409682
10219,32,unemployed,married,basic.9y,0.23693635157866053
27186,29,entrepreneur,single,basic.4y,0.23692370879688954
10950,37,technician,single,university.degree,0.23685351824084525
34845,34,admin.,single,university.degree,0.23681664547293424
27665,55,management,married,basic.9y,0.23664176969180936
8056,42,technician,married,university.degree,0.23662344211236042
33910,24,blue-collar,single,basic.9y,0.2366081762681325
31861,58,technician,divorced,university.degree,0.23654694563609055
33522,28,student,single,university.degree,0.23652840800812658
8420,60,retired,single,high.school,0.23652735644081055
10167,52,blue-collar,married,basic.4y,0.2365119700351179
20385,33,technician,married,high.school,0.2364751023244601
3855,23,services,married,basic.9y,0.23636416325925105
11189,41,blue-collar,married,basic.4y,0.23634974369430814
10213,29,admin.,single,university.degree,0.23634729206746205
30652,32,blue-collar,single,basic.4y,0.23621009131704476
33346,55,admin.,married,high.school,0.2361423835525921
10775,30,blue-collar,divorced,basic.9y,0.23610067678006127
34155,24,blue-collar,single,basic.9y,0.23608727659460707
21227,36,technician,married,professional.course,0.23603053358188422
34124,46,housemaid,married,basic.4y,0.2360170205386198
18900,33,technician,divorced,professional.course,0.23588183903364615
10565,30,blue-collar,single,basic.4y,0.23580288050360843
16596,24,technician,married,high.school,0.2357104948169969
33573,31,admin.,married,high.school,0.23564470580084795
12574,34,blue-collar,divorced,basic.4y,0.23554034444667227
26681,51,admin.,divorced,university.degree,0.23552884881012198
34688,26,technician,single,professional.course,0.23547219896876656
21186,45,technician,divorced,university.degree,0.23542448480774283
31199,34,blue-collar,married,basic.4y,0.23532878131724352
25034,32,technician,single,professional.course,0.2353183504238565
28663,40,blue-collar,married,basic.9y,0.2353000354627902
17529,53,services,married,high.school,0.23527964932542694
21372,49,blue-collar,married,basic.9y,0.23519603414316378
17465,43,services,married,basic.6y,0.2351664985685852
21316,48,blue-collar,married,unknown,0.2351460486515734
33089,32,management,single,professional.course,0.2350277256585621
17759,60,retired,divorced,high.school,0.23502426307488541
34826,59,management,married,basic.4y,0.23501075516678546
17466,42,unknown,married,unknown,0.23494279484689126
23138,32,technician,single,professional.course,0.23492136717244272
18,50,blue-collar,married,basic.9y,0.2349151808919266
16320,26,blue-collar,single,basic.9y,0.2349048865289472
18103,40,unemployed,divorced,university.degree,0.2348464278718529
19874,47,admin.,married,basic.9y,0.23481668493208643
13855,35,management,married,university.degree,0.23469076473163425
2961,31,admin.,single,university.degree,0.23461178898266222
5092,47,blue-collar,married,basic.4y,0.2345096440424743
19962,31,admin.,single,university.degree,0.23449426868353782
31120,39,blue-collar,divorced,basic.9y,0.23436197826579908
21215,34,admin.,married,university.degree,0.23428827708104077
29825,47,technician,married,basic.9y,0.23427051327037612
28982,42,admin.,married,high.school,0.23425594408912687
23574,47,admin.,married,high.school,0.23412252372976144
26513,30,admin.,single,university.degree,0.2340736961123051
10824,45,entrepreneur,married,university.degree,0.23401899333471504
21352,41,technician,divorced,university.degree,0.234014164414172
34137,35,services,single,high.school,0.2340095638093764
2988,39,services,married,high.school,0.23396951035038238
7976,45,technician,married,university.degree,0.23396190922253954
16436,32,technician,single,high.school,0.23395919871928902
7453,26,blue-collar,single,basic.9y,0.23386467137222705
33479,32,blue-collar,married,basic.9y,0.23382103922407949
31441,30,services,single,high.school,0.23377434908274494
18909,35,technician,single,professional.course,0.23376285437014388
26720,56,technician,married,professional.course,0.23375798640565415
3721,44,admin.,single,university.degree,0.23374530582927838
3033,37,blue-collar,married,basic.4y,0.23360597483704112
7124,49,services,married,high.school,0.2335655427330573
17279,54,admin.,married,university.degree,0.23353733186387296
21529,58,self-employed,married,university.degree,0.23347527317139552
21018,58,admin.,married,university.degree,0.23347117645225385
20903,59,blue-collar,married,basic.9y,0.23322879203303068
2306,22,blue-collar,single,basic.6y,0.23315923810590686
32846,29,admin.,single,basic.9y,0.23315291773561775
16432,48,technician,divorced,professional.course,0.23310067990540326
13509,36,admin.,single,high.school,0.23309701766198157
769,30,student,single,high.school,0.232967904493349
23051,47,self-employed,married,university.degree,0.2329407502631604
19642,48,blue-collar,married,basic.4y,0.23293238010860576
13554,25,technician,single,professional.course,0.23284206519150907
31648,32,admin.,single,professional.course,0.23272114738564081
15089,27,unemployed,single,university.degree,0.23261663950980954
8585,25,admin.,married,high.school,0.2326124985466951
15909,58,admin.,divorced,university.degree,0.2325915895601624
26529,33,unemployed,single,university.degree,0.2325871203314737
14109,31,entrepreneur,married,university.degree,0.23253197948022072
21326,42,admin.,divorced,university.degree,0.232501719331737
6768,59,entrepreneur,married,basic.9y,0.23245893180949573
34752,48,services,single,basic.4y,0.23242017611264743
18185,48,entrepreneur,married,basic.9y,0.23240663700544606
18004,46,admin.,married,university.degree,0.2323927456948892
8357,33,blue-collar,single,basic.9y,0.2323222035523047
9452,43,blue-collar,divorced,basic.9y,0.2322078235498643
20000,42,self-employed,married,university.degree,0.23218251542168042
25243,30,self-employed,married,professional.course,0.23216614588665951
8651,29,unemployed,single,university.degree,0.2320978867552667
21178,38,entrepreneur,single,university.degree,0.232090744429925
34433,28,blue-collar,divorced,high.school,0.2320895312617619
13080,35,services,single,high.school,0.23208820592134288
23005,51,admin.,single,university.degree,0.2320817001825754
13366,42,unemployed,married,high.school,0.2320608737536699
17016,35,services,single,basic.9y,0.2320531149395304
31329,46,services,married,high.school,0.232019042097758
16878,57,technician,married,professional.course,0.23198017377454455
2870,40,admin.,single,high.school,0.23186887394305927
32315,49,blue-collar,married,basic.4y,0.23186813922360172
14891,41,blue-collar,married,unknown,0.23176434709832805
16718,26,blue-collar,single,professional.course,0.23175423535053255
17206,39,admin.,married,university.degree,0.2317287036490907
13255,46,housemaid,married,basic.4y,0.23171775765070649
2201,57,blue-collar,married,basic.4y,0.23156659811669875
10815,34,technician,married,university.degree,0.23155457834313473
29471,35,technician,married,university.degree,0.23148347844254247
5395,60,retired,married,basic.4y,0.23146960659436103
8717,54,technician,married,professional.course,0.2314172670667737
26083,35,blue-collar,married,basic.9y,0.23128305517285092
20252,46,blue-collar,married,basic.9y,0.2312247891694076
24994,35,management,single,university.degree,0.23116355864448962
5038,45,technician,married,high.school,0.2311221528153381
23333,51,technician,married,high.school,0.23097320727398535
29144,34,admin.,married,high.school,0.230965645287555
26253,35,blue-collar,single,basic.6y,0.23094368748575136
14615,23,technician,single,university.degree,0.2309123705616768
9315,56,technician,married,professional.course,0.23089498642749529
15178,29,unemployed,married,university.degree,0.23088351899073956
7332,25,blue-collar,single,high.school,0.23086459852566513
33537,35,services,divorced,high.school,0.23082949221176144
7524,43,blue-collar,married,basic.9y,0.23079311705618413
2832,36,blue-collar,married,basic.6y,0.23077413398501478
8401,42,blue-collar,divorced,basic.4y,0.23075948592263226
19214,45,self-employed,married,basic.9y,0.2306944254747621
19487,46,blue-collar,married,basic.9y,0.23067094399528368
34396,41,technician,married,professional.course,0.23064848329125112
25442,33,management,married,university.degree,0.23057810202816637
10277,40,technician,married,professional.course,0.2305480608435183
12729,44,housemaid,married,high.school,0.23042113186018248
12420,52,services,married,basic.6y,0.2303957468512558
22053,42,admin.,married,university.degree,0.23033825342513595
33820,58,retired,married,basic.4y,0.23026416042850165
32120,45,technician,divorced,university.degree,0.23025116837956877
20980,39,admin.,divorced,university.degree,0.2301935777925317
17188,57,admin.,single,unknown,0.23018708276413932
20430,37,technician,married,high.school,0.23009008983991197
10422,29,admin.,married,university.degree,0.22994992986924642
22276,45,services,married,high.school,0.22992994277116224
13308,41,self-employed,married,basic.4y,0.22981307105749763
15158,50,entrepreneur,married,basic.4y,0.22979450598980933
22980,45,admin.,divorced,university.degree,0.22979276485770964
32643,53,self-employed,married,basic.4y,0.22976168389360546
29100,32,blue-collar,married,basic.9y,0.22975329055343582
16849,56,technician,married,professional.course,0.22973319530383324
19140,57,housemaid,married,unknown,0.22971600506517326
6758,41,blue-collar,married,basic.6y,0.22969196054973529
24757,31,admin.,married,university.degree,0.2296695982851394
17558,45,admin.,married,high.school,0.22964968779795442
20752,44,blue-collar,married,basic.4y,0.2296130640532359
28946,42,blue-collar,married,basic.4y,0.22955380242223714
14825,26,technician,single,professional.course,0.22953240129313002
28847,50,services,single,basic.6y,0.2294803313734546
2624,34,blue-collar,single,basic.4y,0.2294558518421838
19928,34,technician,single,high.school,0.2294292306833872
29419,40,blue-collar,married,basic.6y,0.22942087132944983
8979,35,blue-collar,married,professional.course,0.22941695519962138
34154,44,unemployed,divorced,basic.9y,0.22940195151423065
32171,50,blue-collar,married,basic.6y,0.22939768423036586
12662,38,blue-collar,married,unknown,0.22935409978883634
18426,59,housemaid,married,basic.4y,0.2293407808301863
17280,51,entrepreneur,married,basic.6y,0.22930637372382986
14116,33,entrepreneur,married,university.degree,0.22925728723397795
3747,31,housemaid,divorced,high.school,0.22924706476056186
8927,49,blue-collar,married,basic.4y,0.22920909472903567
29246,29,services,single,high.school,0.22913058528776645
1149,59,retired,married,university.degree,0.22910499917218108
22290,56,self-employed,married,basic.9y,0.2290610996682248
25266,46,entrepreneur,married,university.degree,0.2290297972299781
28948,50,unemployed,married,basic.4y,0.2289413461125604
22678,35,technician,married,professional.course,0.22884082942708373
14155,27,technician,single,professional.course,0.2288025163500955
11702,55,admin.,married,university.degree,0.2287692404108648
14251,45,blue-collar,divorced,basic.9y,0.22876220009531623
22740,48,admin.,single,university.degree,0.22873126503068889
18227,43,management,married,unknown,0.22854904721252542
16105,37,blue-collar,married,high.school,0.22847406084930316
27622,55,management,married,university.degree,0.2284138356620734
20489,49,management,married,university.degree,0.22837638638482097
8379,39,blue-collar,married,basic.6y,0.22834090236588253
34830,30,blue-collar,married,professional.course,0.228326917711571
9419,32,blue-collar,married,basic.9y,0.22831633433659124
19316,44,technician,married,professional.course,0.228295033335741
14172,28,admin.,married,university.degree,0.22818223836586324
25465,39,self-employed,married,university.degree,0.2280982691054192
9844,33,management,married,high.school,0.22783392371722397
18431,42,technician,married,university.degree,0.22779331930804042
13250,36,admin.,divorced,high.school,0.22771708364469415
31426,51,blue-collar,married,basic.9y,0.22766559291387067
26940,38,management,divorced,high.school,0.22761839350843358
34581,28,blue-collar,single,basic.9y,0.22761593079783984
32299,48,blue-collar,married,basic.4y,0.22761183366753052
18084,44,admin.,married,high.school,0.22758360956263013
31068,35,services,married,high.school,0.2274734443795042
12546,28,admin.,single,high.school,0.22743229064483425
14950,29,admin.,single,university.degree,0.227411422194644
9182,30,services,divorced,high.school,0.22721591897342466
16289,57,management,married,university.degree,0.22715729404538265
2244,36,admin.,single,high.school,0.22715128727984765
18095,37,blue-collar,married,basic.6y,0.2271236244157149
12940,37,entrepreneur,single,basic.9y,0.2270956458110983
31466,41,admin.,single,university.degree,0.22705251841801555
12299,32,blue-collar,married,basic.6y,0.22700914702864708
14415,38,technician,single,professional.course,0.22698291716666255
8719,40,technician,married,professional.course,0.2269653941397061
15376,27,services,single,high.school,0.2269211382046374
15419,44,services,divorced,high.school,0.22680668926327943
16026,24,blue-collar,married,professional.course,0.22678561568498803
18970,59,retired,married,high.school,0.22676217646195163
31736,33,admin.,single,university.degree,0.226642522188397
25833,32,entrepreneur,married,basic.4y,0.22661483429039606
34658,46,blue-collar,married,basic.4y,0.22660192408604662
13577,37,technician,married,university.degree,0.2265523074743879
21109,34,admin.,single,university.degree,0.2264696303069211
36222,37,entrepreneur,divorced,university.degree,0.2264376750810381
13495,55,housemaid,married,basic.4y,0.22641013993834838
31561,34,admin.,single,basic.6y,0.22638400170168524
34285,23,self-employed,single,basic.9y,0.22636282755604614
21680,32,technician,single,university.degree,0.22636223390348642
11328,52,blue-collar,married,basic.4y,0.2263602587025743
7515,28,technician,single,high.school,0.22633610904736487
2108,41,services,married,high.school,0.22633366142731093
31344,31,blue-collar,married,basic.4y,0.22630301967895522
17892,31,blue-collar,married,high.school,0.22620222254160535
10858,47,services,married,high.school,0.22616077847308236
12608,32,technician,married,professional.course,0.22607729487590889
16570,29,blue-collar,married,unknown,0.22597880216951438
25942,34,self-employed,married,university.degree,0.2259433767793701
19568,30,technician,single,university.degree,0.22589559620314106
18164,34,self-employed,single,university.degree,0.22584731533808117
33278,33,self-employed,single,high.school,0.22581466808550577
31023,37,admin.,married,high.school,0.2257355825255739
3057,60,retired,married,high.school,0.22562915895739086
26910,43,blue-collar,married,unknown,0.22552331161093228
9143,26,services,single,high.school,0.22550440784433445
18239,56,retired,divorced,high.school,0.22546037207636335
33234,55,blue-collar,married,basic.4y,0.22531990022894566
7119,43,blue-collar,married,basic.9y,0.22523587480293325
10991,41,self-employed,married,basic.9y,0.22517708321776428
15932,35,blue-collar,single,basic.4y,0.22516802924043297
30944,26,student,single,high.school,0.2251633685664486
6607,55,retired,married,high.school,0.2251575577333899
22230,56,admin.,married,basic.9y,0.22510571664692713
31139,36,admin.,single,university.degree,0.22496894490155087
27488,57,technician,divorced,professional.course,0.22492633121216288
20532,49,retired,divorced,professional.course,0.2249118166297206
29234,43,blue-collar,married,basic.9y,0.22491174778538983
12726,31,entrepreneur,single,basic.9y,0.22487019375288908
17443,44,management,married,high.school,0.2248652748708937
34063,35,technician,married,professional.course,0.22478634698020492
12405,32,blue-collar,married,basic.6y,0.22475962306632052
20713,52,admin.,married,university.degree,0.2247297550253519
24975,37,unemployed,single,university.degree,0.22467751804907188
9837,39,entrepreneur,married,high.school,0.22464755051780297
28097,48,admin.,married,high.school,0.22464090919301694
26961,48,entrepreneur,divorced,university.degree,0.2244942879065598
18074,25,admin.,single,high.school,0.22448259854862804
20339,58,retired,married,basic.4y,0.2243753228329478
27523,53,admin.,divorced,high.school,0.22429833207593206
13500,27,technician,single,professional.course,0.2241784321058836
13796,48,technician,married,basic.6y,0.22415075463653636
11628,36,blue-collar,married,basic.9y,0.2240977613940155
26076,33,technician,married,university.degree,0.22407953666823277
17122,43,admin.,single,high.school,0.2240765590370229
13126,34,admin.,single,university.degree,0.2240752917932052
20397,52,admin.,married,university.degree,0.2240385501036325
18537,41,self-employed,divorced,university.degree,0.22399839304670066
8479,42,blue-collar,married,basic.9y,0.22396331959178498
9391,47,retired,married,basic.4y,0.22392500274556668
12045,32,management,married,university.degree,0.22390396638895624
17350,47,management,single,university.degree,0.22382670057469958
27145,57,housemaid,married,basic.4y,0.22380479161691216
10839,45,entrepreneur,married,unknown,0.22376868063128386
23434,43,technician,married,professional.course,0.22366114202659104
20073,49,services,married,high.school,0.22361296997122257
20094,49,services,married,high.school,0.22361296997122257
13344,39,housemaid,married,basic.4y,0.22356121906474186
13345,39,housemaid,married,basic.4y,0.22356121906474186
15265,57,technician,married,basic.9y,0.2235471487535396
4768,40,housemaid,single,university.degree,0.2235165768285877
23415,44,technician,married,professional.course,0.22349975926993793
14295,28,admin.,married,university.degree,0.22348463581482989
3771,44,blue-collar,married,basic.6y,0.2234589739855601
30909,41,blue-collar,married,basic.4y,0.22341380403234076
19233,48,services,married,high.school,0.22337288438225708
13600,30,blue-collar,single,basic.9y,0.2233270418922384
20919,34,technician,single,university.degree,0.22332617329403598
19240,44,unemployed,married,high.school,0.22322075730006952
21677,38,technician,married,professional.course,0.22320310338612054
21986,52,blue-collar,married,basic.9y,0.22309214656976414
8822,26,admin.,single,high.school,0.2230830117741506
32935,42,management,married,university.degree,0.22307403050729505
23261,45,admin.,married,basic.9y,0.2230612769195214
34436,32,entrepreneur,divorced,high.school,0.22304183686027124
26982,45,technician,divorced,university.degree,0.2230349011308686
32159,34,entrepreneur,married,university.degree,0.22302487167490648
32195,55,entrepreneur,divorced,university.degree,0.22292441796827833
32387,36,blue-collar,married,basic.9y,0.22290055430223218
15533,33,technician,married,high.school,0.22287059836489406
21604,45,blue-collar,married,basic.4y,0.22285105407984462
15825,35,entrepreneur,single,university.degree,0.2228300870207191
21123,32,admin.,married,university.degree,0.2227503540005916
12437,56,blue-collar,single,basic.4y,0.22269697026037252
19361,47,blue-collar,married,basic.6y,0.22268089746756572
31993,45,management,married,university.degree,0.22263557754356253
10337,53,admin.,married,university.degree,0.2225934825607844
12633,24,services,single,high.school,0.22252095545369913
27540,42,self-employed,married,university.degree,0.22246546702335235
20885,34,admin.,married,university.degree,0.2224094253053281
20064,47,admin.,married,university.degree,0.22218318378279595
33310,49,blue-collar,married,basic.9y,0.22212222475971977
31979,36,student,single,basic.9y,0.2220745728917645
26153,53,self-employed,married,university.degree,0.2220625276272863
5366,44,admin.,married,university.degree,0.22202454585284415
5333,28,blue-collar,married,basic.9y,0.22202381513286223
19758,33,admin.,married,university.degree,0.22200931520944267
32445,34,technician,married,university.degree,0.22199896992611134
14983,36,admin.,divorced,university.degree,0.22199733340623404
34603,39,technician,married,professional.course,0.2219965985235488
20781,41,technician,married,professional.course,0.22197427560956484
17124,39,self-employed,married,basic.6y,0.221847078476293
25699,35,blue-collar,married,high.school,0.22178270754885232
35281,39,admin.,married,university.degree,0.22177182407971072
26092,46,admin.,single,high.school,0.22176562686139825
25129,30,self-employed,single,high.school,0.221732939186443
22723,47,technician,married,professional.course,0.22155344073762873
21944,32,admin.,single,university.degree,0.22152826570885087
8670,26,self-employed,married,university.degree,0.221469612009514
31076,58,services,married,basic.6y,0.22144874521504967
10508,42,blue-collar,divorced,high.school,0.22138448174330422
32007,39,technician,married,professional.course,0.22136959432274433
14686,33,blue-collar,divorced,basic.9y,0.22132990950043044
10301,32,services,single,high.school,0.22130739797879978
16271,49,admin.,single,high.school,0.2212731328816235
33756,35,blue-collar,married,basic.6y,0.22125318192517343
33567,36,services,divorced,basic.9y,0.22121321541119254
26009,37,entrepreneur,married,university.degree,0.2211360899994217
2966,60,blue-collar,married,basic.9y,0.22102540516231792
15211,28,blue-collar,single,unknown,0.2210090713281386
33524,36,blue-collar,married,unknown,0.2209647581432083
14219,30,blue-collar,married,basic.9y,0.22096029935003383
10616,33,blue-collar,married,basic.9y,0.22093117606083304
18442,35,technician,single,high.school,0.22085572112594837
22079,58,retired,married,basic.4y,0.2208278676168745
31937,39,technician,married,professional.course,0.22069180137670688
19935,37,admin.,single,university.degree,0.22063714711037016
13591,31,management,single,university.degree,0.22061824347591724
22983,43,admin.,single,university.degree,0.22057799601745942
2291,28,blue-collar,single,basic.9y,0.22057265783492586
27534,53,retired,married,high.school,0.2204232271637321
21214,41,admin.,married,university.degree,0.22026865586767458
34552,31,admin.,single,high.school,0.2202543629671479
8681,59,retired,married,basic.6y,0.22024400111624926
13957,32,unemployed,married,university.degree,0.22013267102249595
24470,37,management,divorced,unknown,0.22011846284780173
31320,26,blue-collar,married,basic.9y,0.22009855488889243
12954,29,admin.,married,high.school,0.21999233320497416
33198,58,blue-collar,married,basic.4y,0.21998134462525465
12407,40,blue-collar,married,basic.6y,0.21995689454294468
29198,37,admin.,married,high.school,0.219804828625506
17297,57,admin.,single,unknown,0.21979552009388886
25496,39,technician,married,professional.course,0.21964960751074525
33227,37,admin.,married,university.degree,0.21957859053251993
10596,31,technician,single,university.degree,0.21954850319545843
34569,51,blue-collar,married,basic.4y,0.2195126570246792
28129,37,technician,divorced,basic.9y,0.21950767492802042
13507,34,blue-collar,married,basic.9y,0.21949755912269303
9304,30,blue-collar,married,basic.4y,0.21946541456661614
21948,40,technician,married,university.degree,0.21946261063900926
9970,43,technician,single,professional.course,0.2194507359069009
22648,36,admin.,married,university.degree,0.2194466052940229
23030,40,technician,divorced,professional.course,0.219408052166845
26740,33,blue-collar,single,basic.9y,0.21940392738624412
10845,34,admin.,married,university.degree,0.21939647110546015
25797,31,blue-collar,married,basic.9y,0.21938058573445887
9889,31,blue-collar,married,basic.6y,0.21934833392393668
28349,39,services,married,basic.9y,0.21932297975365372
30655,58,services,divorced,high.school,0.21923489614024377
35636,28,services,single,high.school,0.2191544015315587
18108,44,self-employed,married,basic.9y,0.21914935596630836
26485,33,admin.,married,university.degree,0.21907845463445075
32926,49,blue-collar,married,basic.9y,0.21906108676468952
18886,30,technician,single,high.school,0.2190420174011237
26454,30,admin.,single,basic.9y,0.2190271884983456
23598,45,admin.,married,unknown,0.21900510368485646
5823,47,technician,married,basic.9y,0.21899086866377387
3237,33,services,married,basic.4y,0.2189786511120744
33164,47,admin.,divorced,high.school,0.21893041835615873
7483,53,technician,married,professional.course,0.21892887066518935
28698,41,blue-collar,married,basic.4y,0.21892139925438311
15981,45,blue-collar,married,basic.4y,0.21888270788533848
32599,30,admin.,married,high.school,0.21880681247245637
17861,60,retired,divorced,professional.course,0.21867996225664119
29176,45,blue-collar,married,basic.9y,0.2185019236793658
22150,38,admin.,single,university.degree,0.2184637181093872
19957,41,technician,divorced,university.degree,0.21845586359794333
4612,38,admin.,married,high.school,0.21837242388054665
18379,32,blue-collar,single,high.school,0.21835373900352656
19806,51,services,married,high.school,0.21833509840826792
26705,30,self-employed,single,university.degree,0.21832138894944594
15177,57,entrepreneur,married,unknown,0.21828380180009635
29759,36,technician,married,basic.9y,0.21825742832574568
18823,45,management,divorced,high.school,0.21825078807299886
9539,25,services,married,high.school,0.21823407713859788
31545,35,management,married,university.degree,0.21822201375001057
31568,36,technician,married,professional.course,0.21817564604719306
4036,30,blue-collar,single,basic.9y,0.21815676127015546
34919,39,technician,divorced,high.school,0.21813278810827963
26648,33,entrepreneur,married,university.degree,0.218119888718706
19692,32,admin.,divorced,university.degree,0.21810987239734986
18184,31,blue-collar,married,professional.course,0.21798969002765334
19418,45,blue-collar,married,basic.9y,0.2177792789625251
26622,45,technician,divorced,professional.course,0.21776491986428695
30664,40,blue-collar,married,basic.9y,0.2177343229402591
20814,31,admin.,single,university.degree,0.2177080687902469
10756,37,admin.,married,university.degree,0.2176998110440836
18770,25,admin.,married,university.degree,0.21768512273969942
17119,50,admin.,married,university.degree,0.21762696798091444
9232,46,admin.,married,university.degree,0.21761882142529193
19668,47,admin.,divorced,university.degree,0.21761619255314224
20499,37,admin.,divorced,university.degree,0.21752463448096157
34519,31,admin.,divorced,high.school,0.21748920104848316
22730,29,admin.,single,university.degree,0.21747138788679515
13818,60,management,married,university.degree,0.2174175262691318
22821,32,technician,single,university.degree,0.21740281654090723
12441,23,blue-collar,single,basic.9y,0.21725928156079066
19311,48,admin.,divorced,university.degree,0.21724273315191045
20541,48,blue-collar,married,basic.9y,0.21723964439900567
33007,37,blue-collar,married,basic.6y,0.21723674844692073
20726,33,admin.,single,university.degree,0.21720478003351193
17741,50,services,married,high.school,0.21716187717719282
26311,30,admin.,single,basic.9y,0.2171611896261611
12462,41,blue-collar,married,basic.4y,0.21714559000864755
8161,36,services,single,basic.6y,0.21701796405480767
17544,37,blue-collar,married,basic.9y,0.21696918798670248
14110,30,blue-collar,married,basic.9y,0.21696776312497992
28171,42,technician,married,basic.9y,0.21695129236357777
14102,31,technician,single,university.degree,0.216922593768886
1298,31,blue-collar,married,basic.9y,0.21689355543614713
3985,30,student,single,basic.9y,0.21682626636139818
29090,41,services,married,high.school,0.21681918091802097
8496,26,admin.,single,high.school,0.2167218015089899
32503,34,blue-collar,married,basic.4y,0.21660294871611208
12777,36,technician,single,unknown,0.21659067709938779
7281,41,entrepreneur,married,basic.9y,0.2165095239126805
18071,55,entrepreneur,divorced,university.degree,0.2164481542434229
16541,39,services,married,unknown,0.21644786703937974
16902,40,blue-collar,single,professional.course,0.21638049977849072
18611,38,admin.,married,basic.6y,0.2163771275608423
34336,48,management,divorced,university.degree,0.21625901848553045
21182,36,self-employed,married,high.school,0.21618311488047307
20756,34,admin.,single,university.degree,0.21615121884385075
35599,32,blue-collar,married,professional.course,0.216057467095394
27409,39,technician,married,high.school,0.2159597967804563
7434,35,housemaid,married,basic.4y,0.21593863205293023
20700,45,blue-collar,married,basic.9y,0.2159012701724182
27129,29,admin.,married,high.school,0.21590099280768357
29165,58,unemployed,married,basic.9y,0.21583923991279974
370,37,blue-collar,married,basic.9y,0.21581460976278588
30700,29,services,divorced,high.school,0.21580245489854377
25595,32,technician,married,university.degree,0.21577864559681742
27620,29,self-employed,single,university.degree,0.2157711384846749
21967,59,management,married,university.degree,0.21576535387990745
14920,35,blue-collar,single,high.school,0.21567364533754596
17878,59,housemaid,divorced,basic.4y,0.2156532269078175
14913,43,technician,married,high.school,0.21556799709931457
28938,39,management,married,basic.6y,0.21542222292237911
8278,37,management,married,university.degree,0.2153966723318636
15690,36,services,divorced,high.school,0.2153364823022053
23739,32,admin.,single,university.degree,0.2153314392772531
28100,32,services,married,high.school,0.2152575318098331
20503,32,technician,married,university.degree,0.2152079665932775
20395,32,technician,married,university.degree,0.2152079665932775
19662,50,entrepreneur,married,professional.course,0.21511794298430073
13765,47,management,married,unknown,0.2150882851372733
13203,32,blue-collar,married,basic.4y,0.21508183761772753
8855,29,blue-collar,single,basic.6y,0.21505093673586625
33871,28,technician,married,professional.course,0.21503609423035108
5112,22,blue-collar,single,basic.6y,0.21500043132400212
19679,50,admin.,married,basic.9y,0.2149906539072054
3822,46,technician,married,basic.9y,0.21497032846690317
3850,60,retired,married,basic.9y,0.21494206552686268
3066,29,admin.,single,university.degree,0.21492244321246784
22009,34,admin.,married,university.degree,0.2149019042011318
17498,26,blue-collar,single,high.school,0.21483207183304956
8730,37,blue-collar,single,unknown,0.21476922678925248
23996,55,technician,married,professional.course,0.21468594940092844
10761,39,admin.,married,university.degree,0.2146745356564448
7683,44,services,married,high.school,0.2146391345133387
9590,54,technician,single,basic.9y,0.21462306271768963
674,45,services,married,high.school,0.21453234815489797
22899,41,admin.,married,university.degree,0.21451832176917887
26665,55,admin.,married,university.degree,0.21444263319011495
18856,37,student,married,professional.course,0.2144126921747862
8940,31,admin.,married,university.degree,0.21439707088810012
11540,41,blue-collar,married,basic.9y,0.21435237464933923
20131,57,technician,single,high.school,0.21434504020470296
16968,50,management,married,basic.9y,0.2143264691561517
31649,32,admin.,single,professional.course,0.21430885945143113
6973,51,technician,married,professional.course,0.21420547245890423
7030,38,blue-collar,married,basic.6y,0.21419507260124643
8477,35,entrepreneur,married,university.degree,0.21413937033678163
10106,31,services,married,high.school,0.21412747708429916
22362,36,admin.,single,university.degree,0.21411824866927603
18873,60,retired,married,university.degree,0.21407108683628742
7518,28,services,single,high.school,0.21403574655517751
13908,26,student,single,university.degree,0.21398088205710633
17900,31,blue-collar,single,professional.course,0.21394432720257037
18995,30,technician,married,university.degree,0.21392786905470002
19546,39,admin.,single,high.school,0.2138792873223313
31752,35,services,married,professional.course,0.2138723463860472
25826,45,blue-collar,married,basic.4y,0.21377424448912927
22120,33,technician,married,high.school,0.2137473426193024
24530,46,entrepreneur,married,university.degree,0.21369441287791305
26497,35,services,divorced,high.school,0.21365905571070026
1661,37,blue-collar,married,basic.9y,0.21364543858722962
5090,25,services,married,high.school,0.21358446637473527
10631,39,blue-collar,married,basic.9y,0.21354472544876513
7623,37,admin.,single,university.degree,0.2135110041345933
22684,30,self-employed,married,professional.course,0.21347262290291297
24669,41,self-employed,married,basic.9y,0.2134686055473702
20487,33,technician,married,high.school,0.21344995258787172
26783,50,admin.,married,basic.9y,0.21343182964043042
14634,36,services,single,high.school,0.2133875681938657
24503,48,management,married,unknown,0.21338046017164009
34008,33,admin.,married,university.degree,0.21320345520861683
26199,39,entrepreneur,married,professional.course,0.21320125843137772
34091,45,admin.,single,high.school,0.2131242596540098
17399,59,admin.,divorced,basic.4y,0.2130967343033106
33046,33,blue-collar,married,basic.4y,0.21307344829500846
16171,31,self-employed,single,high.school,0.21302096148240898
23279,36,admin.,married,university.degree,0.21301803307174594
26830,36,technician,single,professional.course,0.21301650783353854
29047,41,blue-collar,married,professional.course,0.2130030615890828
35417,32,technician,married,professional.course,0.21299261857834534
28640,40,entrepreneur,married,professional.course,0.21297672555182567
25145,54,self-employed,married,basic.9y,0.2129419025431832
32767,34,technician,married,high.school,0.21293166726432455
21071,29,technician,single,university.degree,0.21288768600806446
21082,29,technician,single,university.degree,0.21288768600806446
19684,38,technician,married,high.school,0.21287064113192172
20985,59,retired,married,basic.4y,0.21286772474416205
16066,45,services,married,high.school,0.21281905184611868
12925,47,blue-collar,divorced,basic.9y,0.21275606511441014
31674,36,blue-collar,married,basic.4y,0.21268772459102117
5313,43,blue-collar,married,basic.4y,0.21264436655123117
17373,40,blue-collar,married,professional.course,0.21262934197829236
17234,56,admin.,married,university.degree,0.21262209662695777
14085,31,blue-collar,married,basic.9y,0.21260416293134818
23036,47,self-employed,married,university.degree,0.21254228478717463
27447,30,blue-collar,married,high.school,0.21235603935642858
30902,31,services,married,high.school,0.2122675287456374
17725,36,technician,married,professional.course,0.21223911368574233
5920,41,services,married,high.school,0.2121316830162091
31848,34,admin.,single,university.degree,0.21211853575731898
8264,30,blue-collar,married,unknown,0.21208573055286223
16722,29,self-employed,married,professional.course,0.21207047867116216
22654,29,admin.,single,university.degree,0.21205885728061985
31440,34,admin.,married,university.degree,0.2120248162603919
28632,30,admin.,married,high.school,0.21201457836599158
23356,51,technician,married,professional.course,0.21195637623749852
32046,36,blue-collar,married,basic.4y,0.21186060653674751
21122,30,technician,single,university.degree,0.2118526777778666
30858,31,unemployed,single,university.degree,0.21182487900569918
26006,42,self-employed,single,university.degree,0.2117216600719197
15688,30,management,single,university.degree,0.21170712134932995
14886,43,technician,married,high.school,0.2116647845583347
10900,50,management,married,university.degree,0.21151764347749202
5935,32,management,married,high.school,0.21151750055877228
25463,46,admin.,divorced,university.degree,0.2114974440424634
9860,38,blue-collar,single,basic.9y,0.21148163038969586
21689,29,admin.,single,university.degree,0.21148161310278454
14349,31,blue-collar,married,high.school,0.211412576302466
11168,33,technician,married,professional.course,0.2113207794401504
7383,34,blue-collar,married,basic.9y,0.21129498223372892
33803,52,admin.,married,basic.9y,0.2112799682074461
21148,46,services,married,unknown,0.21126859881220253
19983,32,technician,divorced,university.degree,0.21125471548436509
7949,36,admin.,married,university.degree,0.21113069332365897
8562,33,admin.,married,university.degree,0.2110970925636325
32039,36,technician,single,university.degree,0.21107124500088983
18307,35,technician,married,professional.course,0.21100301616908698
19525,31,admin.,divorced,university.degree,0.21096922835882395
33290,33,blue-collar,married,high.school,0.21096184678467897
27596,31,technician,married,professional.course,0.2109521775428653
11618,56,self-employed,single,basic.9y,0.21090531350975256
10400,40,entrepreneur,married,high.school,0.21090197567357566
9842,56,technician,married,basic.4y,0.2108936666266614
14404,59,blue-collar,divorced,basic.4y,0.2108026180960738
10657,33,technician,married,university.degree,0.210771250163484
5390,30,blue-collar,single,high.school,0.21074104600592794
20978,45,services,married,high.school,0.21073407471283503
26067,56,management,married,university.degree,0.21064223254544004
8588,31,blue-collar,divorced,basic.9y,0.21055335883043186
29594,30,blue-collar,married,basic.4y,0.21054802103911657
24527,53,retired,married,basic.4y,0.21052469960385953
28002,43,self-employed,married,high.school,0.21042098223552183
15542,39,blue-collar,single,basic.4y,0.2103581813360535
17049,49,admin.,divorced,high.school,0.21016699543100695
7761,27,blue-collar,married,basic.9y,0.21011043265931406
9855,52,admin.,divorced,basic.6y,0.21008573461623395
21583,49,admin.,married,high.school,0.21005162624622303
23544,31,admin.,single,university.degree,0.20995618943987218
21828,45,management,married,high.school,0.20994001440278148
2881,28,entrepreneur,married,basic.4y,0.20992238271800176
15929,33,blue-collar,married,basic.9y,0.20988448398649623
22099,31,technician,single,university.degree,0.20988048988905839
20587,32,admin.,married,high.school,0.20980156301601105
32379,39,blue-collar,married,basic.4y,0.20979975530068581
35814,31,technician,married,university.degree,0.20971350312897324
7059,57,services,married,high.school,0.2097035140153799
24347,58,retired,married,high.school,0.2096964658515808
13740,38,blue-collar,married,basic.6y,0.2096448031117801
10504,39,blue-collar,married,basic.9y,0.20961961306499835
20435,50,self-employed,married,university.degree,0.2095932902215763
6369,37,technician,single,university.degree,0.20958628446744434
29873,40,management,married,university.degree,0.20958130431719094
15000,34,entrepreneur,married,professional.course,0.20957095192027947
15859,54,retired,married,basic.4y,0.20946623161620956
34715,37,technician,married,high.school,0.20946118140976572
4378,35,blue-collar,single,unknown,0.20942690960275637
14397,45,blue-collar,divorced,basic.9y,0.20938004257254444
15904,47,blue-collar,married,basic.6y,0.2092758790118736
16699,60,blue-collar,married,basic.4y,0.2092758757116777
26437,36,management,married,university.degree,0.20921225217455267
7103,36,unemployed,divorced,professional.course,0.209156073409337
22392,54,technician,divorced,professional.course,0.20911700954351026
16742,52,retired,married,basic.4y,0.20911478343769385
10883,29,admin.,married,high.school,0.20911098264757894
21165,35,technician,married,professional.course,0.20907502517213075
21187,32,admin.,single,university.degree,0.20883863055757568
31270,32,admin.,married,high.school,0.2087601179192685
4871,27,blue-collar,single,high.school,0.20872436405920428
23416,44,technician,married,professional.course,0.20871262116988754
17266,46,student,single,unknown,0.2086845481920519
6514,35,admin.,single,university.degree,0.20865571025388746
20019,29,admin.,married,university.degree,0.20865514887741854
19645,57,technician,married,high.school,0.2086451817620375
15703,28,blue-collar,married,basic.9y,0.20862394925598593
34763,31,blue-collar,married,basic.6y,0.20861976063863197
31338,47,blue-collar,married,basic.9y,0.20856320030668143
28961,34,blue-collar,married,professional.course,0.20850545918308394
16166,49,admin.,single,high.school,0.20842713503730226
26070,32,blue-collar,married,basic.6y,0.20837309787052558
14407,30,blue-collar,married,basic.9y,0.2083106540644119
14387,30,blue-collar,married,basic.9y,0.2083106540644119
1277,24,student,single,high.school,0.20829242493479933
16181,36,admin.,single,unknown,0.20827505755458994
7865,38,technician,single,professional.course,0.20816759646564312
27637,33,admin.,single,professional.course,0.20809320982566715
11294,37,blue-collar,married,professional.course,0.2080439696382938
9519,31,blue-collar,single,unknown,0.2080226178671969
7218,37,services,married,high.school,0.2079620723436882
32587,43,blue-collar,married,basic.4y,0.20792100456980175
15851,44,admin.,single,basic.9y,0.20791305286097966
2865,35,blue-collar,single,basic.6y,0.20787696278610354
31907,36,admin.,married,professional.course,0.2078472633817314
25130,58,entrepreneur,married,basic.4y,0.20778821189717134
17017,35,technician,married,professional.course,0.20778531833409772
17605,58,admin.,married,university.degree,0.2077696099732088
34381,35,entrepreneur,married,professional.course,0.2077503632387952
22215,60,self-employed,married,university.degree,0.20758583454357876
22213,60,self-employed,married,university.degree,0.20758583454357876
7653,44,technician,married,high.school,0.2075727924673575
18467,32,technician,single,professional.course,0.20757254910462694
25665,33,services,single,high.school,0.207543725909332
12916,36,blue-collar,married,basic.4y,0.20753399168748138
12598,28,services,single,high.school,0.2072790824847076
4203,30,blue-collar,married,basic.9y,0.2072590595854721
18937,44,services,married,professional.course,0.20723290738143624
20661,46,admin.,married,university.degree,0.20718802967626831
12986,28,technician,married,professional.course,0.20714602858726017
12877,30,technician,single,professional.course,0.2071272942182219
10743,27,technician,single,high.school,0.20711498429781575
35315,28,blue-collar,single,basic.9y,0.20711147974007202
28699,43,management,married,unknown,0.20708982793482417
31512,48,blue-collar,married,basic.6y,0.20703956354539182
13751,31,admin.,single,university.degree,0.2070370211890983
28719,43,management,married,unknown,0.2069953638016796
29288,40,blue-collar,single,basic.6y,0.2069735155862684
18400,50,technician,married,high.school,0.20684951824080566
17803,58,admin.,married,high.school,0.20681895166627978
13647,41,admin.,married,unknown,0.20677237564275747
19615,54,admin.,single,university.degree,0.20676825844695543
11947,30,blue-collar,single,basic.9y,0.2067578280374792
12377,34,unemployed,married,high.school,0.2067467878443065
26219,29,admin.,unknown,professional.course,0.20672943772413055
33115,31,blue-collar,married,basic.6y,0.20662475125094612
11910,39,blue-collar,single,basic.4y,0.20661696671385024
21692,30,technician,single,university.degree,0.20652776649348525
23563,50,unemployed,married,basic.9y,0.2064402766216649
1644,28,technician,single,university.degree,0.20643355214407622
17684,53,retired,divorced,university.degree,0.2063652393233758
26090,40,technician,divorced,high.school,0.2063340521752163
32478,27,technician,married,professional.course,0.20620197891705985
9430,29,technician,married,university.degree,0.20614213430972037
20563,48,blue-collar,married,basic.4y,0.20607000378592935
17414,40,blue-collar,married,professional.course,0.20601275244834516
17531,40,blue-collar,married,professional.course,0.20601275244834516
33403,28,blue-collar,single,basic.6y,0.20598012632697302
31699,31,services,divorced,high.school,0.20592401167759392
24592,35,entrepreneur,married,high.school,0.20590824594220547
12953,47,admin.,married,university.degree,0.20590759361530644
14212,32,blue-collar,married,basic.9y,0.20587777580602623
24224,48,admin.,single,university.degree,0.20583573105193126
16498,36,blue-collar,single,basic.6y,0.20578713290660866
11519,38,admin.,single,basic.9y,0.20573584717710108
17151,50,admin.,married,university.degree,0.20569604732531283
19303,46,blue-collar,married,basic.9y,0.20568725872478366
35258,32,technician,single,professional.course,0.20566225090931853
5229,57,blue-collar,married,basic.4y,0.20566083163655463
17093,44,admin.,married,unknown,0.20565996504038442
8338,30,admin.,single,high.school,0.20563378863795567
15183,32,management,divorced,university.degree,0.20561343631973705
10545,29,admin.,single,university.degree,0.2055787633161589
19475,48,admin.,married,high.school,0.20554095685298737
16668,28,admin.,single,high.school,0.20551412089762955
24426,36,blue-collar,married,basic.9y,0.20550774457076343
29837,33,admin.,single,high.school,0.20548982108803976
31991,47,admin.,single,basic.9y,0.20548680795953156
8199,41,unemployed,divorced,high.school,0.2054473909016767
4386,33,blue-collar,single,basic.4y,0.20543864052676697
4751,40,blue-collar,married,basic.9y,0.20540037300872438
32981,30,blue-collar,married,basic.6y,0.20539449791130324
25050,52,services,married,high.school,0.20537343007665165
17898,39,technician,married,university.degree,0.20534869138055403
22434,41,self-employed,married,professional.course,0.2052784123973876
23097,45,unknown,married,high.school,0.20527552156828027
7396,49,services,married,high.school,0.20527411279098362
32657,31,admin.,married,high.school,0.20526915498806733
24569,35,admin.,married,university.degree,0.20521026842062873
17740,59,retired,divorced,university.degree,0.20519513679686446
26193,35,technician,married,professional.course,0.20516960609055201
28696,45,services,divorced,basic.4y,0.20511931577319015
22632,59,management,married,university.degree,0.20510331317860855
18925,37,management,married,university.degree,0.20509990679479173
16719,32,technician,married,professional.course,0.20508882873744402
24660,35,admin.,married,university.degree,0.20504326888164745
21120,33,unemployed,divorced,professional.course,0.20502414198693816
9252,40,admin.,married,university.degree,0.20497870934971288
5205,42,entrepreneur,married,high.school,0.20497756739501288
17181,59,retired,divorced,basic.9y,0.2049715465333011
14558,56,management,married,basic.4y,0.2049476963556483
26788,38,management,single,basic.9y,0.20489003976711778
31086,36,admin.,married,university.degree,0.20485856395097174
15819,36,technician,married,unknown,0.20465069204574377
1754,46,blue-collar,married,basic.4y,0.20450962204441303
22440,29,admin.,single,university.degree,0.2044788865248865
15241,35,unknown,single,high.school,0.2044421791443363
27548,56,admin.,married,basic.4y,0.20438695402442517
16140,49,admin.,married,basic.9y,0.20426116512774975
4894,30,management,single,university.degree,0.20421414301324867
30978,43,management,married,university.degree,0.20417105064024418
5101,46,entrepreneur,married,high.school,0.2041471442989259
20316,33,admin.,single,university.degree,0.20408813168303877
12533,41,blue-collar,married,unknown,0.20404190425447374
7052,38,services,married,high.school,0.2039698271879077
21220,45,technician,married,professional.course,0.20391816543858435
12675,29,admin.,single,unknown,0.20391110230564713
16864,49,technician,married,professional.course,0.20390760398634503
11056,45,admin.,married,high.school,0.20388815995735882
34394,30,blue-collar,married,basic.4y,0.20385923958881208
31070,38,blue-collar,single,basic.4y,0.20383576264242706
8201,38,student,single,university.degree,0.20382525763445283
35473,32,admin.,single,university.degree,0.2038038079904806
3477,56,blue-collar,married,basic.9y,0.20377117453007734
15173,25,blue-collar,married,basic.4y,0.20372233404454446
8225,35,blue-collar,married,basic.9y,0.20364386401871853
13516,27,blue-collar,single,basic.9y,0.20364255349444962
24305,31,self-employed,single,university.degree,0.20362875252116197
19170,37,admin.,married,university.degree,0.20353936812477055
10932,55,management,single,basic.4y,0.20353867191732763
19444,45,unemployed,married,high.school,0.20353706137570438
17937,33,technician,married,professional.course,0.2035207924591344
2622,31,services,single,high.school,0.2034791844405884
18162,40,admin.,married,university.degree,0.20346740550242096
20862,30,unknown,divorced,university.degree,0.20345580450987782
19147,49,services,married,high.school,0.20343070433049115
11327,40,blue-collar,married,basic.4y,0.203424572577146
23484,33,admin.,single,university.degree,0.20340988078139438
17316,50,blue-collar,married,basic.9y,0.20339553637698382
28955,48,services,single,high.school,0.20334102695944803
26155,31,admin.,married,university.degree,0.20333785394224624
35349,32,blue-collar,single,basic.9y,0.2032976176978409
27171,42,management,married,basic.6y,0.2032714136619137
8164,43,entrepreneur,married,basic.9y,0.20320245569721304
32701,39,services,married,high.school,0.2031690152496854
18399,39,technician,married,high.school,0.20316052818159655
18391,39,technician,married,high.school,0.20316052818159655
13349,34,self-employed,single,university.degree,0.20315615097788922
27387,46,admin.,single,high.school,0.20310599970194698
11427,47,admin.,married,university.degree,0.20307644861370677
10746,28,services,single,high.school,0.20305027650797158
11146,27,technician,single,professional.course,0.2030416463938387
9920,39,entrepreneur,married,university.degree,0.2029846664041194
11580,48,blue-collar,married,basic.9y,0.20297403752794016
23380,41,technician,divorced,professional.course,0.20289989645692
34593,30,technician,single,professional.course,0.20276201381269504
19835,36,admin.,single,university.degree,0.20275858141300138
21051,34,technician,single,university.degree,0.20274232826410551
2499,50,housemaid,single,unknown,0.20273959496039262
31229,38,blue-collar,married,high.school,0.20271109940758095
11859,47,admin.,married,basic.9y,0.20269678063577068
29953,54,technician,married,high.school,0.2026754418291352
7183,30,admin.,single,university.degree,0.20266903227834876
18986,54,technician,married,university.degree,0.20266667710344116
11358,33,technician,divorced,professional.course,0.20266405948554472
33137,29,admin.,single,professional.course,0.2026351389220456
12351,59,retired,married,basic.4y,0.2026116920171378
17381,31,management,single,university.degree,0.20260363679711446
31066,35,services,married,high.school,0.2025341643944338
12444,39,housemaid,married,basic.4y,0.20251297972950155
7351,32,blue-collar,single,basic.9y,0.20250947410551295
13137,35,self-employed,single,university.degree,0.20250101182148253
29119,40,technician,married,professional.course,0.20247280583976449
31830,44,self-employed,divorced,professional.course,0.20243151945523863
5106,30,services,single,unknown,0.20242491856966016
26683,32,blue-collar,single,basic.9y,0.20238899711282282
13797,28,admin.,single,university.degree,0.20236028872015896
1479,46,technician,divorced,basic.9y,0.20234665062068247
12622,25,admin.,divorced,professional.course,0.2022817217546579
33998,36,services,single,high.school,0.20225452809458117
20080,35,unemployed,single,university.degree,0.2021838722675395
32540,47,blue-collar,married,basic.4y,0.20215748486599608
21197,35,technician,married,professional.course,0.20214571629707043
6728,58,retired,divorced,university.degree,0.2021392802861154
9586,35,technician,married,professional.course,0.20213535816289968
13635,54,blue-collar,divorced,basic.4y,0.20199218896591017
7445,27,admin.,single,high.school,0.20198156201131742
20770,51,management,married,high.school,0.2019641614049106
18140,31,admin.,single,university.degree,0.20193584232591438
19422,31,services,married,professional.course,0.2018816021099953
26919,46,management,single,university.degree,0.2018519212999389
13579,30,self-employed,married,university.degree,0.20183779120872797
15650,26,admin.,married,high.school,0.20183336044385833
16010,31,blue-collar,married,professional.course,0.2018088253113809
8584,26,admin.,married,high.school,0.20179511426861502
24658,35,blue-collar,married,high.school,0.20177474993516195
16736,52,services,married,high.school,0.2016828743506949
8212,50,housemaid,single,unknown,0.20166372566179672
8286,46,unemployed,divorced,basic.9y,0.201641534798685
25127,36,admin.,married,university.degree,0.20161541044427903
27138,31,admin.,single,high.school,0.20160305721963037
22786,57,self-employed,married,university.degree,0.20155012407763323
33738,43,blue-collar,married,basic.4y,0.20153232427624532
21253,40,technician,married,professional.course,0.20149410169878956
26069,36,admin.,divorced,high.school,0.20148994055011482
12100,39,technician,single,professional.course,0.20147012836902384
20606,32,admin.,married,university.degree,0.20144806691680703
32531,36,services,married,high.school,0.20143244399707996
34609,31,technician,married,university.degree,0.2014222769448719
22870,51,services,married,high.school,0.20141242767898052
10157,43,entrepreneur,married,high.school,0.20140644494429474
17568,42,technician,divorced,professional.course,0.2013995722472033
8262,31,admin.,single,university.degree,0.20139028996211014
29285,44,services,single,high.school,0.20137825069774629
18201,30,blue-collar,single,high.school,0.20132537410233045
212,59,admin.,married,university.degree,0.20131624472386422
10740,29,admin.,single,university.degree,0.20128996657573048
26793,49,self-employed,married,university.degree,0.20128701384154052
27133,43,management,single,high.school,0.20127531664837406
26735,31,services,single,high.school,0.20126392025269688
26974,30,services,married,high.school,0.20125433707791557
3093,38,management,married,basic.6y,0.20122431234834517
2139,30,blue-collar,single,basic.9y,0.20116324049095496
16277,38,self-employed,single,unknown,0.20115178739663409
16759,39,services,divorced,high.school,0.2010599397383565
10346,57,technician,married,basic.9y,0.20104193605472961
20253,55,admin.,married,professional.course,0.20089623156949443
31677,42,blue-collar,married,basic.4y,0.2007549651480218
8615,52,blue-collar,married,basic.4y,0.2007300034353552
15292,30,technician,single,university.degree,0.20072445595880925
31053,52,management,divorced,university.degree,0.20068438955771115
7936,39,admin.,single,unknown,0.2006792990610862
14603,25,blue-collar,married,high.school,0.20067864583398912
9847,36,blue-collar,married,basic.6y,0.2006614647872004
19548,39,admin.,single,high.school,0.20063016307043124
21318,31,technician,single,professional.course,0.20062354907694183
10571,30,admin.,single,high.school,0.2006151731976738
22042,56,retired,married,basic.4y,0.20058788716963666
9248,42,blue-collar,married,basic.9y,0.2005646158230939
6463,56,retired,married,basic.4y,0.20052853126616704
23793,40,self-employed,married,university.degree,0.2004667563390193
27473,34,admin.,single,university.degree,0.20036221015944716
4362,39,admin.,single,unknown,0.20034238438125498
4821,32,services,married,high.school,0.20033016812603788
1026,37,blue-collar,single,basic.9y,0.20030165132540542
23519,37,admin.,single,university.degree,0.20029478050675587
11212,47,blue-collar,married,basic.6y,0.20026924064786583
26811,44,self-employed,married,basic.9y,0.2002325682298993
17811,47,admin.,married,high.school,0.20017436471606914
20873,32,admin.,single,university.degree,0.200158214627334
29336,36,services,married,high.school,0.20014980233232704
6978,43,unemployed,married,university.degree,0.20014875098239163
1327,47,blue-collar,married,basic.9y,0.20013934083976564
4604,41,admin.,single,high.school,0.20013096712723097
35234,28,self-employed,married,basic.9y,0.20013089487365993
22030,50,admin.,married,university.degree,0.20006926638995703
27476,50,retired,married,university.degree,0.20001491755607742
19413,34,admin.,divorced,high.school,0.20000787371120865
17472,56,blue-collar,married,basic.4y,0.20000714489127244
29460,29,services,single,high.school,0.19989837065673532
33977,36,blue-collar,married,basic.4y,0.19986944363280343
34683,28,blue-collar,married,basic.9y,0.1998449578969656
2634,32,blue-collar,single,basic.9y,0.1997815619260137
29318,42,services,married,high.school,0.19977298106683009
23967,60,admin.,married,basic.9y,0.19977234164373733
24488,32,blue-collar,married,high.school,0.19976797484613776
25759,32,entrepreneur,married,high.school,0.1997641155409365
12703,41,blue-collar,married,unknown,0.19975545223391022
18501,52,blue-collar,married,basic.9y,0.19972201627687888
20663,33,admin.,single,university.degree,0.19967006516955355
7584,32,technician,married,professional.course,0.19964217081542876
21136,31,admin.,married,university.degree,0.1995952759617001
10553,37,self-employed,married,basic.9y,0.19958126538080326
29367,36,technician,married,professional.course,0.19958051337552812
20214,35,technician,married,professional.course,0.19950048482962363
32522,30,admin.,married,university.degree,0.19946665499933075
22629,48,self-employed,married,high.school,0.19943212773934565
7007,31,admin.,married,university.degree,0.1994171924304754
32974,24,technician,single,basic.9y,0.19939775455212094
15302,25,blue-collar,married,basic.4y,0.19938466168796332
17712,43,admin.,married,high.school,0.19934605406285758
25552,29,entrepreneur,married,basic.9y,0.19915838067448108
7589,49,blue-collar,divorced,high.school,0.19914745205290402
15704,35,entrepreneur,single,university.degree,0.1991324806280527
11072,35,admin.,married,high.school,0.19911586918200172
19832,34,admin.,married,university.degree,0.1990915515533077
19787,34,admin.,married,university.degree,0.1990915515533077
6667,40,services,married,basic.6y,0.1989601411687747
28113,46,management,married,high.school,0.19895875446555383
21688,30,technician,single,professional.course,0.19894861188179366
35474,52,blue-collar,married,basic.9y,0.1988972939240686
12096,30,entrepreneur,divorced,university.degree,0.19889088335696534
5353,38,entrepreneur,married,university.degree,0.1988882853330597
1762,36,entrepreneur,married,university.degree,0.1988837022422069
3844,48,admin.,divorced,professional.course,0.19879555715283032
24348,31,blue-collar,married,basic.9y,0.19871515977240642
19321,46,blue-collar,divorced,professional.course,0.19866411356491956
11483,36,blue-collar,married,basic.4y,0.19864164073171417
27351,50,management,married,professional.course,0.19862009925854784
12426,45,management,married,unknown,0.1986005935641219
24913,30,unemployed,married,high.school,0.19860052401051692
9065,43,blue-collar,married,basic.9y,0.19858766516125162
27360,40,unemployed,divorced,university.degree,0.19854637067571101
17802,51,technician,married,professional.course,0.19854441733576367
13496,57,technician,divorced,professional.course,0.19853500861531437
32032,35,management,married,university.degree,0.1985165046905279
21767,48,blue-collar,married,basic.9y,0.19850647130428364
33578,33,blue-collar,single,professional.course,0.19849657022918824
19887,54,admin.,married,high.school,0.19847131880139673
18936,41,unknown,married,unknown,0.19845991690210227
33401,36,admin.,married,high.school,0.19844317434088604
13435,51,blue-collar,divorced,basic.4y,0.19844083243358518
25894,29,blue-collar,married,high.school,0.19840082552217775
16346,35,services,married,unknown,0.19836523806906084
20272,39,technician,married,professional.course,0.19831676128010176
33716,38,admin.,married,university.degree,0.19830356696293364
25566,36,admin.,divorced,high.school,0.19828163630793752
29126,41,blue-collar,married,basic.9y,0.19825942926044565
8236,37,admin.,single,high.school,0.19822315325616693
18914,35,technician,single,professional.course,0.19820348335802015
11979,36,admin.,married,university.degree,0.19816603476789718
9431,27,self-employed,single,university.degree,0.19812926113349458
9595,31,admin.,single,university.degree,0.19805993383483847
22248,56,retired,married,basic.4y,0.1980578843894788
29079,35,blue-collar,married,basic.4y,0.19803858336426353
26844,33,admin.,married,university.degree,0.19801710742374967
16282,38,blue-collar,divorced,basic.4y,0.1979809183979062
7956,40,technician,single,professional.course,0.19797720788808826
24733,50,technician,married,professional.course,0.1979574985646802
20929,34,technician,married,high.school,0.1979074391613536
13763,33,blue-collar,married,basic.9y,0.19787880462910837
11532,31,blue-collar,married,basic.6y,0.19787803492494832
17519,42,services,divorced,high.school,0.19785391887900727
31448,36,management,single,university.degree,0.19785148128624627
35525,38,technician,single,university.degree,0.19782871120751327
10625,32,management,single,university.degree,0.19781685840049923
8831,43,blue-collar,single,professional.course,0.19780991936366438
8533,29,unemployed,married,high.school,0.19774251547712537
21541,35,entrepreneur,divorced,professional.course,0.1977143960608658
19320,59,housemaid,married,basic.4y,0.19765190262750784
10449,42,admin.,single,high.school,0.19764119497721605
22222,49,blue-collar,married,basic.6y,0.19762836340201578
19314,57,retired,married,basic.4y,0.1974815626633796
23777,50,management,married,university.degree,0.19745420801165217
12709,53,services,married,high.school,0.19741388173970265
19854,29,admin.,single,university.degree,0.19739907329246612
33009,55,self-employed,married,university.degree,0.19735849319640245
16073,59,retired,married,basic.6y,0.19735633949938713
24433,46,admin.,married,high.school,0.19733551767299215
34595,30,blue-collar,married,basic.6y,0.19730034508219632
24933,49,management,married,university.degree,0.19727992853734672
12890,40,technician,divorced,professional.course,0.19715745951066357
8263,40,admin.,single,high.school,0.19715599985828322
22669,34,technician,married,university.degree,0.19714652194714413
6912,47,blue-collar,single,basic.9y,0.19711403424684132
5246,49,entrepreneur,married,university.degree,0.1970810732353515
10496,35,blue-collar,married,basic.9y,0.1970798550643255
5990,38,admin.,single,university.degree,0.19703728197751857
18435,41,services,divorced,high.school,0.19697162787325934
9516,33,technician,married,professional.course,0.19696908636579244
32918,47,blue-collar,married,high.school,0.19695708141901436
8887,29,entrepreneur,divorced,basic.9y,0.1969451238422641
16580,29,self-employed,married,professional.course,0.19693244182572126
24414,54,admin.,married,basic.9y,0.19690823888845743
13051,33,blue-collar,married,basic.6y,0.19683766413206555
23267,31,technician,single,high.school,0.19679088758473604
27354,51,admin.,married,university.degree,0.1967631834387554
9090,50,blue-collar,married,basic.4y,0.19675575292420838
29553,32,admin.,married,high.school,0.19671617792645865
12383,51,admin.,married,illiterate,0.1966450429505355
1196,50,blue-collar,married,basic.9y,0.19660704211811858
33150,48,blue-collar,married,basic.9y,0.19655530302239874
11866,55,technician,married,professional.course,0.1965289396721629
9996,36,technician,married,high.school,0.1965283623622245
10256,29,admin.,divorced,university.degree,0.1965172344694704
9475,26,services,single,high.school,0.19646091062102367
12393,29,unemployed,divorced,university.degree,0.19642962022763238
25706,32,services,married,high.school,0.19641180170053946
7217,38,admin.,single,basic.9y,0.19636834892237043
24744,35,technician,divorced,professional.course,0.1963626612753406
23587,30,technician,married,high.school,0.19633745087947765
11957,46,blue-collar,married,basic.6y,0.1962392880644734
22134,52,admin.,married,unknown,0.19617977895102584
16592,40,admin.,divorced,high.school,0.19616397080016987
26171,38,admin.,single,university.degree,0.1961513577665675
33471,50,blue-collar,married,basic.9y,0.19614250898936883
15217,56,admin.,divorced,basic.6y,0.19612611109893055
30658,33,management,married,university.degree,0.19612334410313598
24821,35,unemployed,single,basic.6y,0.1961006400495171
18945,44,blue-collar,married,basic.9y,0.19601215133880548
25882,43,management,married,university.degree,0.19601139156206052
13793,51,housemaid,divorced,high.school,0.19593662260142802
32147,36,blue-collar,married,high.school,0.1959175424241506
25068,53,management,married,university.degree,0.19583508141502687
33293,47,admin.,divorced,high.school,0.19582848293972044
30735,35,technician,divorced,professional.course,0.19582363433650843
27194,44,services,married,high.school,0.19578186896389888
19323,46,blue-collar,married,basic.9y,0.19570928195434878
31493,52,blue-collar,married,basic.4y,0.19567431522284448
9008,31,entrepreneur,married,university.degree,0.19565935483303534
4114,52,entrepreneur,married,university.degree,0.1956537574259366
30712,40,admin.,single,high.school,0.1956260523939594
30807,40,admin.,single,high.school,0.1956260523939594
5798,30,blue-collar,married,basic.9y,0.19559947357571006
23643,35,admin.,married,university.degree,0.1955941234000165
18996,38,blue-collar,single,high.school,0.19557999243729157
32404,34,management,single,university.degree,0.19555665546314768
21753,43,management,married,university.degree,0.19550127360939637
33085,32,services,married,high.school,0.19544693837700622
14158,49,technician,married,university.degree,0.1954452321570658
26566,58,admin.,married,university.degree,0.1954015366088111
8488,36,admin.,single,high.school,0.1953773982314744
12371,40,blue-collar,married,basic.9y,0.19534567948063042
3238,43,unemployed,married,university.degree,0.19534306189139483
25806,47,management,married,university.degree,0.1953353862099133
35477,52,admin.,divorced,basic.9y,0.19532026366466532
12151,31,blue-collar,married,basic.4y,0.19531229189140625
11706,38,technician,divorced,professional.course,0.19528610235692706
13228,28,technician,married,university.degree,0.1951707659431426
30883,54,services,divorced,university.degree,0.19516674511404475
10992,27,management,single,high.school,0.19509989616691342
34478,30,admin.,single,university.degree,0.19509362543160363
19943,34,admin.,divorced,high.school,0.195082193763819
31806,27,blue-collar,single,basic.9y,0.19504525190408475
9820,39,admin.,single,high.school,0.19502987055303214
23520,46,admin.,married,high.school,0.19500703523690316
9195,37,blue-collar,married,basic.9y,0.1949951534779304
19238,49,housemaid,married,basic.4y,0.194972599877996
23247,58,housemaid,married,professional.course,0.1949423392434369
29158,35,blue-collar,divorced,basic.6y,0.1948890620684707
11592,34,blue-collar,married,basic.6y,0.1948698278045452
27650,44,admin.,married,university.degree,0.19484400496485843
16556,31,blue-collar,married,basic.4y,0.19481090527018274
21054,59,retired,married,university.degree,0.1947874950761454
14286,47,retired,single,basic.6y,0.19471754601266927
3338,30,admin.,married,university.degree,0.1946642124625539
31659,35,blue-collar,married,basic.9y,0.19465927159373486
9404,43,blue-collar,married,basic.9y,0.1946440231377392
30694,35,services,married,high.school,0.19464043228388067
18260,43,admin.,divorced,high.school,0.19458050678896385
35468,46,admin.,divorced,basic.6y,0.19457612984717948
13252,34,admin.,single,university.degree,0.19457475156575582
15994,37,admin.,single,high.school,0.19438360041013433
14673,50,management,married,university.degree,0.19438259039148734
19853,29,admin.,single,university.degree,0.19427145186040964
25425,38,technician,divorced,high.school,0.19423320562193966
10714,45,management,married,university.degree,0.19422821473599275
27421,52,admin.,married,high.school,0.194151480473809
17750,55,blue-collar,divorced,basic.9y,0.1941439435193562
3022,33,blue-collar,single,high.school,0.19403624600377992
11107,46,blue-collar,divorced,basic.6y,0.19393181516029498
7408,58,housemaid,married,basic.4y,0.19392059565920305
10924,28,admin.,single,university.degree,0.19389488493507126
17004,38,technician,divorced,university.degree,0.19387896782734604
33811,41,technician,married,basic.9y,0.19385584759951233
15214,29,unemployed,married,university.degree,0.19385242294558352
14701,56,admin.,married,basic.4y,0.1938443382042755
22271,44,blue-collar,married,basic.4y,0.19365128801074077
12110,35,admin.,married,university.degree,0.19362007738676404
29492,34,technician,married,professional.course,0.19358567552135791
321,53,admin.,single,basic.6y,0.19356347375604563
22766,50,technician,divorced,professional.course,0.19355778146637634
32841,30,admin.,married,high.school,0.19348526801171462
12436,47,services,single,basic.9y,0.1934761694264726
9210,44,blue-collar,married,basic.9y,0.19343690613208317
20540,58,housemaid,married,basic.4y,0.1934089947100967
2902,45,blue-collar,married,basic.4y,0.19332784781418297
11216,33,management,married,university.degree,0.19324592438441907
7460,42,unemployed,divorced,high.school,0.19322338130849723
19973,31,admin.,married,university.degree,0.19318323263201329
17143,45,admin.,married,professional.course,0.19318184277806355
14994,39,blue-collar,married,basic.4y,0.1931308605905676
24896,39,self-employed,married,university.degree,0.19302458495039598
5841,44,housemaid,married,basic.9y,0.19302266679076616
14997,28,admin.,single,high.school,0.19295167229107388
22289,33,admin.,single,high.school,0.1929435689956776
11992,36,blue-collar,married,unknown,0.19293427965230187
21466,50,admin.,divorced,university.degree,0.19279811941681277
25302,56,retired,divorced,university.degree,0.1927470720183719
17425,50,management,divorced,university.degree,0.19272798816482875
18189,42,admin.,single,high.school,0.1926582446437271
19182,48,housemaid,married,basic.4y,0.1926508446121639
4981,33,services,divorced,high.school,0.19261348511141965
18395,37,blue-collar,divorced,basic.9y,0.19260209235983244
25770,29,services,married,high.school,0.19255047471556974
16126,40,management,married,university.degree,0.19253897576849838
27010,57,admin.,divorced,university.degree,0.19250835075911157
10538,31,blue-collar,married,professional.course,0.19250805355078207
11344,36,admin.,married,high.school,0.19250758240494625
26112,47,housemaid,divorced,basic.4y,0.19242003231990792
12064,33,technician,single,professional.course,0.1923622429940919
30987,38,technician,divorced,professional.course,0.1923151709803742
1193,38,admin.,single,university.degree,0.1923026928976803
29550,38,blue-collar,divorced,basic.6y,0.1920593157458611
14424,44,services,divorced,basic.9y,0.19195670429259704
23937,60,admin.,married,basic.9y,0.1918972273139288
25194,39,admin.,married,university.degree,0.19184875947237023
11603,29,admin.,married,university.degree,0.1918034627264668
21362,44,management,married,university.degree,0.19177202099390225
18593,44,unknown,married,unknown,0.19176469997479717
25527,32,technician,married,professional.course,0.1917570748109635
20100,41,self-employed,married,professional.course,0.19171495159868038
19579,46,technician,single,university.degree,0.1916747329465881
9226,46,self-employed,single,high.school,0.19164992005074044
21554,46,admin.,married,university.degree,0.1915758530857515
17786,48,services,married,high.school,0.1915374052905867
2264,35,admin.,single,university.degree,0.19153264487626284
23035,50,admin.,divorced,university.degree,0.19151596822176262
18028,37,admin.,single,university.degree,0.19151473843017436
14255,22,blue-collar,single,basic.9y,0.19146348327896245
31113,37,blue-collar,divorced,basic.9y,0.19145960345422455
8524,54,admin.,divorced,unknown,0.1914439105380804
18334,55,technician,married,professional.course,0.19143396491680037
8696,47,blue-collar,married,unknown,0.19142248148082155
18182,55,blue-collar,married,professional.course,0.19140134549149967
11100,35,student,single,university.degree,0.19139352467413356
10808,28,admin.,single,high.school,0.19136353077425158
21905,53,admin.,married,university.degree,0.1913016271233563
13235,45,blue-collar,divorced,basic.4y,0.19125720516193914
23432,46,technician,divorced,professional.course,0.1911917766618543
27219,31,admin.,single,university.degree,0.1910767756156363
13140,51,blue-collar,married,basic.4y,0.19104047159577014
14787,39,technician,married,high.school,0.19102005880149442
27013,37,blue-collar,married,basic.9y,0.1910052253111621
17035,37,admin.,married,basic.6y,0.19099853124585608
31900,31,services,single,high.school,0.19096267794996696
23291,31,management,married,university.degree,0.1908580662665443
9867,37,blue-collar,married,basic.6y,0.1908576599865281
21953,54,admin.,married,university.degree,0.19085271452449815
23661,30,admin.,single,university.degree,0.19083313609863936
4139,52,management,married,basic.4y,0.19081381969043007
2857,40,services,married,high.school,0.19080215534901948
8676,48,admin.,divorced,professional.course,0.19078885987118432
11797,30,blue-collar,married,basic.9y,0.19073900717033404
19241,39,technician,single,university.degree,0.19072922573231715
32271,40,services,married,basic.4y,0.19069521733404318
21297,31,technician,married,professional.course,0.19066879348506405
9371,50,self-employed,married,university.degree,0.19054625033265649
23827,29,admin.,single,university.degree,0.19051245613293222
40632,30,services,single,university.degree,0.19051141731609306
27252,50,admin.,divorced,university.degree,0.19050200106476897
7035,52,services,divorced,high.school,0.19049783652164
7426,39,technician,married,professional.course,0.19045433655976346
9809,33,admin.,married,university.degree,0.19026652246331824
21814,55,services,married,basic.4y,0.19019955912843658
31920,59,blue-collar,married,basic.9y,0.19018446290735533
24372,42,technician,married,high.school,0.19018138749591704
10860,51,blue-collar,single,basic.9y,0.1901789200447968
15147,45,services,married,basic.9y,0.19009324230833954
33632,40,blue-collar,single,basic.9y,0.19005974928744446
19655,37,housemaid,married,high.school,0.19002624496762613
18556,37,housemaid,single,professional.course,0.1899972278984046
35370,27,blue-collar,single,basic.9y,0.1899938194843466
27388,54,admin.,divorced,high.school,0.1899574409791028
25354,42,blue-collar,married,basic.6y,0.18989621872083792
3115,28,services,married,basic.9y,0.18988637210934345
28837,38,entrepreneur,married,basic.4y,0.18988481964227616
11481,46,blue-collar,married,basic.6y,0.18983455588123965
22702,36,technician,single,university.degree,0.1897929547959899
17613,36,housemaid,married,basic.4y,0.18972413404959673
32527,49,technician,married,professional.course,0.1897141910022007
7165,51,services,married,basic.6y,0.18969022143548536
35716,39,self-employed,married,high.school,0.1896534131833757
21936,39,admin.,single,university.degree,0.18964580517091204
21015,32,technician,single,university.degree,0.18960090069606558
33034,36,technician,married,university.degree,0.18959354709402848
33031,41,services,single,high.school,0.1895533571506705
16859,51,housemaid,divorced,high.school,0.1895477841608007
9253,51,technician,married,basic.6y,0.18953191407993825
25064,46,management,married,high.school,0.18949013670599546
9437,54,admin.,married,unknown,0.1894416109323017
17078,47,blue-collar,married,basic.4y,0.1894060315468577
4770,60,technician,divorced,professional.course,0.18930499483131397
22588,32,technician,single,professional.course,0.18927978007353827
3653,30,entrepreneur,married,high.school,0.18926826919370052
19379,54,technician,married,professional.course,0.18926634411618848
30785,43,blue-collar,married,basic.9y,0.1892106964282167
7656,40,admin.,single,university.degree,0.18919180136214467
7773,39,unemployed,married,university.degree,0.18918518954158756
20747,57,blue-collar,married,basic.9y,0.18906604703045674
878,28,unknown,single,basic.9y,0.18906397573251824
10198,33,blue-collar,married,basic.9y,0.18902544047072622
25583,29,management,married,basic.9y,0.1889682505162742
28919,34,technician,divorced,basic.9y,0.1889668622484991
33687,41,blue-collar,married,basic.9y,0.18892231487140165
14329,54,blue-collar,married,basic.4y,0.18892119540909255
26644,36,unemployed,single,basic.9y,0.18885741073435386
16382,56,housemaid,single,basic.4y,0.1888569268894892
13774,41,entrepreneur,divorced,professional.course,0.188826941895801
4056,55,admin.,married,university.degree,0.18875795740396709
26812,39,services,single,university.degree,0.1887042827360336
883,47,retired,married,basic.4y,0.18866949182775167
14946,29,technician,single,university.degree,0.18866617247170323
16051,46,housemaid,divorced,basic.4y,0.18863563616639623
7266,42,admin.,single,university.degree,0.18862852910941413
3055,41,admin.,single,university.degree,0.18862756272701542
3818,51,retired,married,university.degree,0.18851923996994166
15652,29,blue-collar,married,basic.9y,0.18845966824911653
7586,38,admin.,divorced,high.school,0.1883641249511823
9105,54,technician,married,basic.9y,0.1882965708515229
19947,32,admin.,married,university.degree,0.18828986102536066
33460,28,technician,single,basic.9y,0.18826126335070803
7001,48,blue-collar,married,basic.6y,0.18825876980047057
14280,36,admin.,single,high.school,0.18824690485446602
11302,35,management,married,high.school,0.18820175440675427
13716,46,blue-collar,single,basic.9y,0.1881939357066028
17323,44,management,married,high.school,0.18815778753448179
34078,47,blue-collar,single,basic.6y,0.18809206994261804
27237,31,admin.,single,high.school,0.1880920289400865
25054,32,unemployed,married,university.degree,0.18808990973647577
18009,40,unemployed,divorced,university.degree,0.18807839328895895
13359,39,entrepreneur,divorced,basic.4y,0.18794344349250214
22479,35,technician,single,high.school,0.1879070337886364
23900,29,admin.,single,university.degree,0.18785960213193142
12091,49,housemaid,divorced,basic.4y,0.18783731633000617
15730,48,entrepreneur,married,basic.9y,0.18781476611476172
17118,56,technician,married,unknown,0.1877407435895142
12853,42,blue-collar,married,basic.6y,0.1877329987491232
33588,53,technician,married,basic.6y,0.18768707367598494
33964,41,blue-collar,single,basic.4y,0.18768669221938356
31867,27,technician,married,professional.course,0.18767730687774598
8590,32,services,married,high.school,0.187675582751352
10178,49,technician,married,professional.course,0.18760146978365763
22619,59,blue-collar,married,basic.9y,0.18755685731752814
17938,48,services,married,basic.6y,0.18750288617995062
34691,49,entrepreneur,married,university.degree,0.18745735295028088
26016,52,management,married,university.degree,0.18738050126109448
9100,35,blue-collar,married,basic.9y,0.18737468531622162
22353,29,admin.,single,university.degree,0.18731554376411985
29369,42,services,single,high.school,0.18727875041056535
15952,35,entrepreneur,single,university.degree,0.18722277827509753
13233,55,admin.,divorced,high.school,0.18722130267014425
19818,32,technician,married,university.degree,0.18716137696409565
21906,57,services,married,professional.course,0.1871501739979532
8929,42,blue-collar,married,basic.4y,0.18714647089031083
28644,38,blue-collar,married,basic.4y,0.1870960458977247
8605,28,blue-collar,single,basic.9y,0.1870475328060885
14533,37,services,married,high.school,0.1870328578780095
6505,26,admin.,single,high.school,0.1870134250244126
7462,33,admin.,married,university.degree,0.18698016988887478
7381,27,student,single,university.degree,0.18691359061054919
7652,42,services,married,high.school,0.18689096726395174
16617,40,entrepreneur,married,basic.4y,0.18685107507451376
15286,29,admin.,married,university.degree,0.18683356883122648
20205,43,technician,married,professional.course,0.18682663902816482
30929,30,management,single,university.degree,0.1867547254875107
23536,50,unemployed,married,basic.9y,0.18670120568807202
22580,37,admin.,single,university.degree,0.18664723635170297
20800,31,technician,married,professional.course,0.186619356024234
19691,60,retired,married,professional.course,0.1865704868440625
31164,25,admin.,single,university.degree,0.18656846837156607
8610,32,housemaid,married,university.degree,0.18653871211060608
15562,25,services,single,unknown,0.18653357448706284
8331,43,admin.,divorced,university.degree,0.18644226713637035
33112,50,unknown,married,basic.4y,0.18640027634841372
9482,33,self-employed,married,basic.9y,0.18635921167936492
8118,36,blue-collar,married,basic.9y,0.1863312932498285
13230,26,blue-collar,single,basic.4y,0.18631563106516252
22691,48,self-employed,married,high.school,0.18626980749879074
23129,37,housemaid,married,basic.4y,0.18624116766409618
17617,47,blue-collar,divorced,basic.9y,0.18623268910032484
28971,34,blue-collar,divorced,basic.4y,0.1862143664943662
8885,56,technician,married,professional.course,0.18620419449995498
22239,46,self-employed,married,university.degree,0.18618279495155385
23812,45,services,married,professional.course,0.18617317813165116
10702,50,entrepreneur,married,university.degree,0.1861464454149597
4255,52,blue-collar,single,basic.9y,0.18612965390772754
7559,32,admin.,single,university.degree,0.18611552779357168
8538,41,technician,married,basic.9y,0.18606197727314316
24234,30,services,married,university.degree,0.18598517233844947
14530,37,admin.,single,university.degree,0.1859540316649512
600,32,admin.,single,university.degree,0.18593798908356496
9270,46,blue-collar,married,basic.4y,0.18581645952412373
12195,42,management,married,university.degree,0.18580820785608296
20466,54,admin.,married,high.school,0.1858067393150913
16602,29,technician,single,university.degree,0.185741629427393
14140,29,management,single,university.degree,0.18569881879474676
5044,27,services,married,high.school,0.18562978646299017
19747,51,blue-collar,married,basic.4y,0.18562602321300495
12611,38,housemaid,single,basic.4y,0.18562175565682357
28882,33,management,married,basic.9y,0.18562039812187725
25123,48,self-employed,married,university.degree,0.1855913198969118
16350,31,admin.,single,university.degree,0.185556566540912
23593,29,management,single,university.degree,0.18554507912901308
19822,33,admin.,married,professional.course,0.18550882387168677
18261,40,services,married,high.school,0.18550784810695248
21179,46,blue-collar,married,basic.6y,0.1854168589487481
16005,27,blue-collar,single,basic.6y,0.18538309952944546
23111,37,admin.,married,university.degree,0.1852641571846408
21684,33,admin.,married,high.school,0.18517040015491396
18978,30,admin.,married,university.degree,0.18514340087435138
30796,46,blue-collar,married,high.school,0.18513639972080967
25098,40,blue-collar,divorced,basic.9y,0.1851248013788402
3317,24,student,single,high.school,0.1850434904184349
1465,44,entrepreneur,married,high.school,0.18497665927459772
20141,32,admin.,single,university.degree,0.1849429438280075
1314,54,admin.,married,university.degree,0.18492797891191884
3920,44,blue-collar,married,basic.6y,0.18489818904262056
21994,30,admin.,single,university.degree,0.18488815813023735
9469,42,entrepreneur,single,university.degree,0.18488355302811346
33210,32,admin.,single,university.degree,0.18486821949078658
8592,27,blue-collar,single,basic.6y,0.18486639241091019
13750,44,blue-collar,married,basic.9y,0.18483538596145466
9691,40,blue-collar,married,basic.6y,0.18482016209708438
19415,54,retired,married,high.school,0.1848027623357522
17762,53,entrepreneur,married,university.degree,0.18477978682248417
24174,34,admin.,married,university.degree,0.18475666690413228
32031,35,blue-collar,married,unknown,0.1847383958410035
26769,39,entrepreneur,married,university.degree,0.18470741261084067
19556,50,services,married,basic.6y,0.18469975992023513
9786,26,admin.,married,high.school,0.18464715324039205
3446,44,services,married,high.school,0.18462708327415447
161,37,blue-collar,single,basic.9y,0.184604627332134
8545,58,blue-collar,divorced,unknown,0.18457753813676095
22572,48,admin.,married,university.degree,0.18457249126240158
15692,41,blue-collar,single,university.degree,0.18451287422963664
6452,52,entrepreneur,married,basic.9y,0.1845114755029768
12044,34,admin.,married,university.degree,0.1845103738063273
7149,31,blue-collar,married,basic.9y,0.18448533496985964
8895,35,admin.,single,basic.4y,0.184470332782808
8160,41,management,married,unknown,0.1844368297743432
2920,50,housemaid,married,basic.9y,0.18438553519754217
15865,22,blue-collar,single,unknown,0.18434575539721976
8854,53,blue-collar,married,basic.4y,0.18431143720442097
11604,40,admin.,married,high.school,0.1841624952595679
28819,24,blue-collar,married,professional.course,0.1841608558970885
11874,42,admin.,divorced,university.degree,0.18408974363918823
15040,32,admin.,married,university.degree,0.1840633084957385
18546,33,unemployed,married,high.school,0.18406140074788582
17403,58,retired,married,unknown,0.18405812617920794
4796,40,admin.,married,university.degree,0.18405287304638776
11120,33,self-employed,single,university.degree,0.1839804338210052
1550,50,entrepreneur,married,basic.9y,0.18393237635305937
2671,28,student,single,high.school,0.1838937200318583
22707,32,admin.,single,university.degree,0.1838760523303545
32607,29,admin.,divorced,basic.9y,0.18383882031567925
23774,36,admin.,single,university.degree,0.18383250582873142
26308,34,management,married,university.degree,0.1838150819892494
4463,44,management,married,university.degree,0.18380024024400263
10298,40,admin.,single,university.degree,0.1836748773730146
20044,49,technician,married,professional.course,0.18356449393006105
25485,36,technician,married,university.degree,0.18355666829251227
20983,34,technician,married,high.school,0.18351472504426852
23486,48,technician,married,university.degree,0.18347615838634682
10748,35,self-employed,married,basic.9y,0.18346169534795884
17451,40,blue-collar,married,professional.course,0.18344722554096957
30919,36,entrepreneur,married,high.school,0.18339047919237125
21542,42,admin.,divorced,university.degree,0.18338978414620186
2775,33,blue-collar,married,high.school,0.18335445267242434
33052,37,services,married,high.school,0.18331429039724306
6560,31,blue-collar,married,basic.6y,0.18326541934554638
2759,34,blue-collar,single,high.school,0.1832459569042702
2492,33,management,single,university.degree,0.18323433585589227
24143,52,admin.,married,university.degree,0.18321089536132226
21899,43,management,married,university.degree,0.18318727572101082
11997,28,services,single,basic.9y,0.18318125161278598
29752,39,management,married,university.degree,0.18317138486076337
18894,60,retired,married,basic.6y,0.1831301977283561
10524,39,blue-collar,married,basic.6y,0.1831145284075547
19039,39,technician,divorced,professional.course,0.18310022388877603
11153,35,admin.,married,high.school,0.18287972562176424
11614,35,blue-collar,single,basic.6y,0.18283212043199712
24137,57,blue-collar,divorced,basic.9y,0.18282744104024304
23745,32,management,single,university.degree,0.18279738422279337
13727,42,blue-collar,married,basic.9y,0.1827950368321844
3971,31,technician,single,university.degree,0.1827143658392858
21402,31,admin.,single,university.degree,0.18266799065234426
11725,33,admin.,married,professional.course,0.1826374037787332
35755,33,admin.,married,university.degree,0.18262295700192488
31916,35,services,married,professional.course,0.18258269230978189
22655,58,technician,divorced,professional.course,0.18255794348543516
14330,52,blue-collar,married,unknown,0.1825568785903403
8977,31,technician,single,university.degree,0.18255594597665165
16272,43,services,divorced,unknown,0.1825219047217283
34932,28,blue-collar,single,basic.6y,0.18251866269462763
18038,46,services,divorced,high.school,0.1824482698355087
40841,32,admin.,single,university.degree,0.18243219570666916
5148,48,technician,married,high.school,0.18242494809774842
4082,29,services,single,university.degree,0.18241857225940133
9329,42,housemaid,single,basic.4y,0.18240526991542239
18181,58,blue-collar,married,basic.4y,0.1823472744089643
33316,32,blue-collar,divorced,basic.9y,0.1822239974092427
14610,45,blue-collar,married,basic.4y,0.1822170488048208
21830,33,admin.,married,university.degree,0.18217371429224768
23054,38,admin.,married,university.degree,0.1820091706913673
22507,57,technician,married,professional.course,0.18194563314153261
19534,40,housemaid,divorced,basic.9y,0.1819378924552254
1755,27,services,single,high.school,0.18192132466629743
10413,35,admin.,divorced,high.school,0.1819147496568027
25510,45,technician,divorced,professional.course,0.18191083975020964
19793,39,management,married,university.degree,0.18183832242916798
25107,39,management,married,university.degree,0.18179708308888123
24753,39,management,married,university.degree,0.18179708308888123
34242,29,admin.,single,high.school,0.1817713237338384
20758,47,admin.,married,professional.course,0.18176543155412156
10290,52,services,married,university.degree,0.18171982065638162
26802,43,technician,married,high.school,0.1817138006941098
3388,47,technician,married,professional.course,0.18170603450608908
16243,49,admin.,married,basic.9y,0.18164582219413397
19132,46,technician,married,professional.course,0.18163964463550375
27452,44,admin.,married,high.school,0.18161899203949328
13414,28,admin.,single,university.degree,0.18161096659504383
24537,48,technician,married,unknown,0.18159251510962626
14716,33,services,married,high.school,0.18157721121669743
31417,39,management,married,university.degree,0.1815716776379726
13100,29,admin.,single,high.school,0.18156304205028218
12135,31,housemaid,married,basic.4y,0.18152150890991464
11235,52,retired,divorced,basic.4y,0.18143642207460617
8763,23,services,single,professional.course,0.18140522089382485
6602,42,entrepreneur,married,high.school,0.18134675405119727
9596,30,admin.,single,high.school,0.18126924470484823
9654,36,admin.,married,university.degree,0.18126201729330596
12973,35,technician,married,professional.course,0.18125321018318297
29175,43,blue-collar,married,basic.6y,0.18108423714559738
16792,32,student,single,high.school,0.18104547112817593
19389,34,admin.,single,university.degree,0.18100414780346794
31757,39,technician,married,professional.course,0.18097969265873792
21232,32,management,married,university.degree,0.1809700110199279
1677,27,services,single,high.school,0.1808982770115633
27344,39,services,married,high.school,0.1808956915855176
11051,57,retired,divorced,professional.course,0.18089450832745538
3872,36,retired,married,high.school,0.1808469228615917
456,51,management,married,professional.course,0.18083774847952477
22776,29,technician,single,professional.course,0.18081607317792567
2215,51,technician,married,professional.course,0.1807506860850638
8868,28,blue-collar,married,basic.9y,0.18072790289822666
16743,41,blue-collar,married,high.school,0.18070570786046228
1410,38,entrepreneur,married,basic.6y,0.18070533096336944
12716,60,management,married,unknown,0.1807050487055209
15496,53,self-employed,married,university.degree,0.18061709944523
7526,36,blue-collar,married,basic.9y,0.18039221908926423
8713,49,blue-collar,married,unknown,0.18034502233109687
2434,34,blue-collar,married,basic.9y,0.18023185342469683
9417,42,admin.,single,university.degree,0.18007652992785847
3155,44,technician,married,professional.course,0.18004201875773826
8247,57,blue-collar,divorced,basic.9y,0.18003944051258972
11854,38,self-employed,single,basic.9y,0.18003156370980133
27625,42,admin.,married,high.school,0.1799844895090522
31262,42,blue-collar,married,basic.9y,0.1799022867262737
27315,56,unemployed,divorced,high.school,0.17989378407554577
3936,53,technician,married,professional.course,0.17988940647334334
34213,52,admin.,married,university.degree,0.17986891823892223
13738,42,blue-collar,married,basic.9y,0.17986273216289317
5931,40,management,married,high.school,0.1798106010608734
23920,45,technician,divorced,professional.course,0.17977489588259324
19881,35,admin.,married,university.degree,0.17976645397074154
7268,32,services,married,high.school,0.1797558445129643
11263,36,blue-collar,married,basic.4y,0.1797435057305953
15592,26,blue-collar,single,basic.9y,0.17973477513954592
26792,29,unemployed,married,basic.4y,0.17970827943498757
9501,48,technician,married,professional.course,0.17965890730590714
17794,47,blue-collar,single,unknown,0.17961620761812194
12651,38,technician,married,professional.course,0.1795707979753351
11794,40,admin.,married,university.degree,0.17955925631287048
6484,35,blue-collar,married,basic.6y,0.17950422666195492
21883,53,blue-collar,married,basic.4y,0.17949215320186604
26555,30,blue-collar,single,basic.9y,0.17936334547981023
23872,42,admin.,married,university.degree,0.17935593318047524
13070,24,student,single,high.school,0.17934871629515037
6006,46,blue-collar,married,basic.9y,0.1792620135838238
11579,35,blue-collar,married,basic.9y,0.17922197566633308
14147,22,housemaid,single,high.school,0.17919550482603908
17303,46,technician,divorced,university.degree,0.17913981348456
6998,45,blue-collar,married,basic.9y,0.17913303995637697
7733,47,entrepreneur,married,university.degree,0.1791301525929673
10211,35,admin.,single,high.school,0.17910216607316604
7600,48,admin.,married,professional.course,0.17907362220539277
10567,54,blue-collar,married,basic.9y,0.17906758736312575
21366,33,technician,single,professional.course,0.17906708132829238
602,47,blue-collar,married,basic.9y,0.1790111945015377
32605,24,services,single,high.school,0.17900845771914728
21949,37,technician,married,high.school,0.1790014886242911
11773,25,admin.,single,high.school,0.17896236539619942
14317,47,retired,single,basic.6y,0.17888291202851928
23722,59,admin.,married,high.school,0.17879740712447498
7102,34,services,divorced,professional.course,0.17878245227569042
34985,33,blue-collar,single,basic.4y,0.17876663470295281
25065,53,admin.,married,professional.course,0.17872862309706522
8231,35,blue-collar,married,basic.9y,0.17856863808060958
32659,32,technician,single,professional.course,0.17852212264048717
32448,38,blue-collar,single,high.school,0.17850845447546831
33131,43,blue-collar,married,unknown,0.17840811382538616
9994,59,retired,married,professional.course,0.17835301140544416
3472,49,technician,married,university.degree,0.17834844735662223
6929,46,admin.,married,professional.course,0.17828605647863402
4959,29,blue-collar,married,high.school,0.17824763273805783
22181,53,services,married,high.school,0.17822168155066173
1687,32,blue-collar,married,high.school,0.17822104968514352
15213,50,admin.,divorced,university.degree,0.17812955466223376
6923,33,services,married,basic.6y,0.17812420976743945
30995,34,blue-collar,married,basic.6y,0.17809625778797414
21484,32,admin.,single,university.degree,0.1780653855944514
14852,29,admin.,single,university.degree,0.1780515783331978
14488,36,self-employed,divorced,professional.course,0.178048727509875
17779,39,admin.,single,high.school,0.17803941263543469
906,31,blue-collar,single,basic.9y,0.17798423804685942
29376,40,entrepreneur,married,basic.9y,0.17796005125097936
30662,41,blue-collar,married,basic.9y,0.17795476559374263
